mode,n_ensemble,config_id,subset,regime_or_subtype,snapshot,t,d_eff_raw,d_eff_model,size_proxy_mean,cov_30_mean,errcal_30_mean,cov_50_mean,errcal_50_mean,cov_80_mean,errcal_80_mean,cov_90_mean,errcal_90_mean,cov_95_mean,errcal_95_mean
PRINCIPAL N=50,50,ID_figura_ocho_00,in_distribution,figura_ocho,1,1.5,3,3,0.0005434083433055386,0.3384615384615384,0.038461538461538436,0.5076923076923077,0.007692307692307665,0.8923076923076924,0.09230769230769231,0.9384615384615385,0.038461538461538436,0.9384615384615385,0.011538461538461497
PRINCIPAL N=50,50,ID_figura_ocho_00,in_distribution,figura_ocho,2,3.0,2,2,0.01117251058168878,0.2,0.09999999999999998,0.46153846153846156,0.038461538461538436,0.8615384615384617,0.06153846153846165,0.9230769230769231,0.023076923076923106,0.9230769230769231,0.026923076923076827
PRINCIPAL N=50,50,ID_figura_ocho_00,in_distribution,figura_ocho,3,4.5,2,2,0.008550557655573391,0.3230769230769231,0.023076923076923106,0.5692307692307692,0.0692307692307692,0.8923076923076924,0.09230769230769231,0.9384615384615385,0.038461538461538436,0.9384615384615385,0.011538461538461497
PRINCIPAL N=50,50,ID_figura_ocho_00,in_distribution,figura_ocho,4,6.0,2,2,0.005576340611462833,0.3384615384615385,0.03846153846153849,0.6923076923076924,0.1923076923076924,0.9384615384615385,0.1384615384615384,0.9538461538461538,0.053846153846153766,0.9538461538461538,0.0038461538461538325
PRINCIPAL N=50,50,ID_figura_ocho_00,in_distribution,figura_ocho,5,7.5,2,2,0.010540257033537068,0.27692307692307694,0.02307692307692305,0.5384615384615384,0.038461538461538436,0.8615384615384615,0.06153846153846143,0.8923076923076924,0.007692307692307665,0.8923076923076924,0.0576923076923076
PRINCIPAL N=50,50,ID_figura_ocho_00,in_distribution,figura_ocho,6,9.0,2,2,0.011805807539043856,0.15384615384615385,0.14615384615384613,0.3538461538461539,0.14615384615384608,0.8,0.0,0.923076923076923,0.023076923076922995,0.923076923076923,0.02692307692307694
PRINCIPAL N=50,50,ID_figura_ocho_00,in_distribution,figura_ocho,7,10.5,2,2,0.013988243879385662,0.24615384615384617,0.05384615384615382,0.5692307692307692,0.0692307692307692,0.9076923076923077,0.10769230769230764,0.9692307692307693,0.06923076923076932,0.9692307692307693,0.019230769230769384
PRINCIPAL N=50,50,ID_figura_ocho_00,in_distribution,figura_ocho,8,12.0,2,2,0.013185013660751052,0.18461538461538463,0.11538461538461536,0.38461538461538464,0.11538461538461536,0.7538461538461538,0.04615384615384621,0.923076923076923,0.023076923076922995,0.923076923076923,0.02692307692307694
PRINCIPAL N=50,50,ID_figura_ocho_00,in_distribution,figura_ocho,9,13.5,2,2,0.009720892614944968,0.26153846153846155,0.038461538461538436,0.4615384615384615,0.03846153846153849,0.7538461538461538,0.04615384615384621,0.9076923076923077,0.007692307692307665,0.9076923076923077,0.04230769230769227
PRINCIPAL N=50,50,ID_figura_ocho_00,in_distribution,figura_ocho,10,15.0,2,2,0.01337618011208025,0.3384615384615385,0.03846153846153849,0.5384615384615385,0.03846153846153855,0.9076923076923077,0.10769230769230764,0.9384615384615385,0.038461538461538436,0.9384615384615385,0.011538461538461497
PRINCIPAL N=50,50,ID_figura_ocho_01,in_distribution,figura_ocho,1,1.5,4,4,0.00034247725249193464,0.2923076923076923,0.007692307692307665,0.5538461538461539,0.05384615384615388,0.8,0.0,0.9076923076923077,0.007692307692307665,0.9076923076923077,0.04230769230769227
PRINCIPAL N=50,50,ID_figura_ocho_01,in_distribution,figura_ocho,2,3.0,2,2,0.015480890221781474,0.27692307692307694,0.02307692307692305,0.5384615384615385,0.03846153846153855,0.8923076923076924,0.09230769230769231,0.9846153846153847,0.08461538461538465,0.9846153846153847,0.034615384615384714
PRINCIPAL N=50,50,ID_figura_ocho_01,in_distribution,figura_ocho,3,4.5,2,2,0.0171453744426411,0.35384615384615387,0.05384615384615388,0.5692307692307692,0.0692307692307692,0.8153846153846154,0.01538461538461533,0.8923076923076924,0.007692307692307665,0.8923076923076924,0.0576923076923076
PRINCIPAL N=50,50,ID_figura_ocho_01,in_distribution,figura_ocho,4,6.0,2,2,0.010295688722902353,0.24615384615384617,0.05384615384615382,0.3846153846153847,0.11538461538461531,0.8615384615384615,0.06153846153846143,0.876923076923077,0.023076923076922995,0.876923076923077,0.07307692307692293
PRINCIPAL N=50,50,ID_figura_ocho_01,in_distribution,figura_ocho,5,7.5,2,2,0.025124828023488133,0.3384615384615385,0.03846153846153849,0.5538461538461539,0.05384615384615388,0.7230769230769231,0.07692307692307698,0.876923076923077,0.023076923076922995,0.876923076923077,0.07307692307692293
PRINCIPAL N=50,50,ID_figura_ocho_01,in_distribution,figura_ocho,6,9.0,2,2,0.008323153587462176,0.3230769230769231,0.023076923076923106,0.5846153846153845,0.08461538461538454,0.876923076923077,0.07692307692307698,0.9230769230769231,0.023076923076923106,0.9230769230769231,0.026923076923076827
PRINCIPAL N=50,50,ID_figura_ocho_01,in_distribution,figura_ocho,7,10.5,2,2,0.011271322747212067,0.2923076923076923,0.007692307692307665,0.5230769230769231,0.023076923076923106,0.876923076923077,0.07692307692307698,0.9692307692307693,0.06923076923076932,0.9692307692307693,0.019230769230769384
PRINCIPAL N=50,50,ID_figura_ocho_01,in_distribution,figura_ocho,8,12.0,2,2,0.017188583278666937,0.23076923076923078,0.0692307692307692,0.41538461538461535,0.08461538461538465,0.7076923076923077,0.09230769230769231,0.8615384615384615,0.03846153846153855,0.8615384615384615,0.08846153846153848
PRINCIPAL N=50,50,ID_figura_ocho_01,in_distribution,figura_ocho,9,13.5,2,2,0.0130495504919543,0.3384615384615385,0.03846153846153849,0.5692307692307692,0.0692307692307692,0.8615384615384617,0.06153846153846165,0.9230769230769231,0.023076923076923106,0.9230769230769231,0.026923076923076827
PRINCIPAL N=50,50,ID_figura_ocho_01,in_distribution,figura_ocho,10,15.0,2,2,0.011839436688336187,0.23076923076923078,0.0692307692307692,0.36923076923076925,0.13076923076923075,0.8615384615384615,0.06153846153846143,0.953846153846154,0.05384615384615399,0.953846153846154,0.0038461538461540545
PRINCIPAL N=50,50,ID_figura_ocho_02,in_distribution,figura_ocho,1,1.5,5,5,9.510517620173527e-05,0.36923076923076925,0.06923076923076926,0.5538461538461539,0.05384615384615388,0.8153846153846154,0.01538461538461533,0.8923076923076924,0.007692307692307665,0.8923076923076924,0.0576923076923076
PRINCIPAL N=50,50,ID_figura_ocho_02,in_distribution,figura_ocho,2,3.0,2,2,0.009253484989377985,0.36923076923076925,0.06923076923076926,0.5384615384615384,0.038461538461538436,0.8307692307692308,0.03076923076923077,0.9076923076923077,0.007692307692307665,0.9076923076923077,0.04230769230769227
PRINCIPAL N=50,50,ID_figura_ocho_02,in_distribution,figura_ocho,3,4.5,2,2,0.03360492783099614,0.38461538461538464,0.08461538461538465,0.5538461538461539,0.05384615384615388,0.8,0.0,0.8923076923076924,0.007692307692307665,0.8923076923076924,0.0576923076923076
PRINCIPAL N=50,50,ID_figura_ocho_02,in_distribution,figura_ocho,4,6.0,2,2,0.016774899786530503,0.27692307692307694,0.02307692307692305,0.49230769230769234,0.007692307692307665,0.8153846153846154,0.01538461538461533,0.9384615384615385,0.038461538461538436,0.9384615384615385,0.011538461538461497
PRINCIPAL N=50,50,ID_figura_ocho_02,in_distribution,figura_ocho,5,7.5,2,2,0.028258277835660744,0.3384615384615385,0.03846153846153849,0.5538461538461539,0.05384615384615388,0.8461538461538461,0.0461538461538461,0.9384615384615385,0.038461538461538436,0.9384615384615385,0.011538461538461497
PRINCIPAL N=50,50,ID_figura_ocho_02,in_distribution,figura_ocho,6,9.0,2,2,0.01868217673860109,0.27692307692307694,0.02307692307692305,0.49230769230769234,0.007692307692307665,0.8,0.0,0.9076923076923077,0.007692307692307665,0.9076923076923077,0.04230769230769227
PRINCIPAL N=50,50,ID_figura_ocho_02,in_distribution,figura_ocho,7,10.5,2,2,0.032606401302648795,0.24615384615384617,0.05384615384615382,0.523076923076923,0.023076923076922995,0.8307692307692308,0.03076923076923077,0.9384615384615385,0.038461538461538436,0.9384615384615385,0.011538461538461497
PRINCIPAL N=50,50,ID_figura_ocho_02,in_distribution,figura_ocho,8,12.0,2,2,0.024417242732806634,0.2615384615384616,0.03846153846153838,0.5076923076923077,0.007692307692307665,0.8461538461538461,0.0461538461538461,0.9384615384615385,0.038461538461538436,0.9384615384615385,0.011538461538461497
PRINCIPAL N=50,50,ID_figura_ocho_02,in_distribution,figura_ocho,9,13.5,2,2,0.021192805540983694,0.3384615384615385,0.03846153846153849,0.43076923076923074,0.06923076923076926,0.876923076923077,0.07692307692307698,0.9384615384615385,0.038461538461538436,0.9384615384615385,0.011538461538461497
PRINCIPAL N=50,50,ID_figura_ocho_02,in_distribution,figura_ocho,10,15.0,2,2,0.03257178732254316,0.2923076923076923,0.007692307692307665,0.5230769230769231,0.023076923076923106,0.8000000000000002,1.1102230246251565e-16,0.8307692307692308,0.0692307692307692,0.8307692307692308,0.11923076923076914
PRINCIPAL N=50,50,ID_figura_ocho_03,in_distribution,figura_ocho,1,1.5,3,3,0.0010110494236811444,0.3230769230769231,0.023076923076923106,0.5230769230769231,0.023076923076923106,0.876923076923077,0.07692307692307698,0.9384615384615385,0.038461538461538436,0.9384615384615385,0.011538461538461497
PRINCIPAL N=50,50,ID_figura_ocho_03,in_distribution,figura_ocho,2,3.0,2,2,0.01283572696737629,0.3230769230769231,0.023076923076923106,0.5999999999999999,0.09999999999999987,0.9076923076923077,0.10769230769230764,0.9692307692307691,0.0692307692307691,0.9692307692307691,0.019230769230769162
PRINCIPAL N=50,50,ID_figura_ocho_03,in_distribution,figura_ocho,3,4.5,2,2,0.016491349036133297,0.21538461538461537,0.08461538461538462,0.4615384615384615,0.03846153846153849,0.8615384615384615,0.06153846153846143,0.9230769230769231,0.023076923076923106,0.9230769230769231,0.026923076923076827
PRINCIPAL N=50,50,ID_figura_ocho_03,in_distribution,figura_ocho,4,6.0,2,2,0.013651299454358409,0.3230769230769231,0.023076923076923106,0.49230769230769234,0.007692307692307665,0.9076923076923077,0.10769230769230764,1.0,0.09999999999999998,1.0,0.050000000000000044
PRINCIPAL N=50,50,ID_figura_ocho_03,in_distribution,figura_ocho,5,7.5,2,2,0.013039164929617621,0.2923076923076923,0.007692307692307665,0.3076923076923077,0.1923076923076923,0.8307692307692307,0.03076923076923066,0.9230769230769231,0.023076923076923106,0.9230769230769231,0.026923076923076827
PRINCIPAL N=50,50,ID_figura_ocho_03,in_distribution,figura_ocho,6,9.0,2,2,0.008265970572297391,0.26153846153846155,0.038461538461538436,0.6,0.09999999999999998,0.876923076923077,0.07692307692307698,0.9384615384615385,0.038461538461538436,0.9384615384615385,0.011538461538461497
PRINCIPAL N=50,50,ID_figura_ocho_03,in_distribution,figura_ocho,7,10.5,2,2,0.018399419813579905,0.4153846153846154,0.11538461538461542,0.6461538461538462,0.1461538461538462,0.9076923076923078,0.10769230769230775,0.9076923076923078,0.007692307692307776,0.9076923076923078,0.04230769230769216
PRINCIPAL N=50,50,ID_figura_ocho_03,in_distribution,figura_ocho,8,12.0,2,2,0.012481941126526567,0.43076923076923085,0.13076923076923086,0.6615384615384615,0.16153846153846152,0.876923076923077,0.07692307692307698,0.876923076923077,0.023076923076922995,0.876923076923077,0.07307692307692293
PRINCIPAL N=50,50,ID_figura_ocho_03,in_distribution,figura_ocho,9,13.5,2,2,0.0213594307328929,0.27692307692307694,0.02307692307692305,0.4461538461538462,0.05384615384615382,0.6923076923076923,0.10769230769230775,0.7846153846153847,0.11538461538461531,0.7846153846153847,0.16538461538461524
PRINCIPAL N=50,50,ID_figura_ocho_03,in_distribution,figura_ocho,10,15.0,2,2,0.00959491657098612,0.43076923076923074,0.13076923076923075,0.6923076923076923,0.1923076923076923,0.8615384615384617,0.06153846153846165,0.9076923076923078,0.007692307692307776,0.9076923076923078,0.04230769230769216
PRINCIPAL N=50,50,ID_jerarquico_00,in_distribution,jerarquico,1,0.471266491421797,1,2,0.006194660994025428,0.26153846153846155,0.038461538461538436,0.6615384615384615,0.16153846153846152,0.9076923076923077,0.10769230769230764,0.9538461538461538,0.053846153846153766,0.9538461538461538,0.0038461538461538325
PRINCIPAL N=50,50,ID_jerarquico_00,in_distribution,jerarquico,2,0.942532982843594,1,2,0.005237544694576078,0.26153846153846155,0.038461538461538436,0.523076923076923,0.023076923076922995,0.876923076923077,0.07692307692307698,0.9384615384615385,0.038461538461538436,0.9384615384615385,0.011538461538461497
PRINCIPAL N=50,50,ID_jerarquico_00,in_distribution,jerarquico,3,1.413799474265391,1,2,0.003669430389358617,0.30769230769230765,0.007692307692307665,0.7076923076923076,0.20769230769230762,0.9230769230769231,0.12307692307692308,0.9846153846153847,0.08461538461538465,0.9846153846153847,0.034615384615384714
PRINCIPAL N=50,50,ID_jerarquico_00,in_distribution,jerarquico,4,1.8850659656871882,1,2,0.0052453547139099934,0.30769230769230765,0.007692307692307665,0.6615384615384616,0.16153846153846163,0.9384615384615385,0.1384615384615384,0.9846153846153847,0.08461538461538465,0.9846153846153847,0.034615384615384714
PRINCIPAL N=50,50,ID_jerarquico_00,in_distribution,jerarquico,5,2.3563324571089854,1,2,0.005423790962888106,0.3230769230769231,0.023076923076923106,0.6923076923076923,0.1923076923076923,0.9076923076923077,0.10769230769230764,0.9538461538461538,0.053846153846153766,0.9538461538461538,0.0038461538461538325
PRINCIPAL N=50,50,ID_jerarquico_00,in_distribution,jerarquico,6,2.8275989485307824,1,2,0.005186174999653957,0.3230769230769231,0.023076923076923106,0.6615384615384615,0.16153846153846152,0.9384615384615385,0.1384615384615384,0.9538461538461538,0.053846153846153766,0.9538461538461538,0.0038461538461538325
PRINCIPAL N=50,50,ID_jerarquico_00,in_distribution,jerarquico,7,3.2988654399525794,1,2,0.005324344763581931,0.13846153846153847,0.16153846153846152,0.3076923076923077,0.1923076923076923,0.676923076923077,0.12307692307692308,0.953846153846154,0.05384615384615399,0.953846153846154,0.0038461538461540545
PRINCIPAL N=50,50,ID_jerarquico_00,in_distribution,jerarquico,8,3.7701319313743764,1,2,0.005196201771932139,0.3230769230769231,0.023076923076923106,0.6615384615384615,0.16153846153846152,0.923076923076923,0.12307692307692297,0.9538461538461538,0.053846153846153766,0.9538461538461538,0.0038461538461538325
PRINCIPAL N=50,50,ID_jerarquico_00,in_distribution,jerarquico,9,4.241398422796173,1,2,0.004955944030607567,0.2461538461538461,0.05384615384615388,0.4,0.09999999999999998,0.7538461538461539,0.0461538461538461,0.8153846153846154,0.08461538461538465,0.8153846153846154,0.13461538461538458
PRINCIPAL N=50,50,ID_jerarquico_00,in_distribution,jerarquico,10,4.71266491421797,1,2,0.005208766765538457,0.3384615384615385,0.03846153846153849,0.676923076923077,0.17692307692307696,0.923076923076923,0.12307692307692297,0.9538461538461538,0.053846153846153766,0.9538461538461538,0.0038461538461538325
PRINCIPAL N=50,50,ID_jerarquico_01,in_distribution,jerarquico,1,0.4416475528509517,1,2,0.004729684028816861,0.35384615384615387,0.05384615384615388,0.6153846153846153,0.11538461538461531,0.876923076923077,0.07692307692307698,0.9538461538461538,0.053846153846153766,0.9538461538461538,0.0038461538461538325
PRINCIPAL N=50,50,ID_jerarquico_01,in_distribution,jerarquico,2,0.8832951057019034,1,2,0.005403806634487629,0.4,0.10000000000000003,0.6153846153846154,0.11538461538461542,0.9076923076923078,0.10769230769230775,0.9384615384615385,0.038461538461538436,0.9384615384615385,0.011538461538461497
PRINCIPAL N=50,50,ID_jerarquico_01,in_distribution,jerarquico,3,1.324942658552855,1,2,0.008007993996913708,0.21538461538461537,0.08461538461538462,0.6307692307692307,0.13076923076923075,0.876923076923077,0.07692307692307698,0.9692307692307693,0.06923076923076932,0.9692307692307693,0.019230769230769384
PRINCIPAL N=50,50,ID_jerarquico_01,in_distribution,jerarquico,4,1.7665902114038068,1,2,0.005600915644685175,0.4,0.10000000000000003,0.6153846153846154,0.11538461538461542,0.8615384615384615,0.06153846153846143,0.923076923076923,0.023076923076922995,0.923076923076923,0.02692307692307694
PRINCIPAL N=50,50,ID_jerarquico_01,in_distribution,jerarquico,5,2.2082377642547586,1,2,0.006012792553297881,0.4,0.10000000000000003,0.6153846153846154,0.11538461538461542,0.9076923076923077,0.10769230769230764,0.9538461538461538,0.053846153846153766,0.9538461538461538,0.0038461538461538325
PRINCIPAL N=50,50,ID_jerarquico_01,in_distribution,jerarquico,6,2.6498853171057104,1,2,0.005665973678503846,0.4,0.10000000000000003,0.6153846153846154,0.11538461538461542,0.8615384615384615,0.06153846153846143,0.923076923076923,0.023076923076922995,0.923076923076923,0.02692307692307694
PRINCIPAL N=50,50,ID_jerarquico_01,in_distribution,jerarquico,7,3.0915328699566618,1,2,0.005438035234504253,0.4,0.10000000000000003,0.6153846153846154,0.11538461538461542,0.9076923076923077,0.10769230769230764,0.9538461538461538,0.053846153846153766,0.9538461538461538,0.0038461538461538325
PRINCIPAL N=50,50,ID_jerarquico_01,in_distribution,jerarquico,8,3.5331804228076136,1,2,0.0057029726579936905,0.4,0.10000000000000003,0.6153846153846154,0.11538461538461542,0.8615384615384615,0.06153846153846143,0.9230769230769231,0.023076923076923106,0.9230769230769231,0.026923076923076827
PRINCIPAL N=50,50,ID_jerarquico_01,in_distribution,jerarquico,9,3.9748279756585654,1,2,0.005522398153745519,0.4,0.10000000000000003,0.6153846153846154,0.11538461538461542,0.9076923076923077,0.10769230769230764,0.9538461538461538,0.053846153846153766,0.9538461538461538,0.0038461538461538325
PRINCIPAL N=50,50,ID_jerarquico_01,in_distribution,jerarquico,10,4.416475528509517,1,2,0.0057285028021956215,0.4,0.10000000000000003,0.6153846153846154,0.11538461538461542,0.8615384615384615,0.06153846153846143,0.9230769230769231,0.023076923076923106,0.9230769230769231,0.026923076923076827
PRINCIPAL N=50,50,ID_jerarquico_02,in_distribution,jerarquico,1,0.36917309782390384,1,2,0.003917450022578729,0.21538461538461542,0.08461538461538456,0.4153846153846154,0.08461538461538459,0.8307692307692308,0.03076923076923077,0.9384615384615385,0.038461538461538436,0.9384615384615385,0.011538461538461497
PRINCIPAL N=50,50,ID_jerarquico_02,in_distribution,jerarquico,2,0.7383461956478077,1,2,0.004570416143306654,0.27692307692307694,0.02307692307692305,0.5538461538461539,0.05384615384615388,0.876923076923077,0.07692307692307698,0.9692307692307693,0.06923076923076932,0.9692307692307693,0.019230769230769384
PRINCIPAL N=50,50,ID_jerarquico_02,in_distribution,jerarquico,3,1.1075192934717115,1,2,0.0008188541600999613,0.36923076923076925,0.06923076923076926,0.6461538461538462,0.1461538461538462,0.9230769230769231,0.12307692307692308,0.9846153846153847,0.08461538461538465,0.9846153846153847,0.034615384615384714
PRINCIPAL N=50,50,ID_jerarquico_02,in_distribution,jerarquico,4,1.4766923912956154,1,2,0.004461428917150172,0.27692307692307694,0.02307692307692305,0.5384615384615385,0.03846153846153855,0.876923076923077,0.07692307692307698,0.9692307692307693,0.06923076923076932,0.9692307692307693,0.019230769230769384
PRINCIPAL N=50,50,ID_jerarquico_02,in_distribution,jerarquico,5,1.8458654891195192,1,2,0.001054724640945449,0.3384615384615385,0.03846153846153849,0.6,0.09999999999999998,0.9384615384615385,0.1384615384615384,0.9538461538461538,0.053846153846153766,0.9538461538461538,0.0038461538461538325
PRINCIPAL N=50,50,ID_jerarquico_02,in_distribution,jerarquico,6,2.215038586943423,1,2,0.004427619935840073,0.27692307692307694,0.02307692307692305,0.5384615384615385,0.03846153846153855,0.876923076923077,0.07692307692307698,0.9692307692307693,0.06923076923076932,0.9692307692307693,0.019230769230769384
PRINCIPAL N=50,50,ID_jerarquico_02,in_distribution,jerarquico,7,2.584211684767327,1,2,0.001223523854135776,0.3538461538461538,0.05384615384615382,0.7076923076923076,0.20769230769230762,0.9384615384615385,0.1384615384615384,0.9538461538461538,0.053846153846153766,0.9538461538461538,0.0038461538461538325
PRINCIPAL N=50,50,ID_jerarquico_02,in_distribution,jerarquico,8,2.9533847825912307,1,2,0.004423573820312415,0.27692307692307694,0.02307692307692305,0.5384615384615385,0.03846153846153855,0.876923076923077,0.07692307692307698,0.9692307692307693,0.06923076923076932,0.9692307692307693,0.019230769230769384
PRINCIPAL N=50,50,ID_jerarquico_02,in_distribution,jerarquico,9,3.3225578804151343,1,2,0.001540655238874876,0.3230769230769231,0.023076923076923106,0.5384615384615385,0.03846153846153855,0.953846153846154,0.15384615384615397,0.9692307692307693,0.06923076923076932,0.9692307692307693,0.019230769230769384
PRINCIPAL N=50,50,ID_jerarquico_02,in_distribution,jerarquico,10,3.6917309782390384,1,2,0.004483832336702143,0.27692307692307694,0.02307692307692305,0.5384615384615385,0.03846153846153855,0.876923076923077,0.07692307692307698,0.9692307692307693,0.06923076923076932,0.9692307692307693,0.019230769230769384
PRINCIPAL N=50,50,ID_jerarquico_03,in_distribution,jerarquico,1,0.4524831053122072,1,2,0.0033484398216497386,0.4,0.10000000000000003,0.6,0.09999999999999998,0.8923076923076924,0.09230769230769231,0.9846153846153847,0.08461538461538465,0.9846153846153847,0.034615384615384714
PRINCIPAL N=50,50,ID_jerarquico_03,in_distribution,jerarquico,2,0.9049662106244144,1,2,0.008438200683124607,0.27692307692307694,0.02307692307692305,0.6307692307692309,0.13076923076923086,0.8923076923076924,0.09230769230769231,0.9846153846153847,0.08461538461538465,0.9846153846153847,0.034615384615384714
PRINCIPAL N=50,50,ID_jerarquico_03,in_distribution,jerarquico,3,1.3574493159366217,1,2,0.007272517411110288,0.27692307692307694,0.02307692307692305,0.6923076923076923,0.1923076923076923,0.9538461538461538,0.15384615384615374,0.9846153846153847,0.08461538461538465,0.9846153846153847,0.034615384615384714
PRINCIPAL N=50,50,ID_jerarquico_03,in_distribution,jerarquico,4,1.8099324212488288,1,2,0.008280463405318515,0.32307692307692315,0.02307692307692316,0.6153846153846153,0.11538461538461531,0.8153846153846154,0.01538461538461533,0.8769230769230768,0.023076923076923217,0.8769230769230768,0.07307692307692315
PRINCIPAL N=50,50,ID_jerarquico_03,in_distribution,jerarquico,5,2.262415526561036,1,2,0.008457674865779313,0.27692307692307694,0.02307692307692305,0.4461538461538462,0.05384615384615382,0.7384615384615385,0.06153846153846154,0.8153846153846155,0.08461538461538454,0.8153846153846155,0.13461538461538447
PRINCIPAL N=50,50,ID_jerarquico_03,in_distribution,jerarquico,6,2.7148986318732433,1,2,0.008206607822605924,0.36923076923076925,0.06923076923076926,0.5846153846153845,0.08461538461538454,0.8307692307692308,0.03076923076923077,1.0,0.09999999999999998,1.0,0.050000000000000044
PRINCIPAL N=50,50,ID_jerarquico_03,in_distribution,jerarquico,7,3.1673817371854507,1,2,0.008801923611527106,0.27692307692307694,0.02307692307692305,0.5692307692307692,0.0692307692307692,0.9076923076923077,0.10769230769230764,0.9538461538461538,0.053846153846153766,0.9538461538461538,0.0038461538461538325
PRINCIPAL N=50,50,ID_jerarquico_03,in_distribution,jerarquico,8,3.6198648424976576,1,2,0.008215428531267107,0.36923076923076925,0.06923076923076926,0.5846153846153845,0.08461538461538454,0.8307692307692308,0.03076923076923077,1.0,0.09999999999999998,1.0,0.050000000000000044
PRINCIPAL N=50,50,ID_jerarquico_03,in_distribution,jerarquico,9,4.072347947809865,1,2,0.009031167059657761,0.4153846153846154,0.11538461538461542,0.7538461538461538,0.25384615384615383,0.9384615384615385,0.1384615384615384,0.9846153846153847,0.08461538461538465,0.9846153846153847,0.034615384615384714
PRINCIPAL N=50,50,ID_jerarquico_03,in_distribution,jerarquico,10,4.524831053122072,2,2,0.007150288087762026,0.4615384615384615,0.16153846153846152,0.5846153846153845,0.08461538461538454,0.8615384615384617,0.06153846153846165,0.9692307692307693,0.06923076923076932,0.9692307692307693,0.019230769230769384
PRINCIPAL N=50,50,ID_resonancia_00,in_distribution,resonancia,1,0.39678810308029255,1,2,0.010445319209624614,0.38461538461538464,0.08461538461538465,0.6615384615384615,0.16153846153846152,0.8923076923076924,0.09230769230769231,0.9692307692307693,0.06923076923076932,0.9692307692307693,0.019230769230769384
PRINCIPAL N=50,50,ID_resonancia_00,in_distribution,resonancia,2,0.7935762061605851,2,2,0.008511618894918176,0.4,0.10000000000000003,0.6615384615384615,0.16153846153846152,0.876923076923077,0.07692307692307698,0.9384615384615385,0.038461538461538436,0.9384615384615385,0.011538461538461497
PRINCIPAL N=50,50,ID_resonancia_00,in_distribution,resonancia,3,1.1903643092408775,2,2,0.02264795366206917,0.3076923076923077,0.0076923076923077205,0.476923076923077,0.023076923076922995,0.8153846153846155,0.015384615384615441,0.876923076923077,0.023076923076922995,0.876923076923077,0.07307692307692293
PRINCIPAL N=50,50,ID_resonancia_00,in_distribution,resonancia,4,1.5871524123211702,1,2,0.0049347837546216845,0.39999999999999997,0.09999999999999998,0.523076923076923,0.023076923076922995,0.923076923076923,0.12307692307692297,0.9846153846153847,0.08461538461538465,0.9846153846153847,0.034615384615384714
PRINCIPAL N=50,50,ID_resonancia_00,in_distribution,resonancia,5,1.9839405154014629,1,2,0.005931942310718581,0.3230769230769231,0.023076923076923106,0.5538461538461539,0.05384615384615388,0.8,0.0,0.9538461538461538,0.053846153846153766,0.9538461538461538,0.0038461538461538325
PRINCIPAL N=50,50,ID_resonancia_00,in_distribution,resonancia,6,2.3807286184817555,1,2,0.006630426191758998,0.41538461538461535,0.11538461538461536,0.5076923076923077,0.007692307692307665,0.876923076923077,0.07692307692307698,0.923076923076923,0.023076923076922995,0.923076923076923,0.02692307692307694
PRINCIPAL N=50,50,ID_resonancia_00,in_distribution,resonancia,7,2.7775167215620478,2,2,0.003807916834256398,0.41538461538461535,0.11538461538461536,0.5230769230769231,0.023076923076923106,0.9230769230769231,0.12307692307692308,0.9846153846153847,0.08461538461538465,0.9846153846153847,0.034615384615384714
PRINCIPAL N=50,50,ID_resonancia_00,in_distribution,resonancia,8,3.1743048246423404,2,2,0.005530791380874048,0.3538461538461538,0.05384615384615382,0.5692307692307693,0.06923076923076932,0.676923076923077,0.12307692307692308,0.9538461538461538,0.053846153846153766,0.9538461538461538,0.0038461538461538325
PRINCIPAL N=50,50,ID_resonancia_00,in_distribution,resonancia,9,3.571092927722633,2,2,0.004964151566346882,0.3538461538461538,0.05384615384615382,0.5384615384615384,0.038461538461538436,0.8,0.0,0.9230769230769231,0.023076923076923106,0.9230769230769231,0.026923076923076827
PRINCIPAL N=50,50,ID_resonancia_00,in_distribution,resonancia,10,3.9678810308029258,2,2,0.012185656116334058,0.3384615384615385,0.03846153846153849,0.5384615384615384,0.038461538461538436,0.7230769230769231,0.07692307692307698,0.8769230769230768,0.023076923076923217,0.8769230769230768,0.07307692307692315
PRINCIPAL N=50,50,ID_resonancia_01,in_distribution,resonancia,1,0.43580603477803204,1,2,0.004882060066484601,0.2,0.09999999999999998,0.4461538461538462,0.05384615384615382,0.8,0.0,0.876923076923077,0.023076923076922995,0.876923076923077,0.07307692307692293
PRINCIPAL N=50,50,ID_resonancia_01,in_distribution,resonancia,2,0.8716120695560641,1,2,0.005076090136014724,0.2,0.09999999999999998,0.43076923076923085,0.06923076923076915,0.8153846153846154,0.01538461538461533,0.9384615384615385,0.038461538461538436,0.9384615384615385,0.011538461538461497
PRINCIPAL N=50,50,ID_resonancia_01,in_distribution,resonancia,3,1.3074181043340962,1,2,0.007467081764396801,0.43076923076923085,0.13076923076923086,0.6307692307692306,0.13076923076923064,0.8615384615384615,0.06153846153846143,0.9846153846153847,0.08461538461538465,0.9846153846153847,0.034615384615384714
PRINCIPAL N=50,50,ID_resonancia_01,in_distribution,resonancia,4,1.7432241391121281,1,2,0.012700762546956082,0.4,0.10000000000000003,0.5076923076923078,0.007692307692307776,0.7076923076923077,0.09230769230769231,0.8153846153846154,0.08461538461538465,0.8153846153846154,0.13461538461538458
PRINCIPAL N=50,50,ID_resonancia_01,in_distribution,resonancia,5,2.17903017389016,1,2,0.014859268850193414,0.43076923076923085,0.13076923076923086,0.6615384615384616,0.16153846153846163,0.9230769230769231,0.12307692307692308,0.9384615384615385,0.038461538461538436,0.9384615384615385,0.011538461538461497
PRINCIPAL N=50,50,ID_resonancia_01,in_distribution,resonancia,6,2.614836208668192,1,2,0.0037719985000171804,0.4461538461538462,0.1461538461538462,0.6615384615384616,0.16153846153846163,0.9230769230769231,0.12307692307692308,0.9384615384615385,0.038461538461538436,0.9384615384615385,0.011538461538461497
PRINCIPAL N=50,50,ID_resonancia_01,in_distribution,resonancia,7,3.0506422434462244,1,2,0.0071401106142401334,0.4461538461538462,0.1461538461538462,0.6615384615384616,0.16153846153846163,0.9230769230769231,0.12307692307692308,0.9384615384615385,0.038461538461538436,0.9384615384615385,0.011538461538461497
PRINCIPAL N=50,50,ID_resonancia_01,in_distribution,resonancia,8,3.4864482782242563,1,2,0.011742169564440273,0.4461538461538462,0.1461538461538462,0.6461538461538462,0.1461538461538462,0.876923076923077,0.07692307692307698,0.9076923076923077,0.007692307692307665,0.9076923076923077,0.04230769230769227
PRINCIPAL N=50,50,ID_resonancia_01,in_distribution,resonancia,9,3.922254313002288,2,2,0.006744457028492886,0.46153846153846156,0.16153846153846158,0.6615384615384616,0.16153846153846163,0.876923076923077,0.07692307692307698,0.9076923076923077,0.007692307692307665,0.9076923076923077,0.04230769230769227
PRINCIPAL N=50,50,ID_resonancia_01,in_distribution,resonancia,10,4.35806034778032,3,3,0.008499824922570707,0.24615384615384617,0.05384615384615382,0.4153846153846154,0.08461538461538459,0.7692307692307692,0.030769230769230882,0.9538461538461538,0.053846153846153766,0.9538461538461538,0.0038461538461538325
PRINCIPAL N=50,50,ID_resonancia_02,in_distribution,resonancia,1,0.36225977028621276,1,2,0.01732679112609655,0.3230769230769231,0.023076923076923106,0.5384615384615384,0.038461538461538436,0.8615384615384617,0.06153846153846165,0.9230769230769231,0.023076923076923106,0.9230769230769231,0.026923076923076827
PRINCIPAL N=50,50,ID_resonancia_02,in_distribution,resonancia,2,0.7245195405724254,2,2,0.015105253515168619,0.26153846153846155,0.038461538461538436,0.4769230769230769,0.023076923076923106,0.8307692307692308,0.03076923076923077,0.9076923076923077,0.007692307692307665,0.9076923076923077,0.04230769230769227
PRINCIPAL N=50,50,ID_resonancia_02,in_distribution,resonancia,3,1.086779310858638,2,2,0.02129418054641253,0.4,0.10000000000000003,0.6,0.09999999999999998,0.8923076923076924,0.09230769230769231,0.9692307692307693,0.06923076923076932,0.9692307692307693,0.019230769230769384
PRINCIPAL N=50,50,ID_resonancia_02,in_distribution,resonancia,4,1.4490390811448508,2,2,0.010323479390387478,0.2923076923076923,0.007692307692307665,0.4461538461538462,0.05384615384615382,0.876923076923077,0.07692307692307698,0.9692307692307693,0.06923076923076932,0.9692307692307693,0.019230769230769384
PRINCIPAL N=50,50,ID_resonancia_02,in_distribution,resonancia,5,1.8112988514310635,2,2,0.006731078010745945,0.2923076923076923,0.007692307692307665,0.49230769230769234,0.007692307692307665,0.876923076923077,0.07692307692307698,0.9538461538461538,0.053846153846153766,0.9538461538461538,0.0038461538461538325
PRINCIPAL N=50,50,ID_resonancia_02,in_distribution,resonancia,6,2.173558621717276,1,2,0.005513105812146886,0.27692307692307694,0.02307692307692305,0.5076923076923077,0.007692307692307665,0.8769230769230768,0.07692307692307676,0.9538461538461538,0.053846153846153766,0.9538461538461538,0.0038461538461538325
PRINCIPAL N=50,50,ID_resonancia_02,in_distribution,resonancia,7,2.535818392003489,1,2,0.003962394857282105,0.38461538461538464,0.08461538461538465,0.6153846153846153,0.11538461538461531,0.8769230769230768,0.07692307692307676,0.953846153846154,0.05384615384615399,0.953846153846154,0.0038461538461540545
PRINCIPAL N=50,50,ID_resonancia_02,in_distribution,resonancia,8,2.898078162289702,1,2,0.002412384715981081,0.27692307692307694,0.02307692307692305,0.5692307692307692,0.0692307692307692,0.8769230769230768,0.07692307692307676,0.953846153846154,0.05384615384615399,0.953846153846154,0.0038461538461540545
PRINCIPAL N=50,50,ID_resonancia_02,in_distribution,resonancia,9,3.2603379325759145,1,2,0.003824383062097751,0.38461538461538464,0.08461538461538465,0.6,0.09999999999999998,0.8769230769230768,0.07692307692307676,0.953846153846154,0.05384615384615399,0.953846153846154,0.0038461538461540545
PRINCIPAL N=50,50,ID_resonancia_02,in_distribution,resonancia,10,3.6225977028621275,2,2,0.006083685032520703,0.3230769230769231,0.023076923076923106,0.5846153846153845,0.08461538461538454,0.8769230769230768,0.07692307692307676,0.953846153846154,0.05384615384615399,0.953846153846154,0.0038461538461540545
PRINCIPAL N=50,50,ID_resonancia_03,in_distribution,resonancia,1,0.3923686895518708,1,2,0.006646975138606422,0.43076923076923074,0.13076923076923075,0.5846153846153845,0.08461538461538454,0.8615384615384615,0.06153846153846143,0.9230769230769231,0.023076923076923106,0.9230769230769231,0.026923076923076827
PRINCIPAL N=50,50,ID_resonancia_03,in_distribution,resonancia,2,0.7847373791037415,2,2,0.020586476695803903,0.4,0.10000000000000003,0.5846153846153846,0.08461538461538465,0.8615384615384615,0.06153846153846143,0.9230769230769231,0.023076923076923106,0.9230769230769231,0.026923076923076827
PRINCIPAL N=50,50,ID_resonancia_03,in_distribution,resonancia,3,1.1771060686556123,1,2,0.011010882577579935,0.38461538461538464,0.08461538461538465,0.676923076923077,0.17692307692307696,0.8461538461538461,0.0461538461538461,0.8923076923076924,0.007692307692307665,0.8923076923076924,0.0576923076923076
PRINCIPAL N=50,50,ID_resonancia_03,in_distribution,resonancia,4,1.569474758207483,1,2,0.008027039627193217,0.27692307692307694,0.02307692307692305,0.4461538461538462,0.05384615384615382,0.8153846153846154,0.01538461538461533,0.9846153846153847,0.08461538461538465,0.9846153846153847,0.034615384615384714
PRINCIPAL N=50,50,ID_resonancia_03,in_distribution,resonancia,5,1.9618434477593538,2,2,0.024092981777833672,0.26153846153846155,0.038461538461538436,0.5999999999999999,0.09999999999999987,0.876923076923077,0.07692307692307698,0.9384615384615385,0.038461538461538436,0.9384615384615385,0.011538461538461497
PRINCIPAL N=50,50,ID_resonancia_03,in_distribution,resonancia,6,2.3542121373112246,2,2,0.01576702307524839,0.24615384615384617,0.05384615384615382,0.46153846153846156,0.038461538461538436,0.6923076923076923,0.10769230769230775,0.8307692307692308,0.0692307692307692,0.8307692307692308,0.11923076923076914
PRINCIPAL N=50,50,ID_resonancia_03,in_distribution,resonancia,7,2.7465808268630956,2,2,0.01172189550386859,0.24615384615384617,0.05384615384615382,0.46153846153846156,0.038461538461538436,0.8,0.0,0.8153846153846154,0.08461538461538465,0.8153846153846154,0.13461538461538458
PRINCIPAL N=50,50,ID_resonancia_03,in_distribution,resonancia,8,3.138949516414966,3,3,0.0007028640134918192,0.2,0.09999999999999998,0.49230769230769234,0.007692307692307665,0.8461538461538461,0.0461538461538461,0.9076923076923078,0.007692307692307776,0.9076923076923078,0.04230769230769216
PRINCIPAL N=50,50,ID_resonancia_03,in_distribution,resonancia,9,3.531318205966837,2,2,0.01026348561772468,0.26153846153846155,0.038461538461538436,0.5538461538461539,0.05384615384615388,0.8461538461538461,0.0461538461538461,0.9230769230769231,0.023076923076923106,0.9230769230769231,0.026923076923076827
PRINCIPAL N=50,50,ID_resonancia_03,in_distribution,resonancia,10,3.923686895518708,4,4,0.004877659029376036,0.43076923076923074,0.13076923076923075,0.6,0.09999999999999998,0.9384615384615385,0.1384615384615384,0.9846153846153847,0.08461538461538465,0.9846153846153847,0.034615384615384714
PRINCIPAL N=50,50,ID_euler_colineal_00,in_distribution,euler_colineal,1,1.5,1,2,0.0033626039255132516,0.23076923076923078,0.0692307692307692,0.4461538461538462,0.05384615384615382,0.8923076923076924,0.09230769230769231,0.9846153846153847,0.08461538461538465,0.9846153846153847,0.034615384615384714
PRINCIPAL N=50,50,ID_euler_colineal_00,in_distribution,euler_colineal,2,3.0,2,2,0.00016302241467102075,0.23076923076923075,0.06923076923076923,0.44615384615384607,0.05384615384615393,0.923076923076923,0.12307692307692297,0.953846153846154,0.05384615384615399,0.953846153846154,0.0038461538461540545
PRINCIPAL N=50,50,ID_euler_colineal_00,in_distribution,euler_colineal,3,4.5,2,2,0.0007794417309514665,0.23076923076923075,0.06923076923076923,0.41538461538461535,0.08461538461538465,0.923076923076923,0.12307692307692297,0.953846153846154,0.05384615384615399,0.953846153846154,0.0038461538461540545
PRINCIPAL N=50,50,ID_euler_colineal_00,in_distribution,euler_colineal,4,6.0,3,3,0.006251189979090371,0.23076923076923075,0.06923076923076923,0.43076923076923074,0.06923076923076926,0.8923076923076924,0.09230769230769231,0.953846153846154,0.05384615384615399,0.953846153846154,0.0038461538461540545
PRINCIPAL N=50,50,ID_euler_colineal_00,in_distribution,euler_colineal,5,7.5,6,6,1.414643952072974e-08,0.3230769230769231,0.023076923076923106,0.6307692307692309,0.13076923076923086,0.9076923076923078,0.10769230769230775,0.9230769230769231,0.023076923076923106,0.9230769230769231,0.026923076923076827
PRINCIPAL N=50,50,ID_euler_colineal_00,in_distribution,euler_colineal,6,9.0,7,7,0.012231395608571933,0.32307692307692315,0.02307692307692316,0.5538461538461539,0.05384615384615388,0.9076923076923078,0.10769230769230775,0.9230769230769231,0.023076923076923106,0.9230769230769231,0.026923076923076827
PRINCIPAL N=50,50,ID_euler_colineal_00,in_distribution,euler_colineal,7,10.5,8,8,4.880297030938703e-05,0.36923076923076925,0.06923076923076926,0.6,0.09999999999999998,0.8461538461538461,0.0461538461538461,0.9230769230769231,0.023076923076923106,0.9230769230769231,0.026923076923076827
PRINCIPAL N=50,50,ID_euler_colineal_00,in_distribution,euler_colineal,8,12.0,7,7,7.240112405378627e-05,0.24615384615384617,0.05384615384615382,0.5538461538461539,0.05384615384615388,0.7692307692307694,0.03076923076923066,0.8153846153846155,0.08461538461538454,0.8153846153846155,0.13461538461538447
PRINCIPAL N=50,50,ID_euler_colineal_00,in_distribution,euler_colineal,9,13.5,7,7,4.5937596242237966e-05,0.4,0.10000000000000003,0.523076923076923,0.023076923076922995,0.876923076923077,0.07692307692307698,0.9692307692307693,0.06923076923076932,0.9692307692307693,0.019230769230769384
PRINCIPAL N=50,50,ID_euler_colineal_00,in_distribution,euler_colineal,10,15.0,7,7,5.480712870950923e-06,0.4,0.10000000000000003,0.6615384615384615,0.16153846153846152,0.876923076923077,0.07692307692307698,0.9692307692307693,0.06923076923076932,0.9692307692307693,0.019230769230769384
PRINCIPAL N=50,50,ID_euler_colineal_01,in_distribution,euler_colineal,1,1.5,2,2,0.0011417884243689089,0.27692307692307694,0.02307692307692305,0.6,0.09999999999999998,0.923076923076923,0.12307692307692297,0.9692307692307693,0.06923076923076932,0.9692307692307693,0.019230769230769384
PRINCIPAL N=50,50,ID_euler_colineal_01,in_distribution,euler_colineal,2,3.0,2,2,0.13798345553284014,0.4769230769230769,0.1769230769230769,0.6307692307692309,0.13076923076923086,0.923076923076923,0.12307692307692297,0.9692307692307693,0.06923076923076932,0.9692307692307693,0.019230769230769384
PRINCIPAL N=50,50,ID_euler_colineal_01,in_distribution,euler_colineal,3,4.5,3,3,0.8530241351210665,0.2615384615384616,0.03846153846153838,0.41538461538461535,0.08461538461538465,0.876923076923077,0.07692307692307698,0.9846153846153847,0.08461538461538465,0.9846153846153847,0.034615384615384714
PRINCIPAL N=50,50,ID_euler_colineal_01,in_distribution,euler_colineal,4,6.0,4,4,0.02903294301071458,0.2615384615384616,0.03846153846153838,0.41538461538461535,0.08461538461538465,0.876923076923077,0.07692307692307698,0.9846153846153847,0.08461538461538465,0.9846153846153847,0.034615384615384714
PRINCIPAL N=50,50,ID_euler_colineal_01,in_distribution,euler_colineal,5,7.5,4,4,0.0052583100681056335,0.2615384615384616,0.03846153846153838,0.41538461538461535,0.08461538461538465,0.876923076923077,0.07692307692307698,0.9846153846153847,0.08461538461538465,0.9846153846153847,0.034615384615384714
PRINCIPAL N=50,50,ID_euler_colineal_01,in_distribution,euler_colineal,6,9.0,6,6,0.00014471298593965364,0.2615384615384616,0.03846153846153838,0.41538461538461535,0.08461538461538465,0.876923076923077,0.07692307692307698,0.9846153846153847,0.08461538461538465,0.9846153846153847,0.034615384615384714
PRINCIPAL N=50,50,ID_euler_colineal_01,in_distribution,euler_colineal,7,10.5,6,6,0.001420071791868054,0.3384615384615385,0.03846153846153849,0.5692307692307693,0.06923076923076932,0.8923076923076924,0.09230769230769231,0.9846153846153847,0.08461538461538465,0.9846153846153847,0.034615384615384714
PRINCIPAL N=50,50,ID_euler_colineal_01,in_distribution,euler_colineal,8,12.0,6,6,8.372905894014782e-05,0.27692307692307694,0.02307692307692305,0.5384615384615385,0.03846153846153855,0.9384615384615385,0.1384615384615384,0.9846153846153847,0.08461538461538465,0.9846153846153847,0.034615384615384714
PRINCIPAL N=50,50,ID_euler_colineal_01,in_distribution,euler_colineal,9,13.5,6,6,4.984919261233887e-05,0.30769230769230776,0.007692307692307776,0.4923076923076922,0.007692307692307776,0.8,0.0,0.8461538461538461,0.05384615384615388,0.8461538461538461,0.10384615384615381
PRINCIPAL N=50,50,ID_euler_colineal_01,in_distribution,euler_colineal,10,15.0,5,5,0.0001672518077378552,0.3384615384615385,0.03846153846153849,0.6923076923076923,0.1923076923076923,0.876923076923077,0.07692307692307698,0.9692307692307693,0.06923076923076932,0.9692307692307693,0.019230769230769384
PRINCIPAL N=50,50,ID_euler_colineal_02,in_distribution,euler_colineal,1,1.5,1,2,0.007391102948191852,0.3384615384615384,0.038461538461538436,0.476923076923077,0.023076923076922995,0.876923076923077,0.07692307692307698,0.9846153846153847,0.08461538461538465,0.9846153846153847,0.034615384615384714
PRINCIPAL N=50,50,ID_euler_colineal_02,in_distribution,euler_colineal,2,3.0,1,2,0.0047874215572311475,0.2615384615384616,0.03846153846153838,0.43076923076923074,0.06923076923076926,0.8153846153846155,0.015384615384615441,0.9846153846153847,0.08461538461538465,0.9846153846153847,0.034615384615384714
PRINCIPAL N=50,50,ID_euler_colineal_02,in_distribution,euler_colineal,3,4.5,2,2,0.02180874577544139,0.3846153846153846,0.08461538461538459,0.6461538461538462,0.1461538461538462,0.8307692307692307,0.03076923076923066,0.8615384615384615,0.03846153846153855,0.8615384615384615,0.08846153846153848
PRINCIPAL N=50,50,ID_euler_colineal_02,in_distribution,euler_colineal,4,6.0,5,5,0.0006316312717876913,0.38461538461538464,0.08461538461538465,0.6307692307692307,0.13076923076923075,0.876923076923077,0.07692307692307698,0.9846153846153847,0.08461538461538465,0.9846153846153847,0.034615384615384714
PRINCIPAL N=50,50,ID_euler_colineal_02,in_distribution,euler_colineal,5,7.5,6,6,0.00402671061720662,0.2615384615384615,0.03846153846153849,0.4769230769230769,0.023076923076923106,0.8769230769230768,0.07692307692307676,0.9692307692307693,0.06923076923076932,0.9692307692307693,0.019230769230769384
PRINCIPAL N=50,50,ID_euler_colineal_02,in_distribution,euler_colineal,6,9.0,7,7,0.053611953906460216,0.27692307692307694,0.02307692307692305,0.5538461538461539,0.05384615384615388,0.9076923076923077,0.10769230769230764,0.9076923076923077,0.007692307692307665,0.9076923076923077,0.04230769230769227
PRINCIPAL N=50,50,ID_euler_colineal_02,in_distribution,euler_colineal,7,10.5,7,7,0.11060766702298228,0.24615384615384617,0.05384615384615382,0.5230769230769231,0.023076923076923106,0.8307692307692308,0.03076923076923077,0.8769230769230768,0.023076923076923217,0.8769230769230768,0.07307692307692315
PRINCIPAL N=50,50,ID_euler_colineal_02,in_distribution,euler_colineal,8,12.0,8,8,0.06361367068924006,0.2615384615384615,0.03846153846153849,0.46153846153846156,0.038461538461538436,0.8307692307692308,0.03076923076923077,0.9076923076923078,0.007692307692307776,0.9076923076923078,0.04230769230769216
PRINCIPAL N=50,50,ID_euler_colineal_02,in_distribution,euler_colineal,9,13.5,7,7,0.10402557020035494,0.2615384615384616,0.03846153846153838,0.6153846153846153,0.11538461538461531,0.8461538461538461,0.0461538461538461,0.9692307692307693,0.06923076923076932,0.9692307692307693,0.019230769230769384
PRINCIPAL N=50,50,ID_euler_colineal_02,in_distribution,euler_colineal,10,15.0,6,6,0.07338369333309856,0.18461538461538463,0.11538461538461536,0.49230769230769234,0.007692307692307665,0.8307692307692308,0.03076923076923077,0.8923076923076924,0.007692307692307665,0.8923076923076924,0.0576923076923076
PRINCIPAL N=50,50,ID_euler_colineal_03,in_distribution,euler_colineal,1,1.5,1,2,0.00573850414317364,0.3230769230769231,0.023076923076923106,0.6615384615384615,0.16153846153846152,0.8923076923076924,0.09230769230769231,1.0,0.09999999999999998,1.0,0.050000000000000044
PRINCIPAL N=50,50,ID_euler_colineal_03,in_distribution,euler_colineal,2,3.0,2,2,0.004010649358967981,0.3230769230769231,0.023076923076923106,0.6461538461538462,0.1461538461538462,0.923076923076923,0.12307692307692297,1.0,0.09999999999999998,1.0,0.050000000000000044
PRINCIPAL N=50,50,ID_euler_colineal_03,in_distribution,euler_colineal,3,4.5,2,2,0.00043554649961310385,0.1692307692307692,0.13076923076923078,0.4461538461538462,0.05384615384615382,0.8615384615384615,0.06153846153846143,0.9846153846153847,0.08461538461538465,0.9846153846153847,0.034615384615384714
PRINCIPAL N=50,50,ID_euler_colineal_03,in_distribution,euler_colineal,4,6.0,4,4,9.516123252706112e-06,0.18461538461538463,0.11538461538461536,0.43076923076923085,0.06923076923076915,0.9230769230769231,0.12307692307692308,0.9384615384615385,0.038461538461538436,0.9384615384615385,0.011538461538461497
PRINCIPAL N=50,50,ID_euler_colineal_03,in_distribution,euler_colineal,5,7.5,5,5,1.3760016626264642e-05,0.24615384615384617,0.05384615384615382,0.5692307692307692,0.0692307692307692,0.8,0.0,0.8923076923076924,0.007692307692307665,0.8923076923076924,0.0576923076923076
PRINCIPAL N=50,50,ID_euler_colineal_03,in_distribution,euler_colineal,6,9.0,6,6,0.0033022495545750757,0.2615384615384616,0.03846153846153838,0.47692307692307684,0.02307692307692316,0.8461538461538461,0.0461538461538461,0.8923076923076924,0.007692307692307665,0.8923076923076924,0.0576923076923076
PRINCIPAL N=50,50,ID_euler_colineal_03,in_distribution,euler_colineal,7,10.5,7,7,0.002541504104173164,0.30769230769230776,0.007692307692307776,0.6153846153846153,0.11538461538461531,0.8615384615384615,0.06153846153846143,0.9076923076923077,0.007692307692307665,0.9076923076923077,0.04230769230769227
PRINCIPAL N=50,50,ID_euler_colineal_03,in_distribution,euler_colineal,8,12.0,8,8,0.0014333450904269608,0.4,0.10000000000000003,0.676923076923077,0.17692307692307696,0.9076923076923077,0.10769230769230764,0.9692307692307691,0.0692307692307691,0.9692307692307691,0.019230769230769162
PRINCIPAL N=50,50,ID_euler_colineal_03,in_distribution,euler_colineal,9,13.5,8,8,0.0004685153238401605,0.27692307692307694,0.02307692307692305,0.43076923076923074,0.06923076923076926,0.8615384615384615,0.06153846153846143,0.8923076923076924,0.007692307692307665,0.8923076923076924,0.0576923076923076
PRINCIPAL N=50,50,ID_euler_colineal_03,in_distribution,euler_colineal,10,15.0,8,8,0.0001512356889296613,0.3846153846153846,0.08461538461538459,0.6461538461538461,0.14615384615384608,0.9230769230769231,0.12307692307692308,0.9692307692307691,0.0692307692307691,0.9692307692307691,0.019230769230769162
PRINCIPAL N=50,50,ID_masas_asimetricas_00,in_distribution,masas_asimetricas,1,0.7047131801114512,1,2,0.00165392792694561,0.3076923076923077,0.0076923076923077205,0.6307692307692309,0.13076923076923086,0.9076923076923077,0.10769230769230764,0.9538461538461538,0.053846153846153766,0.9538461538461538,0.0038461538461538325
PRINCIPAL N=50,50,ID_masas_asimetricas_00,in_distribution,masas_asimetricas,2,1.4094263602229025,2,2,0.004894192895575776,0.4461538461538462,0.1461538461538462,0.7076923076923076,0.20769230769230762,0.8615384615384615,0.06153846153846143,0.9076923076923077,0.007692307692307665,0.9076923076923077,0.04230769230769227
PRINCIPAL N=50,50,ID_masas_asimetricas_00,in_distribution,masas_asimetricas,3,2.114139540334354,1,2,0.006325219402177592,0.3230769230769231,0.023076923076923106,0.5538461538461539,0.05384615384615388,0.876923076923077,0.07692307692307698,0.9538461538461538,0.053846153846153766,0.9538461538461538,0.0038461538461538325
PRINCIPAL N=50,50,ID_masas_asimetricas_00,in_distribution,masas_asimetricas,4,2.818852720445805,1,2,0.008002293204670307,0.32307692307692315,0.02307692307692316,0.6461538461538462,0.1461538461538462,0.8923076923076924,0.09230769230769231,0.953846153846154,0.05384615384615399,0.953846153846154,0.0038461538461540545
PRINCIPAL N=50,50,ID_masas_asimetricas_00,in_distribution,masas_asimetricas,5,3.523565900557256,1,2,0.0066276599469774515,0.24615384615384617,0.05384615384615382,0.4615384615384615,0.03846153846153849,0.876923076923077,0.07692307692307698,0.9230769230769231,0.023076923076923106,0.9230769230769231,0.026923076923076827
PRINCIPAL N=50,50,ID_masas_asimetricas_00,in_distribution,masas_asimetricas,6,4.228279080668707,1,2,0.0064075901534612675,0.3384615384615385,0.03846153846153849,0.6615384615384615,0.16153846153846152,0.876923076923077,0.07692307692307698,0.9384615384615385,0.038461538461538436,0.9384615384615385,0.011538461538461497
PRINCIPAL N=50,50,ID_masas_asimetricas_00,in_distribution,masas_asimetricas,7,4.932992260780159,1,2,0.007247801064751239,0.3384615384615385,0.03846153846153849,0.676923076923077,0.17692307692307696,0.876923076923077,0.07692307692307698,0.9384615384615385,0.038461538461538436,0.9384615384615385,0.011538461538461497
PRINCIPAL N=50,50,ID_masas_asimetricas_00,in_distribution,masas_asimetricas,8,5.63770544089161,1,2,0.005599634949662542,0.35384615384615387,0.05384615384615388,0.49230769230769234,0.007692307692307665,0.7692307692307694,0.03076923076923066,0.9076923076923077,0.007692307692307665,0.9076923076923077,0.04230769230769227
PRINCIPAL N=50,50,ID_masas_asimetricas_00,in_distribution,masas_asimetricas,9,6.342418621003061,2,2,0.011811454995068815,0.3384615384615385,0.03846153846153849,0.4769230769230769,0.023076923076923106,0.8,0.0,0.9384615384615385,0.038461538461538436,0.9384615384615385,0.011538461538461497
PRINCIPAL N=50,50,ID_masas_asimetricas_00,in_distribution,masas_asimetricas,10,7.047131801114512,1,2,0.004274553476838433,0.21538461538461542,0.08461538461538456,0.5076923076923078,0.007692307692307776,0.7846153846153847,0.01538461538461533,0.9076923076923077,0.007692307692307665,0.9076923076923077,0.04230769230769227
PRINCIPAL N=50,50,ID_masas_asimetricas_01,in_distribution,masas_asimetricas,1,0.8978404335466046,1,2,0.005396875484466851,0.27692307692307694,0.02307692307692305,0.5538461538461539,0.05384615384615388,0.8,0.0,0.876923076923077,0.023076923076922995,0.876923076923077,0.07307692307692293
PRINCIPAL N=50,50,ID_masas_asimetricas_01,in_distribution,masas_asimetricas,2,1.7956808670932092,2,2,0.016431097730311855,0.4461538461538462,0.1461538461538462,0.6,0.09999999999999998,0.8923076923076924,0.09230769230769231,0.9846153846153847,0.08461538461538465,0.9846153846153847,0.034615384615384714
PRINCIPAL N=50,50,ID_masas_asimetricas_01,in_distribution,masas_asimetricas,3,2.6935213006398135,1,2,0.003581995864086726,0.476923076923077,0.17692307692307702,0.5846153846153845,0.08461538461538454,0.9076923076923077,0.10769230769230764,0.9538461538461538,0.053846153846153766,0.9538461538461538,0.0038461538461538325
PRINCIPAL N=50,50,ID_masas_asimetricas_01,in_distribution,masas_asimetricas,4,3.5913617341864184,2,2,0.0087071583758239,0.30769230769230765,0.007692307692307665,0.676923076923077,0.17692307692307696,0.876923076923077,0.07692307692307698,0.9846153846153847,0.08461538461538465,0.9846153846153847,0.034615384615384714
PRINCIPAL N=50,50,ID_masas_asimetricas_01,in_distribution,masas_asimetricas,5,4.489202167733023,1,2,0.0030532747586090184,0.23076923076923075,0.06923076923076923,0.3846153846153846,0.11538461538461542,0.7384615384615385,0.06153846153846154,0.8461538461538461,0.05384615384615388,0.8461538461538461,0.10384615384615381
PRINCIPAL N=50,50,ID_masas_asimetricas_01,in_distribution,masas_asimetricas,6,5.387042601279627,1,2,0.0033406559915557495,0.2615384615384615,0.03846153846153849,0.38461538461538464,0.11538461538461536,0.8307692307692308,0.03076923076923077,0.876923076923077,0.023076923076922995,0.876923076923077,0.07307692307692293
PRINCIPAL N=50,50,ID_masas_asimetricas_01,in_distribution,masas_asimetricas,7,6.2848830348262315,1,2,0.00674659298156755,0.2,0.09999999999999998,0.4,0.09999999999999998,0.8307692307692307,0.03076923076923066,0.9538461538461538,0.053846153846153766,0.9538461538461538,0.0038461538461538325
PRINCIPAL N=50,50,ID_masas_asimetricas_01,in_distribution,masas_asimetricas,8,7.182723468372836,1,2,0.004562525028680811,0.30769230769230765,0.007692307692307665,0.6615384615384615,0.16153846153846152,0.9076923076923077,0.10769230769230764,0.9538461538461538,0.053846153846153766,0.9538461538461538,0.0038461538461538325
PRINCIPAL N=50,50,ID_masas_asimetricas_01,in_distribution,masas_asimetricas,9,8.08056390191944,2,2,0.01063028747262881,0.2,0.09999999999999998,0.3846153846153847,0.11538461538461531,0.8153846153846154,0.01538461538461533,0.8923076923076924,0.007692307692307665,0.8923076923076924,0.0576923076923076
PRINCIPAL N=50,50,ID_masas_asimetricas_01,in_distribution,masas_asimetricas,10,8.978404335466045,1,2,0.00378731831931092,0.2923076923076923,0.007692307692307665,0.5384615384615385,0.03846153846153855,0.7384615384615385,0.06153846153846154,0.876923076923077,0.023076923076922995,0.876923076923077,0.07307692307692293
PRINCIPAL N=50,50,ID_masas_asimetricas_02,in_distribution,masas_asimetricas,1,0.7202847052220581,1,2,0.0029790733665718853,0.24615384615384617,0.05384615384615382,0.5692307692307692,0.0692307692307692,0.9692307692307693,0.1692307692307693,0.9846153846153847,0.08461538461538465,0.9846153846153847,0.034615384615384714
PRINCIPAL N=50,50,ID_masas_asimetricas_02,in_distribution,masas_asimetricas,2,1.4405694104441162,1,2,0.0043192602176313245,0.26153846153846155,0.038461538461538436,0.5538461538461539,0.05384615384615388,0.8923076923076924,0.09230769230769231,0.9846153846153847,0.08461538461538465,0.9846153846153847,0.034615384615384714
PRINCIPAL N=50,50,ID_masas_asimetricas_02,in_distribution,masas_asimetricas,3,2.1608541156661745,1,2,0.00787023387844039,0.24615384615384617,0.05384615384615382,0.4153846153846154,0.08461538461538459,0.7538461538461539,0.0461538461538461,0.8153846153846154,0.08461538461538465,0.8153846153846154,0.13461538461538458
PRINCIPAL N=50,50,ID_masas_asimetricas_02,in_distribution,masas_asimetricas,4,2.8811388208882325,1,2,0.006909654526159938,0.3846153846153846,0.08461538461538459,0.6153846153846154,0.11538461538461542,0.876923076923077,0.07692307692307698,0.9230769230769231,0.023076923076923106,0.9230769230769231,0.026923076923076827
PRINCIPAL N=50,50,ID_masas_asimetricas_02,in_distribution,masas_asimetricas,5,3.6014235261102905,1,2,0.007629873966686117,0.27692307692307694,0.02307692307692305,0.46153846153846156,0.038461538461538436,0.8,0.0,0.8615384615384615,0.03846153846153855,0.8615384615384615,0.08846153846153848
PRINCIPAL N=50,50,ID_masas_asimetricas_02,in_distribution,masas_asimetricas,6,4.321708231332349,1,2,0.006504019683052527,0.4,0.10000000000000003,0.5076923076923078,0.007692307692307776,0.8461538461538461,0.0461538461538461,0.8923076923076924,0.007692307692307665,0.8923076923076924,0.0576923076923076
PRINCIPAL N=50,50,ID_masas_asimetricas_02,in_distribution,masas_asimetricas,7,5.041992936554407,1,2,0.007415614987257571,0.26153846153846155,0.038461538461538436,0.5846153846153846,0.08461538461538465,0.9230769230769231,0.12307692307692308,0.9692307692307693,0.06923076923076932,0.9692307692307693,0.019230769230769384
PRINCIPAL N=50,50,ID_masas_asimetricas_02,in_distribution,masas_asimetricas,8,5.762277641776465,1,2,0.004258059926117248,0.3384615384615384,0.038461538461538436,0.5846153846153846,0.08461538461538465,0.876923076923077,0.07692307692307698,0.9230769230769231,0.023076923076923106,0.9230769230769231,0.026923076923076827
PRINCIPAL N=50,50,ID_masas_asimetricas_02,in_distribution,masas_asimetricas,9,6.482562346998523,2,2,0.009654258251050473,0.3230769230769231,0.023076923076923106,0.5384615384615385,0.03846153846153855,0.8461538461538461,0.0461538461538461,0.923076923076923,0.023076923076922995,0.923076923076923,0.02692307692307694
PRINCIPAL N=50,50,ID_masas_asimetricas_02,in_distribution,masas_asimetricas,10,7.202847052220581,1,2,0.002615888266401735,0.30769230769230765,0.007692307692307665,0.7076923076923078,0.20769230769230784,0.8923076923076924,0.09230769230769231,0.9384615384615385,0.038461538461538436,0.9384615384615385,0.011538461538461497
PRINCIPAL N=50,50,ID_masas_asimetricas_03,in_distribution,masas_asimetricas,1,0.6831618610175212,1,2,0.004898794954528057,0.36923076923076925,0.06923076923076926,0.6153846153846153,0.11538461538461531,0.923076923076923,0.12307692307692297,0.923076923076923,0.023076923076922995,0.923076923076923,0.02692307692307694
PRINCIPAL N=50,50,ID_masas_asimetricas_03,in_distribution,masas_asimetricas,2,1.3663237220350424,1,2,0.0063266468091478885,0.3230769230769231,0.023076923076923106,0.6153846153846154,0.11538461538461542,0.8769230769230768,0.07692307692307676,0.9384615384615385,0.038461538461538436,0.9384615384615385,0.011538461538461497
PRINCIPAL N=50,50,ID_masas_asimetricas_03,in_distribution,masas_asimetricas,3,2.0494855830525633,1,2,0.0027000279473994517,0.27692307692307694,0.02307692307692305,0.49230769230769234,0.007692307692307665,0.8615384615384615,0.06153846153846143,0.8923076923076924,0.007692307692307665,0.8923076923076924,0.0576923076923076
PRINCIPAL N=50,50,ID_masas_asimetricas_03,in_distribution,masas_asimetricas,4,2.7326474440700848,1,2,0.0038505976777237264,0.38461538461538464,0.08461538461538465,0.6,0.09999999999999998,0.876923076923077,0.07692307692307698,0.9692307692307693,0.06923076923076932,0.9692307692307693,0.019230769230769384
PRINCIPAL N=50,50,ID_masas_asimetricas_03,in_distribution,masas_asimetricas,5,3.415809305087606,1,2,0.0020006959538445613,0.3384615384615385,0.03846153846153849,0.5846153846153845,0.08461538461538454,0.8923076923076924,0.09230769230769231,0.9384615384615385,0.038461538461538436,0.9384615384615385,0.011538461538461497
PRINCIPAL N=50,50,ID_masas_asimetricas_03,in_distribution,masas_asimetricas,6,4.098971166105128,1,2,0.004038496678991788,0.21538461538461542,0.08461538461538456,0.4461538461538462,0.05384615384615382,0.8,0.0,0.9230769230769231,0.023076923076923106,0.9230769230769231,0.026923076923076827
PRINCIPAL N=50,50,ID_masas_asimetricas_03,in_distribution,masas_asimetricas,7,4.782133027122648,1,2,0.004586881678607567,0.23076923076923078,0.0692307692307692,0.46153846153846156,0.038461538461538436,0.8615384615384615,0.06153846153846143,0.8923076923076924,0.007692307692307665,0.8923076923076924,0.0576923076923076
PRINCIPAL N=50,50,ID_masas_asimetricas_03,in_distribution,masas_asimetricas,8,5.4652948881401695,1,2,0.001741643211368812,0.2923076923076923,0.007692307692307665,0.5692307692307692,0.0692307692307692,0.8615384615384615,0.06153846153846143,0.9384615384615385,0.038461538461538436,0.9384615384615385,0.011538461538461497
PRINCIPAL N=50,50,ID_masas_asimetricas_03,in_distribution,masas_asimetricas,9,6.148456749157691,1,2,0.00441405423801656,0.27692307692307694,0.02307692307692305,0.6153846153846153,0.11538461538461531,0.8769230769230768,0.07692307692307676,0.923076923076923,0.023076923076922995,0.923076923076923,0.02692307692307694
PRINCIPAL N=50,50,ID_masas_asimetricas_03,in_distribution,masas_asimetricas,10,6.831618610175212,1,2,0.0015525394748171664,0.4,0.10000000000000003,0.5538461538461539,0.05384615384615388,0.876923076923077,0.07692307692307698,0.9692307692307693,0.06923076923076932,0.9692307692307693,0.019230769230769384
PRINCIPAL N=50,50,OOD_NEAR_figura_ocho_00,ood_near,figura_ocho,1,1.5,2,2,0.004444041535309708,0.30769230769230776,0.007692307692307776,0.5076923076923077,0.007692307692307665,0.8307692307692308,0.03076923076923077,0.9076923076923078,0.007692307692307776,0.9076923076923078,0.04230769230769216
PRINCIPAL N=50,50,OOD_NEAR_figura_ocho_00,ood_near,figura_ocho,2,3.0,2,2,0.012218555015991738,0.4153846153846154,0.11538461538461542,0.6461538461538462,0.1461538461538462,0.9384615384615385,0.1384615384615384,0.9692307692307691,0.0692307692307691,0.9692307692307691,0.019230769230769162
PRINCIPAL N=50,50,OOD_NEAR_figura_ocho_00,ood_near,figura_ocho,3,4.5,2,2,0.027080081377489778,0.3846153846153847,0.0846153846153847,0.6,0.09999999999999998,0.8615384615384615,0.06153846153846143,0.9230769230769231,0.023076923076923106,0.9230769230769231,0.026923076923076827
PRINCIPAL N=50,50,OOD_NEAR_figura_ocho_00,ood_near,figura_ocho,4,6.0,2,2,0.02300631031856898,0.27692307692307694,0.02307692307692305,0.3846153846153846,0.11538461538461542,0.8153846153846155,0.015384615384615441,0.9538461538461538,0.053846153846153766,0.9538461538461538,0.0038461538461538325
PRINCIPAL N=50,50,OOD_NEAR_figura_ocho_00,ood_near,figura_ocho,5,7.5,2,2,0.025371568993173665,0.27692307692307694,0.02307692307692305,0.38461538461538464,0.11538461538461536,0.723076923076923,0.0769230769230771,0.923076923076923,0.023076923076922995,0.923076923076923,0.02692307692307694
PRINCIPAL N=50,50,OOD_NEAR_figura_ocho_00,ood_near,figura_ocho,6,9.0,2,2,0.016604249635248737,0.30769230769230765,0.007692307692307665,0.6153846153846153,0.11538461538461531,0.8615384615384615,0.06153846153846143,0.9230769230769231,0.023076923076923106,0.9230769230769231,0.026923076923076827
PRINCIPAL N=50,50,OOD_NEAR_figura_ocho_00,ood_near,figura_ocho,7,10.5,2,2,0.03017853622275433,0.24615384615384617,0.05384615384615382,0.4615384615384615,0.03846153846153849,0.6615384615384616,0.1384615384615384,0.7538461538461538,0.1461538461538462,0.7538461538461538,0.19615384615384612
PRINCIPAL N=50,50,OOD_NEAR_figura_ocho_00,ood_near,figura_ocho,8,12.0,2,2,0.023364902807101066,0.23076923076923078,0.0692307692307692,0.6,0.09999999999999998,0.8923076923076924,0.09230769230769231,0.9230769230769231,0.023076923076923106,0.9230769230769231,0.026923076923076827
PRINCIPAL N=50,50,OOD_NEAR_figura_ocho_00,ood_near,figura_ocho,9,13.5,2,2,0.02040055129487873,0.27692307692307694,0.02307692307692305,0.6153846153846153,0.11538461538461531,0.8615384615384615,0.06153846153846143,0.9230769230769231,0.023076923076923106,0.9230769230769231,0.026923076923076827
PRINCIPAL N=50,50,OOD_NEAR_figura_ocho_00,ood_near,figura_ocho,10,15.0,3,3,0.0018572367261111924,0.36923076923076925,0.06923076923076926,0.6461538461538462,0.1461538461538462,0.9384615384615385,0.1384615384615384,0.9692307692307691,0.0692307692307691,0.9692307692307691,0.019230769230769162
PRINCIPAL N=50,50,OOD_NEAR_figura_ocho_01,ood_near,figura_ocho,1,1.5,2,2,0.007680929844403649,0.3692307692307692,0.0692307692307692,0.7076923076923077,0.20769230769230773,0.8923076923076924,0.09230769230769231,0.9846153846153847,0.08461538461538465,0.9846153846153847,0.034615384615384714
PRINCIPAL N=50,50,OOD_NEAR_figura_ocho_01,ood_near,figura_ocho,2,3.0,2,2,0.008043045397809331,0.3538461538461538,0.05384615384615382,0.7076923076923077,0.20769230769230773,0.8461538461538464,0.04615384615384632,0.9076923076923077,0.007692307692307665,0.9076923076923077,0.04230769230769227
PRINCIPAL N=50,50,OOD_NEAR_figura_ocho_01,ood_near,figura_ocho,3,4.5,2,2,0.015403156171005841,0.3076923076923077,0.0076923076923077205,0.6769230769230768,0.17692307692307685,0.876923076923077,0.07692307692307698,0.9538461538461538,0.053846153846153766,0.9538461538461538,0.0038461538461538325
PRINCIPAL N=50,50,OOD_NEAR_figura_ocho_01,ood_near,figura_ocho,4,6.0,2,2,0.018769149832872405,0.38461538461538464,0.08461538461538465,0.6307692307692307,0.13076923076923075,0.876923076923077,0.07692307692307698,0.9076923076923077,0.007692307692307665,0.9076923076923077,0.04230769230769227
PRINCIPAL N=50,50,OOD_NEAR_figura_ocho_01,ood_near,figura_ocho,5,7.5,2,2,0.020943764140059627,0.36923076923076925,0.06923076923076926,0.6,0.09999999999999998,0.876923076923077,0.07692307692307698,0.9076923076923077,0.007692307692307665,0.9076923076923077,0.04230769230769227
PRINCIPAL N=50,50,OOD_NEAR_figura_ocho_01,ood_near,figura_ocho,6,9.0,2,2,0.009091318331039756,0.3538461538461538,0.05384615384615382,0.5538461538461539,0.05384615384615388,0.8461538461538464,0.04615384615384632,0.8923076923076924,0.007692307692307665,0.8923076923076924,0.0576923076923076
PRINCIPAL N=50,50,OOD_NEAR_figura_ocho_01,ood_near,figura_ocho,7,10.5,2,2,0.020008419665138402,0.4461538461538462,0.1461538461538462,0.7230769230769231,0.22307692307692306,0.9076923076923077,0.10769230769230764,0.9230769230769231,0.023076923076923106,0.9230769230769231,0.026923076923076827
PRINCIPAL N=50,50,OOD_NEAR_figura_ocho_01,ood_near,figura_ocho,8,12.0,2,2,0.01626907094031881,0.4153846153846154,0.11538461538461542,0.676923076923077,0.17692307692307696,0.876923076923077,0.07692307692307698,0.9076923076923077,0.007692307692307665,0.9076923076923077,0.04230769230769227
PRINCIPAL N=50,50,OOD_NEAR_figura_ocho_01,ood_near,figura_ocho,9,13.5,2,2,0.01229741416167605,0.41538461538461535,0.11538461538461536,0.6153846153846153,0.11538461538461531,0.876923076923077,0.07692307692307698,0.9076923076923077,0.007692307692307665,0.9076923076923077,0.04230769230769227
PRINCIPAL N=50,50,OOD_NEAR_figura_ocho_01,ood_near,figura_ocho,10,15.0,2,2,0.015679346508107976,0.3230769230769231,0.023076923076923106,0.5384615384615384,0.038461538461538436,0.7230769230769231,0.07692307692307698,0.8769230769230768,0.023076923076923217,0.8769230769230768,0.07307692307692315
PRINCIPAL N=50,50,OOD_NEAR_figura_ocho_02,ood_near,figura_ocho,1,1.5,4,4,9.57653546370496e-05,0.21538461538461542,0.08461538461538456,0.4461538461538462,0.05384615384615382,0.8461538461538461,0.0461538461538461,0.9076923076923077,0.007692307692307665,0.9076923076923077,0.04230769230769227
PRINCIPAL N=50,50,OOD_NEAR_figura_ocho_02,ood_near,figura_ocho,2,3.0,2,2,0.006975397356871841,0.21538461538461542,0.08461538461538456,0.5384615384615385,0.03846153846153855,0.8153846153846155,0.015384615384615441,0.9384615384615385,0.038461538461538436,0.9384615384615385,0.011538461538461497
PRINCIPAL N=50,50,OOD_NEAR_figura_ocho_02,ood_near,figura_ocho,3,4.5,2,2,0.029528254033047947,0.24615384615384617,0.05384615384615382,0.476923076923077,0.023076923076922995,0.8,0.0,0.9076923076923077,0.007692307692307665,0.9076923076923077,0.04230769230769227
PRINCIPAL N=50,50,OOD_NEAR_figura_ocho_02,ood_near,figura_ocho,4,6.0,2,2,0.01113395818232838,0.3846153846153847,0.0846153846153847,0.4769230769230769,0.023076923076923106,0.8461538461538461,0.0461538461538461,0.923076923076923,0.023076923076922995,0.923076923076923,0.02692307692307694
PRINCIPAL N=50,50,OOD_NEAR_figura_ocho_02,ood_near,figura_ocho,5,7.5,2,2,0.02433765349046238,0.3230769230769231,0.023076923076923106,0.5846153846153845,0.08461538461538454,0.8307692307692308,0.03076923076923077,0.8923076923076924,0.007692307692307665,0.8923076923076924,0.0576923076923076
PRINCIPAL N=50,50,OOD_NEAR_figura_ocho_02,ood_near,figura_ocho,6,9.0,2,2,0.006762769216785936,0.36923076923076925,0.06923076923076926,0.5384615384615384,0.038461538461538436,0.7846153846153846,0.015384615384615441,0.9076923076923077,0.007692307692307665,0.9076923076923077,0.04230769230769227
PRINCIPAL N=50,50,OOD_NEAR_figura_ocho_02,ood_near,figura_ocho,7,10.5,2,2,0.017095372780320934,0.4,0.10000000000000003,0.5538461538461539,0.05384615384615388,0.876923076923077,0.07692307692307698,0.9692307692307693,0.06923076923076932,0.9692307692307693,0.019230769230769384
PRINCIPAL N=50,50,OOD_NEAR_figura_ocho_02,ood_near,figura_ocho,8,12.0,2,2,0.018228865142606458,0.4153846153846154,0.11538461538461542,0.6,0.09999999999999998,0.8461538461538461,0.0461538461538461,0.923076923076923,0.023076923076922995,0.923076923076923,0.02692307692307694
PRINCIPAL N=50,50,OOD_NEAR_figura_ocho_02,ood_near,figura_ocho,9,13.5,2,2,0.02573712641213035,0.4153846153846154,0.11538461538461542,0.6,0.09999999999999998,0.8461538461538461,0.0461538461538461,0.8615384615384615,0.03846153846153855,0.8615384615384615,0.08846153846153848
PRINCIPAL N=50,50,OOD_NEAR_figura_ocho_02,ood_near,figura_ocho,10,15.0,2,2,0.00850230779105551,0.3076923076923077,0.0076923076923077205,0.5538461538461539,0.05384615384615388,0.8153846153846154,0.01538461538461533,0.8615384615384615,0.03846153846153855,0.8615384615384615,0.08846153846153848
PRINCIPAL N=50,50,OOD_NEAR_figura_ocho_03,ood_near,figura_ocho,1,1.5,4,4,0.00040267930565302483,0.27692307692307694,0.02307692307692305,0.6,0.09999999999999998,0.8307692307692308,0.03076923076923077,0.9846153846153847,0.08461538461538465,0.9846153846153847,0.034615384615384714
PRINCIPAL N=50,50,OOD_NEAR_figura_ocho_03,ood_near,figura_ocho,2,3.0,2,2,0.009912162040537431,0.2923076923076923,0.007692307692307665,0.5230769230769231,0.023076923076923106,0.7538461538461538,0.04615384615384621,0.9230769230769231,0.023076923076923106,0.9230769230769231,0.026923076923076827
PRINCIPAL N=50,50,OOD_NEAR_figura_ocho_03,ood_near,figura_ocho,3,4.5,2,2,0.009241766458924055,0.26153846153846155,0.038461538461538436,0.6153846153846154,0.11538461538461542,0.8923076923076924,0.09230769230769231,0.9692307692307693,0.06923076923076932,0.9692307692307693,0.019230769230769384
PRINCIPAL N=50,50,OOD_NEAR_figura_ocho_03,ood_near,figura_ocho,4,6.0,2,2,0.007625895630511114,0.2615384615384615,0.03846153846153849,0.49230769230769234,0.007692307692307665,0.876923076923077,0.07692307692307698,0.9230769230769231,0.023076923076923106,0.9230769230769231,0.026923076923076827
PRINCIPAL N=50,50,OOD_NEAR_figura_ocho_03,ood_near,figura_ocho,5,7.5,2,2,0.011427336098347635,0.32307692307692304,0.02307692307692305,0.5846153846153845,0.08461538461538454,0.9076923076923077,0.10769230769230764,0.9692307692307693,0.06923076923076932,0.9692307692307693,0.019230769230769384
PRINCIPAL N=50,50,OOD_NEAR_figura_ocho_03,ood_near,figura_ocho,6,9.0,2,2,0.013686170660547618,0.26153846153846155,0.038461538461538436,0.4461538461538462,0.05384615384615382,0.7538461538461538,0.04615384615384621,0.876923076923077,0.023076923076922995,0.876923076923077,0.07307692307692293
PRINCIPAL N=50,50,OOD_NEAR_figura_ocho_03,ood_near,figura_ocho,7,10.5,2,2,0.010479519945341924,0.27692307692307694,0.02307692307692305,0.5384615384615385,0.03846153846153855,0.8153846153846155,0.015384615384615441,0.8461538461538461,0.05384615384615388,0.8461538461538461,0.10384615384615381
PRINCIPAL N=50,50,OOD_NEAR_figura_ocho_03,ood_near,figura_ocho,8,12.0,2,2,0.006494609553900234,0.2923076923076923,0.007692307692307665,0.5076923076923077,0.007692307692307665,0.7692307692307693,0.03076923076923077,0.876923076923077,0.023076923076922995,0.876923076923077,0.07307692307692293
PRINCIPAL N=50,50,OOD_NEAR_figura_ocho_03,ood_near,figura_ocho,9,13.5,2,2,0.008902488802669238,0.3076923076923077,0.0076923076923077205,0.5692307692307692,0.0692307692307692,0.876923076923077,0.07692307692307698,0.9692307692307693,0.06923076923076932,0.9692307692307693,0.019230769230769384
PRINCIPAL N=50,50,OOD_NEAR_figura_ocho_03,ood_near,figura_ocho,10,15.0,2,2,0.011932928732148679,0.38461538461538464,0.08461538461538465,0.5692307692307692,0.0692307692307692,0.7384615384615384,0.06153846153846165,0.9538461538461538,0.053846153846153766,0.9538461538461538,0.0038461538461538325
PRINCIPAL N=50,50,OOD_NEAR_jerarquico_00,ood_near,jerarquico,1,0.45710320032053564,1,2,0.0012367478683944742,0.16923076923076924,0.13076923076923075,0.4615384615384615,0.03846153846153849,0.7384615384615385,0.06153846153846154,0.8923076923076924,0.007692307692307665,0.8923076923076924,0.0576923076923076
PRINCIPAL N=50,50,OOD_NEAR_jerarquico_00,ood_near,jerarquico,2,0.9142064006410713,1,2,0.0008114774221588967,0.15384615384615383,0.14615384615384616,0.49230769230769234,0.007692307692307665,0.7692307692307693,0.03076923076923077,0.9384615384615385,0.038461538461538436,0.9384615384615385,0.011538461538461497
PRINCIPAL N=50,50,OOD_NEAR_jerarquico_00,ood_near,jerarquico,3,1.371309600961607,1,2,0.0006210652545736602,0.16923076923076924,0.13076923076923075,0.49230769230769234,0.007692307692307665,0.8307692307692308,0.03076923076923077,0.9384615384615385,0.038461538461538436,0.9384615384615385,0.011538461538461497
PRINCIPAL N=50,50,OOD_NEAR_jerarquico_00,ood_near,jerarquico,4,1.8284128012821426,1,2,0.0007499221887150569,0.24615384615384617,0.05384615384615382,0.5076923076923077,0.007692307692307665,0.7692307692307693,0.03076923076923077,0.9384615384615385,0.038461538461538436,0.9384615384615385,0.011538461538461497
PRINCIPAL N=50,50,OOD_NEAR_jerarquico_00,ood_near,jerarquico,5,2.2855160016026783,1,2,0.0006710337248987789,0.18461538461538463,0.11538461538461536,0.5076923076923077,0.007692307692307665,0.7538461538461538,0.04615384615384621,0.9384615384615385,0.038461538461538436,0.9384615384615385,0.011538461538461497
PRINCIPAL N=50,50,OOD_NEAR_jerarquico_00,ood_near,jerarquico,6,2.742619201923214,1,2,0.0007419707617208054,0.21538461538461537,0.08461538461538462,0.5230769230769231,0.023076923076923106,0.7692307692307693,0.03076923076923077,0.9384615384615385,0.038461538461538436,0.9384615384615385,0.011538461538461497
PRINCIPAL N=50,50,OOD_NEAR_jerarquico_00,ood_near,jerarquico,7,3.19972240224375,1,2,0.0006938721697752281,0.18461538461538463,0.11538461538461536,0.5230769230769231,0.023076923076923106,0.7538461538461538,0.04615384615384621,0.9384615384615385,0.038461538461538436,0.9384615384615385,0.011538461538461497
PRINCIPAL N=50,50,OOD_NEAR_jerarquico_00,ood_near,jerarquico,8,3.6568256025642856,1,2,0.0007439279662883622,0.2615384615384616,0.03846153846153838,0.5538461538461539,0.05384615384615388,0.7692307692307693,0.03076923076923077,0.9384615384615385,0.038461538461538436,0.9384615384615385,0.011538461538461497
PRINCIPAL N=50,50,OOD_NEAR_jerarquico_00,ood_near,jerarquico,9,4.113928802884821,1,2,0.0007428479566548225,0.2,0.09999999999999998,0.5230769230769231,0.023076923076923106,0.7538461538461538,0.04615384615384621,0.9384615384615385,0.038461538461538436,0.9384615384615385,0.011538461538461497
PRINCIPAL N=50,50,OOD_NEAR_jerarquico_00,ood_near,jerarquico,10,4.571032003205357,1,2,0.0016440501836021716,0.21538461538461537,0.08461538461538462,0.4461538461538462,0.05384615384615382,0.7846153846153847,0.01538461538461533,0.8615384615384615,0.03846153846153855,0.8615384615384615,0.08846153846153848
PRINCIPAL N=50,50,OOD_NEAR_jerarquico_01,ood_near,jerarquico,1,0.47180831053552214,1,2,0.002994551872203078,0.30769230769230776,0.007692307692307776,0.5538461538461539,0.05384615384615388,0.8461538461538461,0.0461538461538461,0.8923076923076924,0.007692307692307665,0.8923076923076924,0.0576923076923076
PRINCIPAL N=50,50,OOD_NEAR_jerarquico_01,ood_near,jerarquico,2,0.9436166210710444,1,2,0.002023768485255314,0.24615384615384617,0.05384615384615382,0.5538461538461539,0.05384615384615388,0.7846153846153847,0.01538461538461533,0.8153846153846155,0.08461538461538454,0.8153846153846155,0.13461538461538447
PRINCIPAL N=50,50,OOD_NEAR_jerarquico_01,ood_near,jerarquico,3,1.4154249316065666,1,2,0.0031616947164552016,0.24615384615384617,0.05384615384615382,0.5846153846153846,0.08461538461538465,0.8307692307692308,0.03076923076923077,0.8307692307692308,0.0692307692307692,0.8307692307692308,0.11923076923076914
PRINCIPAL N=50,50,OOD_NEAR_jerarquico_01,ood_near,jerarquico,4,1.8872332421420888,1,2,0.0018725016524169073,0.24615384615384617,0.05384615384615382,0.5538461538461539,0.05384615384615388,0.7846153846153847,0.01538461538461533,0.8153846153846155,0.08461538461538454,0.8153846153846155,0.13461538461538447
PRINCIPAL N=50,50,OOD_NEAR_jerarquico_01,ood_near,jerarquico,5,2.3590415526776107,1,2,0.0029137208237142638,0.24615384615384617,0.05384615384615382,0.5538461538461539,0.05384615384615388,0.7846153846153847,0.01538461538461533,0.8615384615384615,0.03846153846153855,0.8615384615384615,0.08846153846153848
PRINCIPAL N=50,50,OOD_NEAR_jerarquico_01,ood_near,jerarquico,6,2.8308498632131327,1,2,0.0017923912520980095,0.24615384615384617,0.05384615384615382,0.5538461538461539,0.05384615384615388,0.7846153846153847,0.01538461538461533,0.8153846153846155,0.08461538461538454,0.8153846153846155,0.13461538461538447
PRINCIPAL N=50,50,OOD_NEAR_jerarquico_01,ood_near,jerarquico,7,3.302658173748655,1,2,0.0034254043789416974,0.27692307692307694,0.02307692307692305,0.5846153846153846,0.08461538461538465,0.8153846153846155,0.015384615384615441,0.8615384615384617,0.038461538461538325,0.8615384615384617,0.08846153846153826
PRINCIPAL N=50,50,OOD_NEAR_jerarquico_01,ood_near,jerarquico,8,3.7744664842841775,1,2,0.0017097203631481176,0.23076923076923078,0.0692307692307692,0.5692307692307692,0.0692307692307692,0.7692307692307693,0.03076923076923077,0.8153846153846155,0.08461538461538454,0.8153846153846155,0.13461538461538447
PRINCIPAL N=50,50,OOD_NEAR_jerarquico_01,ood_near,jerarquico,9,4.2462747948196995,2,2,0.002810827216061513,0.35384615384615387,0.05384615384615388,0.5846153846153845,0.08461538461538454,0.8769230769230768,0.07692307692307676,0.9230769230769231,0.023076923076923106,0.9230769230769231,0.026923076923076827
PRINCIPAL N=50,50,OOD_NEAR_jerarquico_01,ood_near,jerarquico,10,4.7180831053552215,2,2,0.0016218086448567827,0.2,0.09999999999999998,0.5538461538461539,0.05384615384615388,0.876923076923077,0.07692307692307698,0.9230769230769231,0.023076923076923106,0.9230769230769231,0.026923076923076827
PRINCIPAL N=50,50,OOD_NEAR_jerarquico_02,ood_near,jerarquico,1,0.44422507837791325,1,2,0.003555930315422562,0.3384615384615385,0.03846153846153849,0.4769230769230769,0.023076923076923106,0.9230769230769231,0.12307692307692308,0.9538461538461538,0.053846153846153766,0.9538461538461538,0.0038461538461538325
PRINCIPAL N=50,50,OOD_NEAR_jerarquico_02,ood_near,jerarquico,2,0.8884501567558265,1,2,0.002240205741166674,0.30769230769230765,0.007692307692307665,0.476923076923077,0.023076923076922995,0.9230769230769231,0.12307692307692308,0.9846153846153847,0.08461538461538465,0.9846153846153847,0.034615384615384714
PRINCIPAL N=50,50,OOD_NEAR_jerarquico_02,ood_near,jerarquico,3,1.3326752351337396,1,2,0.003000620790685897,0.3076923076923077,0.0076923076923077205,0.49230769230769234,0.007692307692307665,0.876923076923077,0.07692307692307698,0.9384615384615385,0.038461538461538436,0.9384615384615385,0.011538461538461497
PRINCIPAL N=50,50,OOD_NEAR_jerarquico_02,ood_near,jerarquico,4,1.776900313511653,1,2,0.0023662821783998833,0.30769230769230765,0.007692307692307665,0.476923076923077,0.023076923076922995,0.9230769230769231,0.12307692307692308,0.9846153846153847,0.08461538461538465,0.9846153846153847,0.034615384615384714
PRINCIPAL N=50,50,OOD_NEAR_jerarquico_02,ood_near,jerarquico,5,2.2211253918895664,1,2,0.003035957883481079,0.3538461538461538,0.05384615384615382,0.5384615384615384,0.038461538461538436,0.8923076923076924,0.09230769230769231,0.9846153846153847,0.08461538461538465,0.9846153846153847,0.034615384615384714
PRINCIPAL N=50,50,OOD_NEAR_jerarquico_02,ood_near,jerarquico,6,2.6653504702674797,1,2,0.0024106801804906998,0.30769230769230765,0.007692307692307665,0.476923076923077,0.023076923076922995,0.9230769230769231,0.12307692307692308,0.9846153846153847,0.08461538461538465,0.9846153846153847,0.034615384615384714
PRINCIPAL N=50,50,OOD_NEAR_jerarquico_02,ood_near,jerarquico,7,3.1095755486453927,1,2,0.0029128643410572218,0.3230769230769231,0.023076923076923106,0.6307692307692307,0.13076923076923075,0.9384615384615385,0.1384615384615384,0.9846153846153847,0.08461538461538465,0.9846153846153847,0.034615384615384714
PRINCIPAL N=50,50,OOD_NEAR_jerarquico_02,ood_near,jerarquico,8,3.553800627023306,1,2,0.00243422523154887,0.30769230769230765,0.007692307692307665,0.476923076923077,0.023076923076922995,0.9230769230769231,0.12307692307692308,0.9846153846153847,0.08461538461538465,0.9846153846153847,0.034615384615384714
PRINCIPAL N=50,50,OOD_NEAR_jerarquico_02,ood_near,jerarquico,9,3.9980257054012194,1,2,0.002830423295540453,0.38461538461538464,0.08461538461538465,0.6,0.09999999999999998,0.876923076923077,0.07692307692307698,0.9846153846153847,0.08461538461538465,0.9846153846153847,0.034615384615384714
PRINCIPAL N=50,50,OOD_NEAR_jerarquico_02,ood_near,jerarquico,10,4.442250783779133,1,2,0.0024508565023254832,0.30769230769230765,0.007692307692307665,0.476923076923077,0.023076923076922995,0.9230769230769231,0.12307692307692308,0.9846153846153847,0.08461538461538465,0.9846153846153847,0.034615384615384714
PRINCIPAL N=50,50,OOD_NEAR_jerarquico_03,ood_near,jerarquico,1,0.4649910083877734,1,2,0.0046099746818480634,0.3230769230769231,0.023076923076923106,0.5384615384615384,0.038461538461538436,0.8307692307692308,0.03076923076923077,0.9384615384615385,0.038461538461538436,0.9384615384615385,0.011538461538461497
PRINCIPAL N=50,50,OOD_NEAR_jerarquico_03,ood_near,jerarquico,2,0.9299820167755468,1,2,0.002225408306080705,0.3076923076923077,0.0076923076923077205,0.5692307692307692,0.0692307692307692,0.9076923076923077,0.10769230769230764,0.9538461538461538,0.053846153846153766,0.9538461538461538,0.0038461538461538325
PRINCIPAL N=50,50,OOD_NEAR_jerarquico_03,ood_near,jerarquico,3,1.3949730251633201,1,2,0.0015232428626581157,0.2,0.09999999999999998,0.43076923076923074,0.06923076923076926,0.8615384615384617,0.06153846153846165,0.9538461538461538,0.053846153846153766,0.9538461538461538,0.0038461538461538325
PRINCIPAL N=50,50,OOD_NEAR_jerarquico_03,ood_near,jerarquico,4,1.8599640335510936,1,2,0.002355570069379683,0.18461538461538463,0.11538461538461536,0.5692307692307692,0.0692307692307692,0.8153846153846155,0.015384615384615441,0.9076923076923078,0.007692307692307776,0.9076923076923078,0.04230769230769216
PRINCIPAL N=50,50,OOD_NEAR_jerarquico_03,ood_near,jerarquico,5,2.324955041938867,1,2,0.0012319474450727186,0.3538461538461538,0.05384615384615382,0.6461538461538462,0.1461538461538462,0.8923076923076924,0.09230769230769231,0.9692307692307693,0.06923076923076932,0.9692307692307693,0.019230769230769384
PRINCIPAL N=50,50,OOD_NEAR_jerarquico_03,ood_near,jerarquico,6,2.7899460503266407,1,2,0.002380004457278329,0.18461538461538463,0.11538461538461536,0.5384615384615384,0.038461538461538436,0.7384615384615384,0.06153846153846165,0.9076923076923077,0.007692307692307665,0.9076923076923077,0.04230769230769227
PRINCIPAL N=50,50,OOD_NEAR_jerarquico_03,ood_near,jerarquico,7,3.2549370587144137,1,2,0.0017259217337803427,0.27692307692307694,0.02307692307692305,0.6461538461538462,0.1461538461538462,0.8923076923076924,0.09230769230769231,0.9692307692307693,0.06923076923076932,0.9692307692307693,0.019230769230769384
PRINCIPAL N=50,50,OOD_NEAR_jerarquico_03,ood_near,jerarquico,8,3.7199280671021873,1,2,0.0031728796021053664,0.23076923076923078,0.0692307692307692,0.41538461538461535,0.08461538461538465,0.8307692307692308,0.03076923076923077,0.8923076923076924,0.007692307692307665,0.8923076923076924,0.0576923076923076
PRINCIPAL N=50,50,OOD_NEAR_jerarquico_03,ood_near,jerarquico,9,4.184919075489961,1,2,0.002837339550566275,0.3230769230769231,0.023076923076923106,0.6615384615384615,0.16153846153846152,0.923076923076923,0.12307692307692297,0.9692307692307693,0.06923076923076932,0.9692307692307693,0.019230769230769384
PRINCIPAL N=50,50,OOD_NEAR_jerarquico_03,ood_near,jerarquico,10,4.649910083877734,1,2,0.002167621155444129,0.27692307692307694,0.02307692307692305,0.5076923076923078,0.007692307692307776,0.8307692307692308,0.03076923076923077,0.9384615384615385,0.038461538461538436,0.9384615384615385,0.011538461538461497
PRINCIPAL N=50,50,OOD_NEAR_resonancia_00,ood_near,resonancia,1,0.34007061815226963,2,2,0.009081625604101506,0.4,0.10000000000000003,0.5846153846153846,0.08461538461538465,0.8923076923076924,0.09230769230769231,0.9230769230769231,0.023076923076923106,0.9230769230769231,0.026923076923076827
PRINCIPAL N=50,50,OOD_NEAR_resonancia_00,ood_near,resonancia,2,0.6801412363045393,1,2,0.002142836593649813,0.36923076923076925,0.06923076923076926,0.5538461538461539,0.05384615384615388,0.8,0.0,0.8615384615384617,0.038461538461538325,0.8615384615384617,0.08846153846153826
PRINCIPAL N=50,50,OOD_NEAR_resonancia_00,ood_near,resonancia,3,1.0202118544568088,2,2,0.006742727962535862,0.3384615384615385,0.03846153846153849,0.4000000000000001,0.09999999999999992,0.8615384615384615,0.06153846153846143,0.923076923076923,0.023076923076922995,0.923076923076923,0.02692307692307694
PRINCIPAL N=50,50,OOD_NEAR_resonancia_00,ood_near,resonancia,4,1.3602824726090785,2,2,0.0005533248863408633,0.3538461538461539,0.05384615384615393,0.5538461538461539,0.05384615384615388,0.7538461538461539,0.0461538461538461,0.8615384615384615,0.03846153846153855,0.8615384615384615,0.08846153846153848
PRINCIPAL N=50,50,OOD_NEAR_resonancia_00,ood_near,resonancia,5,1.7003530907613482,2,2,0.0017816513449368083,0.3538461538461539,0.05384615384615393,0.5384615384615385,0.03846153846153855,0.7692307692307693,0.03076923076923077,0.8615384615384615,0.03846153846153855,0.8615384615384615,0.08846153846153848
PRINCIPAL N=50,50,OOD_NEAR_resonancia_00,ood_near,resonancia,6,2.0404237089136177,3,3,0.0018108341204108394,0.3538461538461539,0.05384615384615393,0.5538461538461539,0.05384615384615388,0.7538461538461539,0.0461538461538461,0.8615384615384615,0.03846153846153855,0.8615384615384615,0.08846153846153848
PRINCIPAL N=50,50,OOD_NEAR_resonancia_00,ood_near,resonancia,7,2.3804943270658874,4,4,0.00011361158541826495,0.3846153846153846,0.08461538461538459,0.6153846153846154,0.11538461538461542,0.8769230769230768,0.07692307692307676,0.9538461538461538,0.053846153846153766,0.9538461538461538,0.0038461538461538325
PRINCIPAL N=50,50,OOD_NEAR_resonancia_00,ood_near,resonancia,8,2.720564945218157,4,4,0.32253529923146373,0.3846153846153846,0.08461538461538459,0.6153846153846154,0.11538461538461542,0.8307692307692307,0.03076923076923066,0.8923076923076924,0.007692307692307665,0.8923076923076924,0.0576923076923076
PRINCIPAL N=50,50,OOD_NEAR_resonancia_00,ood_near,resonancia,9,3.0606355633704267,4,4,0.00800311221636326,0.3230769230769231,0.023076923076923106,0.6615384615384615,0.16153846153846152,0.8615384615384615,0.06153846153846143,0.8769230769230768,0.023076923076923217,0.8769230769230768,0.07307692307692315
PRINCIPAL N=50,50,OOD_NEAR_resonancia_00,ood_near,resonancia,10,3.4007061815226964,5,5,0.00018813080643651233,0.3846153846153847,0.0846153846153847,0.43076923076923085,0.06923076923076915,0.7538461538461539,0.0461538461538461,0.8461538461538461,0.05384615384615388,0.8461538461538461,0.10384615384615381
PRINCIPAL N=50,50,OOD_NEAR_resonancia_01,ood_near,resonancia,1,0.33206930389657535,1,2,0.007142781410180059,0.3846153846153846,0.08461538461538459,0.6307692307692309,0.13076923076923086,0.9384615384615385,0.1384615384615384,0.9538461538461538,0.053846153846153766,0.9538461538461538,0.0038461538461538325
PRINCIPAL N=50,50,OOD_NEAR_resonancia_01,ood_near,resonancia,2,0.6641386077931508,1,2,0.002876624013587456,0.12307692307692308,0.1769230769230769,0.4769230769230769,0.023076923076923106,0.7846153846153847,0.01538461538461533,0.876923076923077,0.023076923076922995,0.876923076923077,0.07307692307692293
PRINCIPAL N=50,50,OOD_NEAR_resonancia_01,ood_near,resonancia,3,0.9962079116897262,1,2,0.004109719038601083,0.13846153846153847,0.16153846153846152,0.49230769230769234,0.007692307692307665,0.7384615384615385,0.06153846153846154,0.8307692307692308,0.0692307692307692,0.8307692307692308,0.11923076923076914
PRINCIPAL N=50,50,OOD_NEAR_resonancia_01,ood_near,resonancia,4,1.3282772155863016,1,2,0.00516634547041136,0.12307692307692308,0.1769230769230769,0.4769230769230769,0.023076923076923106,0.876923076923077,0.07692307692307698,0.9538461538461538,0.053846153846153766,0.9538461538461538,0.0038461538461538325
PRINCIPAL N=50,50,OOD_NEAR_resonancia_01,ood_near,resonancia,5,1.660346519482877,1,2,0.005663583827779496,0.23076923076923075,0.06923076923076923,0.5076923076923077,0.007692307692307665,0.8923076923076924,0.09230769230769231,0.923076923076923,0.023076923076922995,0.923076923076923,0.02692307692307694
PRINCIPAL N=50,50,OOD_NEAR_resonancia_01,ood_near,resonancia,6,1.9924158233794524,1,2,0.00556250252549597,0.12307692307692308,0.1769230769230769,0.4461538461538462,0.05384615384615382,0.876923076923077,0.07692307692307698,0.9538461538461538,0.053846153846153766,0.9538461538461538,0.0038461538461538325
PRINCIPAL N=50,50,OOD_NEAR_resonancia_01,ood_near,resonancia,7,2.3244851272760276,1,2,0.005513656299540911,0.12307692307692308,0.1769230769230769,0.4769230769230769,0.023076923076923106,0.7846153846153847,0.01538461538461533,0.923076923076923,0.023076923076922995,0.923076923076923,0.02692307692307694
PRINCIPAL N=50,50,OOD_NEAR_resonancia_01,ood_near,resonancia,8,2.6565544311726033,1,2,0.006001048291871631,0.12307692307692308,0.1769230769230769,0.4615384615384615,0.03846153846153849,0.8461538461538461,0.0461538461538461,0.9384615384615385,0.038461538461538436,0.9384615384615385,0.011538461538461497
PRINCIPAL N=50,50,OOD_NEAR_resonancia_01,ood_near,resonancia,9,2.9886237350691784,1,2,0.006249631496501389,0.12307692307692308,0.1769230769230769,0.4461538461538462,0.05384615384615382,0.8461538461538461,0.0461538461538461,0.9384615384615385,0.038461538461538436,0.9384615384615385,0.011538461538461497
PRINCIPAL N=50,50,OOD_NEAR_resonancia_01,ood_near,resonancia,10,3.3206930389657536,1,2,0.006508742952091575,0.12307692307692308,0.1769230769230769,0.46153846153846156,0.038461538461538436,0.8153846153846154,0.01538461538461533,0.923076923076923,0.023076923076922995,0.923076923076923,0.02692307692307694
PRINCIPAL N=50,50,OOD_NEAR_resonancia_02,ood_near,resonancia,1,0.397942483005445,1,2,0.005105065415262104,0.27692307692307694,0.02307692307692305,0.5076923076923077,0.007692307692307665,0.7692307692307693,0.03076923076923077,0.8615384615384615,0.03846153846153855,0.8615384615384615,0.08846153846153848
PRINCIPAL N=50,50,OOD_NEAR_resonancia_02,ood_near,resonancia,2,0.79588496601089,2,2,0.011517497359683448,0.3230769230769231,0.023076923076923106,0.5384615384615384,0.038461538461538436,0.7384615384615385,0.06153846153846154,0.8615384615384615,0.03846153846153855,0.8615384615384615,0.08846153846153848
PRINCIPAL N=50,50,OOD_NEAR_resonancia_02,ood_near,resonancia,3,1.193827449016335,1,2,0.006807765984864119,0.2615384615384616,0.03846153846153838,0.4153846153846154,0.08461538461538459,0.7692307692307693,0.03076923076923077,0.8461538461538461,0.05384615384615388,0.8461538461538461,0.10384615384615381
PRINCIPAL N=50,50,OOD_NEAR_resonancia_02,ood_near,resonancia,4,1.59176993202178,2,2,0.009214693763529017,0.15384615384615385,0.14615384615384613,0.38461538461538464,0.11538461538461536,0.8,0.0,0.8923076923076924,0.007692307692307665,0.8923076923076924,0.0576923076923076
PRINCIPAL N=50,50,OOD_NEAR_resonancia_02,ood_near,resonancia,5,1.989712415027225,1,2,0.005112662058277479,0.3230769230769231,0.023076923076923106,0.4,0.09999999999999998,0.8307692307692308,0.03076923076923077,0.8923076923076924,0.007692307692307665,0.8923076923076924,0.0576923076923076
PRINCIPAL N=50,50,OOD_NEAR_resonancia_02,ood_near,resonancia,6,2.38765489803267,2,2,0.0003176765751712737,0.24615384615384617,0.05384615384615382,0.43076923076923074,0.06923076923076926,0.8307692307692308,0.03076923076923077,0.9076923076923077,0.007692307692307665,0.9076923076923077,0.04230769230769227
PRINCIPAL N=50,50,OOD_NEAR_resonancia_02,ood_near,resonancia,7,2.785597381038115,2,2,0.0005806840306150041,0.43076923076923074,0.13076923076923075,0.7230769230769232,0.22307692307692317,0.876923076923077,0.07692307692307698,0.8923076923076924,0.007692307692307665,0.8923076923076924,0.0576923076923076
PRINCIPAL N=50,50,OOD_NEAR_resonancia_02,ood_near,resonancia,8,3.18353986404356,2,2,0.0007789847062566544,0.2615384615384616,0.03846153846153838,0.476923076923077,0.023076923076922995,0.8153846153846154,0.01538461538461533,0.923076923076923,0.023076923076922995,0.923076923076923,0.02692307692307694
PRINCIPAL N=50,50,OOD_NEAR_resonancia_02,ood_near,resonancia,9,3.581482347049005,2,2,0.0019964858066955082,0.4923076923076922,0.19230769230769224,0.6,0.09999999999999998,0.9076923076923077,0.10769230769230764,0.9384615384615385,0.038461538461538436,0.9384615384615385,0.011538461538461497
PRINCIPAL N=50,50,OOD_NEAR_resonancia_02,ood_near,resonancia,10,3.97942483005445,3,3,0.0006197308599431159,0.4615384615384615,0.16153846153846152,0.6,0.09999999999999998,0.876923076923077,0.07692307692307698,0.9846153846153847,0.08461538461538465,0.9846153846153847,0.034615384615384714
PRINCIPAL N=50,50,OOD_NEAR_resonancia_03,ood_near,resonancia,1,0.3727373233582223,2,2,0.025797110909914073,0.3076923076923077,0.0076923076923077205,0.6,0.09999999999999998,0.9076923076923077,0.10769230769230764,0.9538461538461538,0.053846153846153766,0.9538461538461538,0.0038461538461538325
PRINCIPAL N=50,50,OOD_NEAR_resonancia_03,ood_near,resonancia,2,0.7454746467164446,2,2,0.022043769495672376,0.26153846153846155,0.038461538461538436,0.5538461538461539,0.05384615384615388,0.8307692307692308,0.03076923076923077,0.8461538461538461,0.05384615384615388,0.8461538461538461,0.10384615384615381
PRINCIPAL N=50,50,OOD_NEAR_resonancia_03,ood_near,resonancia,3,1.1182119700746669,1,2,0.005345740349126822,0.41538461538461535,0.11538461538461536,0.5076923076923077,0.007692307692307665,0.8,0.0,0.9384615384615385,0.038461538461538436,0.9384615384615385,0.011538461538461497
PRINCIPAL N=50,50,OOD_NEAR_resonancia_03,ood_near,resonancia,4,1.4909492934328892,2,2,0.01282768178957699,0.2615384615384616,0.03846153846153838,0.5230769230769232,0.023076923076923217,0.8615384615384615,0.06153846153846143,0.876923076923077,0.023076923076922995,0.876923076923077,0.07307692307692293
PRINCIPAL N=50,50,OOD_NEAR_resonancia_03,ood_near,resonancia,5,1.8636866167911115,1,2,0.005687448007478164,0.23076923076923078,0.0692307692307692,0.523076923076923,0.023076923076922995,0.7538461538461538,0.04615384615384621,0.8461538461538461,0.05384615384615388,0.8461538461538461,0.10384615384615381
PRINCIPAL N=50,50,OOD_NEAR_resonancia_03,ood_near,resonancia,6,2.2364239401493338,1,2,0.007887139790936706,0.3384615384615385,0.03846153846153849,0.5846153846153845,0.08461538461538454,0.9076923076923077,0.10769230769230764,0.923076923076923,0.023076923076922995,0.923076923076923,0.02692307692307694
PRINCIPAL N=50,50,OOD_NEAR_resonancia_03,ood_near,resonancia,7,2.609161263507556,1,2,0.010190575159189622,0.3230769230769231,0.023076923076923106,0.6307692307692307,0.13076923076923075,0.8461538461538461,0.0461538461538461,0.876923076923077,0.023076923076922995,0.876923076923077,0.07307692307692293
PRINCIPAL N=50,50,OOD_NEAR_resonancia_03,ood_near,resonancia,8,2.9818985868657784,1,2,0.011539833232030559,0.3384615384615385,0.03846153846153849,0.6153846153846153,0.11538461538461531,0.876923076923077,0.07692307692307698,0.9384615384615385,0.038461538461538436,0.9384615384615385,0.011538461538461497
PRINCIPAL N=50,50,OOD_NEAR_resonancia_03,ood_near,resonancia,9,3.3546359102240007,2,2,0.016274105372229432,0.2,0.09999999999999998,0.5384615384615385,0.03846153846153855,0.8307692307692308,0.03076923076923077,0.9076923076923077,0.007692307692307665,0.9076923076923077,0.04230769230769227
PRINCIPAL N=50,50,OOD_NEAR_resonancia_03,ood_near,resonancia,10,3.727373233582223,2,2,0.012528748293580139,0.36923076923076925,0.06923076923076926,0.5692307692307693,0.06923076923076932,0.8307692307692308,0.03076923076923077,0.923076923076923,0.023076923076922995,0.923076923076923,0.02692307692307694
PRINCIPAL N=50,50,OOD_NEAR_euler_colineal_00,ood_near,euler_colineal,1,1.5,1,2,0.003831790264440372,0.2615384615384616,0.03846153846153838,0.46153846153846156,0.038461538461538436,0.7846153846153847,0.01538461538461533,0.8923076923076924,0.007692307692307665,0.8923076923076924,0.0576923076923076
PRINCIPAL N=50,50,OOD_NEAR_euler_colineal_00,ood_near,euler_colineal,2,3.0,1,2,0.006088380811049221,0.24615384615384617,0.05384615384615382,0.4153846153846154,0.08461538461538459,0.7846153846153847,0.01538461538461533,0.876923076923077,0.023076923076922995,0.876923076923077,0.07307692307692293
PRINCIPAL N=50,50,OOD_NEAR_euler_colineal_00,ood_near,euler_colineal,3,4.5,2,2,0.006891278448681419,0.24615384615384617,0.05384615384615382,0.43076923076923074,0.06923076923076926,0.7846153846153847,0.01538461538461533,0.8615384615384615,0.03846153846153855,0.8615384615384615,0.08846153846153848
PRINCIPAL N=50,50,OOD_NEAR_euler_colineal_00,ood_near,euler_colineal,4,6.0,3,3,5.322033657322396e-07,0.3846153846153847,0.0846153846153847,0.6307692307692307,0.13076923076923075,0.8615384615384615,0.06153846153846143,0.9384615384615385,0.038461538461538436,0.9384615384615385,0.011538461538461497
PRINCIPAL N=50,50,OOD_NEAR_euler_colineal_00,ood_near,euler_colineal,5,7.5,6,6,0.00017003473155402575,0.3846153846153847,0.0846153846153847,0.6307692307692307,0.13076923076923075,0.8615384615384615,0.06153846153846143,0.9384615384615385,0.038461538461538436,0.9384615384615385,0.011538461538461497
PRINCIPAL N=50,50,OOD_NEAR_euler_colineal_00,ood_near,euler_colineal,6,9.0,7,7,0.00038005740292540224,0.3230769230769231,0.023076923076923106,0.4769230769230769,0.023076923076923106,0.9384615384615385,0.1384615384615384,0.953846153846154,0.05384615384615399,0.953846153846154,0.0038461538461540545
PRINCIPAL N=50,50,OOD_NEAR_euler_colineal_00,ood_near,euler_colineal,7,10.5,8,8,0.0002746515430046894,0.2923076923076923,0.007692307692307665,0.4769230769230769,0.023076923076923106,0.8,0.0,0.9076923076923077,0.007692307692307665,0.9076923076923077,0.04230769230769227
PRINCIPAL N=50,50,OOD_NEAR_euler_colineal_00,ood_near,euler_colineal,8,12.0,8,8,2.6643813754189255e-05,0.23076923076923075,0.06923076923076923,0.46153846153846156,0.038461538461538436,0.7692307692307693,0.03076923076923077,0.8461538461538461,0.05384615384615388,0.8461538461538461,0.10384615384615381
PRINCIPAL N=50,50,OOD_NEAR_euler_colineal_00,ood_near,euler_colineal,9,13.5,7,7,0.0002644907505187472,0.43076923076923085,0.13076923076923086,0.5846153846153846,0.08461538461538465,0.8923076923076924,0.09230769230769231,0.9384615384615385,0.038461538461538436,0.9384615384615385,0.011538461538461497
PRINCIPAL N=50,50,OOD_NEAR_euler_colineal_00,ood_near,euler_colineal,10,15.0,7,7,3.485206813305848e-05,0.2,0.09999999999999998,0.3846153846153846,0.11538461538461542,0.7538461538461538,0.04615384615384621,0.9076923076923077,0.007692307692307665,0.9076923076923077,0.04230769230769227
PRINCIPAL N=50,50,OOD_NEAR_euler_colineal_01,ood_near,euler_colineal,1,1.5,1,2,0.004457820786830408,0.4,0.10000000000000003,0.5230769230769231,0.023076923076923106,0.9384615384615385,0.1384615384615384,0.9384615384615385,0.038461538461538436,0.9384615384615385,0.011538461538461497
PRINCIPAL N=50,50,OOD_NEAR_euler_colineal_01,ood_near,euler_colineal,2,3.0,1,2,0.0015715191009550533,0.38461538461538464,0.08461538461538465,0.5230769230769232,0.023076923076923217,0.876923076923077,0.07692307692307698,0.9384615384615385,0.038461538461538436,0.9384615384615385,0.011538461538461497
PRINCIPAL N=50,50,OOD_NEAR_euler_colineal_01,ood_near,euler_colineal,3,4.5,1,2,0.0015067751746269747,0.16923076923076924,0.13076923076923075,0.4,0.09999999999999998,0.8615384615384617,0.06153846153846165,0.876923076923077,0.023076923076922995,0.876923076923077,0.07307692307692293
PRINCIPAL N=50,50,OOD_NEAR_euler_colineal_01,ood_near,euler_colineal,4,6.0,5,5,5.375204595733921e-08,0.2,0.09999999999999998,0.5076923076923077,0.007692307692307665,0.876923076923077,0.07692307692307698,0.9384615384615385,0.038461538461538436,0.9384615384615385,0.011538461538461497
PRINCIPAL N=50,50,OOD_NEAR_euler_colineal_01,ood_near,euler_colineal,5,7.5,6,6,3.993813441703824e-05,0.23076923076923078,0.0692307692307692,0.6153846153846153,0.11538461538461531,0.876923076923077,0.07692307692307698,0.9538461538461538,0.053846153846153766,0.9538461538461538,0.0038461538461538325
PRINCIPAL N=50,50,OOD_NEAR_euler_colineal_01,ood_near,euler_colineal,6,9.0,6,6,8.09707449995534e-07,0.27692307692307694,0.02307692307692305,0.5230769230769231,0.023076923076923106,0.8,0.0,0.8461538461538461,0.05384615384615388,0.8461538461538461,0.10384615384615381
PRINCIPAL N=50,50,OOD_NEAR_euler_colineal_01,ood_near,euler_colineal,7,10.5,7,7,4.228606813465594e-06,0.26153846153846155,0.038461538461538436,0.49230769230769234,0.007692307692307665,0.8,0.0,0.8923076923076924,0.007692307692307665,0.8923076923076924,0.0576923076923076
PRINCIPAL N=50,50,OOD_NEAR_euler_colineal_01,ood_near,euler_colineal,8,12.0,6,6,8.112847218387952e-05,0.18461538461538463,0.11538461538461536,0.6,0.09999999999999998,0.8461538461538461,0.0461538461538461,0.9384615384615385,0.038461538461538436,0.9384615384615385,0.011538461538461497
PRINCIPAL N=50,50,OOD_NEAR_euler_colineal_01,ood_near,euler_colineal,9,13.5,6,6,2.1684199019951662e-07,0.24615384615384617,0.05384615384615382,0.5538461538461539,0.05384615384615388,0.8923076923076924,0.09230769230769231,0.9692307692307693,0.06923076923076932,0.9692307692307693,0.019230769230769384
PRINCIPAL N=50,50,OOD_NEAR_euler_colineal_01,ood_near,euler_colineal,10,15.0,5,5,4.44587205076018e-06,0.21538461538461537,0.08461538461538462,0.5384615384615385,0.03846153846153855,0.876923076923077,0.07692307692307698,0.9846153846153847,0.08461538461538465,0.9846153846153847,0.034615384615384714
PRINCIPAL N=50,50,OOD_NEAR_euler_colineal_02,ood_near,euler_colineal,1,1.5,1,2,0.002624791205730642,0.2,0.09999999999999998,0.523076923076923,0.023076923076922995,0.9076923076923078,0.10769230769230775,0.9692307692307693,0.06923076923076932,0.9692307692307693,0.019230769230769384
PRINCIPAL N=50,50,OOD_NEAR_euler_colineal_02,ood_near,euler_colineal,2,3.0,1,2,0.0010113017472575612,0.4461538461538462,0.1461538461538462,0.6461538461538463,0.1461538461538463,0.9692307692307693,0.1692307692307693,0.9692307692307693,0.06923076923076932,0.9692307692307693,0.019230769230769384
PRINCIPAL N=50,50,OOD_NEAR_euler_colineal_02,ood_near,euler_colineal,3,4.5,3,3,0.00019125451478298186,0.35384615384615387,0.05384615384615388,0.6,0.09999999999999998,0.9076923076923077,0.10769230769230764,0.9538461538461538,0.053846153846153766,0.9538461538461538,0.0038461538461538325
PRINCIPAL N=50,50,OOD_NEAR_euler_colineal_02,ood_near,euler_colineal,4,6.0,4,4,1.3283215643903089e-05,0.43076923076923074,0.13076923076923075,0.6461538461538462,0.1461538461538462,0.9692307692307693,0.1692307692307693,0.9692307692307693,0.06923076923076932,0.9692307692307693,0.019230769230769384
PRINCIPAL N=50,50,OOD_NEAR_euler_colineal_02,ood_near,euler_colineal,5,7.5,6,6,5.789650544789882e-05,0.15384615384615385,0.14615384615384613,0.4,0.09999999999999998,0.8,0.0,0.9692307692307693,0.06923076923076932,0.9692307692307693,0.019230769230769384
PRINCIPAL N=50,50,OOD_NEAR_euler_colineal_02,ood_near,euler_colineal,6,9.0,8,8,2.8184082348915767e-06,0.3538461538461538,0.05384615384615382,0.6307692307692307,0.13076923076923075,0.8923076923076924,0.09230769230769231,0.9692307692307693,0.06923076923076932,0.9692307692307693,0.019230769230769384
PRINCIPAL N=50,50,OOD_NEAR_euler_colineal_02,ood_near,euler_colineal,7,10.5,7,7,0.00010655109076358755,0.43076923076923074,0.13076923076923075,0.6615384615384615,0.16153846153846152,0.8923076923076924,0.09230769230769231,0.9538461538461538,0.053846153846153766,0.9538461538461538,0.0038461538461538325
PRINCIPAL N=50,50,OOD_NEAR_euler_colineal_02,ood_near,euler_colineal,8,12.0,7,7,1.2026706250461706e-05,0.36923076923076925,0.06923076923076926,0.6615384615384616,0.16153846153846163,0.8307692307692308,0.03076923076923077,0.9076923076923077,0.007692307692307665,0.9076923076923077,0.04230769230769227
PRINCIPAL N=50,50,OOD_NEAR_euler_colineal_02,ood_near,euler_colineal,9,13.5,7,7,4.945594648510166e-06,0.43076923076923074,0.13076923076923075,0.6307692307692309,0.13076923076923086,0.8615384615384617,0.06153846153846165,0.9384615384615385,0.038461538461538436,0.9384615384615385,0.011538461538461497
PRINCIPAL N=50,50,OOD_NEAR_euler_colineal_02,ood_near,euler_colineal,10,15.0,6,6,5.735131486143821e-06,0.30769230769230776,0.007692307692307776,0.6,0.09999999999999998,0.8307692307692308,0.03076923076923077,0.8923076923076924,0.007692307692307665,0.8923076923076924,0.0576923076923076
PRINCIPAL N=50,50,OOD_NEAR_euler_colineal_03,ood_near,euler_colineal,1,1.5,1,2,0.00197221043297559,0.26153846153846155,0.038461538461538436,0.46153846153846156,0.038461538461538436,0.7846153846153846,0.015384615384615441,0.9076923076923077,0.007692307692307665,0.9076923076923077,0.04230769230769227
PRINCIPAL N=50,50,OOD_NEAR_euler_colineal_03,ood_near,euler_colineal,2,3.0,1,2,0.0022590205324141575,0.2615384615384615,0.03846153846153849,0.523076923076923,0.023076923076922995,0.9384615384615385,0.1384615384615384,0.9538461538461538,0.053846153846153766,0.9538461538461538,0.0038461538461538325
PRINCIPAL N=50,50,OOD_NEAR_euler_colineal_03,ood_near,euler_colineal,3,4.5,4,4,0.0003883925717522757,0.23076923076923075,0.06923076923076923,0.46153846153846156,0.038461538461538436,0.8153846153846155,0.015384615384615441,0.9384615384615385,0.038461538461538436,0.9384615384615385,0.011538461538461497
PRINCIPAL N=50,50,OOD_NEAR_euler_colineal_03,ood_near,euler_colineal,4,6.0,5,5,0.0006755789562281287,0.15384615384615385,0.14615384615384613,0.4769230769230769,0.023076923076923106,0.7846153846153846,0.015384615384615441,0.9076923076923077,0.007692307692307665,0.9076923076923077,0.04230769230769227
PRINCIPAL N=50,50,OOD_NEAR_euler_colineal_03,ood_near,euler_colineal,5,7.5,7,7,0.000252777234476704,0.5692307692307692,0.2692307692307692,0.7230769230769232,0.22307692307692317,0.8,0.0,0.9076923076923077,0.007692307692307665,0.9076923076923077,0.04230769230769227
PRINCIPAL N=50,50,OOD_NEAR_euler_colineal_03,ood_near,euler_colineal,6,9.0,8,8,0.00033613197533771666,0.13846153846153847,0.16153846153846152,0.4153846153846154,0.08461538461538459,0.6923076923076923,0.10769230769230775,0.8461538461538461,0.05384615384615388,0.8461538461538461,0.10384615384615381
PRINCIPAL N=50,50,OOD_NEAR_euler_colineal_03,ood_near,euler_colineal,7,10.5,8,8,8.451835102385272e-05,0.43076923076923085,0.13076923076923086,0.6923076923076923,0.1923076923076923,0.9538461538461538,0.15384615384615374,0.9692307692307693,0.06923076923076932,0.9692307692307693,0.019230769230769384
PRINCIPAL N=50,50,OOD_NEAR_euler_colineal_03,ood_near,euler_colineal,8,12.0,8,8,1.9035674279652895e-06,0.2,0.09999999999999998,0.4461538461538462,0.05384615384615382,0.8153846153846154,0.01538461538461533,0.8615384615384617,0.038461538461538325,0.8615384615384617,0.08846153846153826
PRINCIPAL N=50,50,OOD_NEAR_euler_colineal_03,ood_near,euler_colineal,9,13.5,8,8,7.657623177607651e-07,0.43076923076923085,0.13076923076923086,0.6,0.09999999999999998,0.8307692307692308,0.03076923076923077,0.923076923076923,0.023076923076922995,0.923076923076923,0.02692307692307694
PRINCIPAL N=50,50,OOD_NEAR_euler_colineal_03,ood_near,euler_colineal,10,15.0,8,8,8.251521142514558e-07,0.4,0.10000000000000003,0.5538461538461539,0.05384615384615388,0.8461538461538461,0.0461538461538461,0.9538461538461538,0.053846153846153766,0.9538461538461538,0.0038461538461538325
PRINCIPAL N=50,50,OOD_NEAR_masas_asimetricas_00,ood_near,masas_asimetricas,1,0.8808790250442602,1,2,0.0044266813191171425,0.3384615384615385,0.03846153846153849,0.5076923076923077,0.007692307692307665,0.8461538461538461,0.0461538461538461,0.8615384615384615,0.03846153846153855,0.8615384615384615,0.08846153846153848
PRINCIPAL N=50,50,OOD_NEAR_masas_asimetricas_00,ood_near,masas_asimetricas,2,1.7617580500885204,2,2,0.01720698191662833,0.4615384615384615,0.16153846153846152,0.5076923076923077,0.007692307692307665,0.8461538461538464,0.04615384615384632,0.9538461538461538,0.053846153846153766,0.9538461538461538,0.0038461538461538325
PRINCIPAL N=50,50,OOD_NEAR_masas_asimetricas_00,ood_near,masas_asimetricas,3,2.6426370751327806,1,2,0.008826505464627155,0.3230769230769231,0.023076923076923106,0.4923076923076922,0.007692307692307776,0.8615384615384617,0.06153846153846165,0.9230769230769231,0.023076923076923106,0.9230769230769231,0.026923076923076827
PRINCIPAL N=50,50,OOD_NEAR_masas_asimetricas_00,ood_near,masas_asimetricas,4,3.5235161001770408,2,2,0.014519526072644392,0.38461538461538464,0.08461538461538465,0.523076923076923,0.023076923076922995,0.7846153846153846,0.015384615384615441,0.876923076923077,0.023076923076922995,0.876923076923077,0.07307692307692293
PRINCIPAL N=50,50,OOD_NEAR_masas_asimetricas_00,ood_near,masas_asimetricas,5,4.404395125221301,1,2,0.011288412095546494,0.4769230769230769,0.1769230769230769,0.6461538461538462,0.1461538461538462,0.876923076923077,0.07692307692307698,0.9076923076923077,0.007692307692307665,0.9076923076923077,0.04230769230769227
PRINCIPAL N=50,50,OOD_NEAR_masas_asimetricas_00,ood_near,masas_asimetricas,6,5.285274150265561,1,2,0.006535932105095904,0.38461538461538464,0.08461538461538465,0.6307692307692307,0.13076923076923075,0.8153846153846154,0.01538461538461533,0.9230769230769231,0.023076923076923106,0.9230769230769231,0.026923076923076827
PRINCIPAL N=50,50,OOD_NEAR_masas_asimetricas_00,ood_near,masas_asimetricas,7,6.166153175309821,2,2,0.01485452577330223,0.36923076923076925,0.06923076923076926,0.5076923076923077,0.007692307692307665,0.8,0.0,0.923076923076923,0.023076923076922995,0.923076923076923,0.02692307692307694
PRINCIPAL N=50,50,OOD_NEAR_masas_asimetricas_00,ood_near,masas_asimetricas,8,7.0470322003540815,1,2,0.0035791534908696495,0.4153846153846154,0.11538461538461542,0.5538461538461539,0.05384615384615388,0.8153846153846154,0.01538461538461533,0.8923076923076924,0.007692307692307665,0.8923076923076924,0.0576923076923076
PRINCIPAL N=50,50,OOD_NEAR_masas_asimetricas_00,ood_near,masas_asimetricas,9,7.927911225398342,2,2,0.01615122889946973,0.36923076923076925,0.06923076923076926,0.5538461538461539,0.05384615384615388,0.8,0.0,0.876923076923077,0.023076923076922995,0.876923076923077,0.07307692307692293
PRINCIPAL N=50,50,OOD_NEAR_masas_asimetricas_00,ood_near,masas_asimetricas,10,8.808790250442602,1,2,0.004929035464701449,0.36923076923076925,0.06923076923076926,0.6153846153846154,0.11538461538461542,0.9076923076923077,0.10769230769230764,0.9692307692307693,0.06923076923076932,0.9692307692307693,0.019230769230769384
PRINCIPAL N=50,50,OOD_NEAR_masas_asimetricas_01,ood_near,masas_asimetricas,1,0.7501798348658469,1,2,0.004492716713337488,0.3076923076923077,0.0076923076923077205,0.5384615384615385,0.03846153846153855,0.8615384615384615,0.06153846153846143,0.9384615384615385,0.038461538461538436,0.9384615384615385,0.011538461538461497
PRINCIPAL N=50,50,OOD_NEAR_masas_asimetricas_01,ood_near,masas_asimetricas,2,1.5003596697316939,2,2,0.014728300768990146,0.3384615384615385,0.03846153846153849,0.5846153846153846,0.08461538461538465,0.8153846153846154,0.01538461538461533,0.9230769230769231,0.023076923076923106,0.9230769230769231,0.026923076923076827
PRINCIPAL N=50,50,OOD_NEAR_masas_asimetricas_01,ood_near,masas_asimetricas,3,2.250539504597541,1,2,0.007249698602133178,0.2923076923076923,0.007692307692307665,0.5384615384615385,0.03846153846153855,0.8,0.0,0.876923076923077,0.023076923076922995,0.876923076923077,0.07307692307692293
PRINCIPAL N=50,50,OOD_NEAR_masas_asimetricas_01,ood_near,masas_asimetricas,4,3.0007193394633878,1,2,0.012426523840787861,0.24615384615384617,0.05384615384615382,0.6307692307692309,0.13076923076923086,0.8153846153846155,0.015384615384615441,0.9538461538461538,0.053846153846153766,0.9538461538461538,0.0038461538461538325
PRINCIPAL N=50,50,OOD_NEAR_masas_asimetricas_01,ood_near,masas_asimetricas,5,3.7508991743292346,1,2,0.010858502112727642,0.36923076923076925,0.06923076923076926,0.6153846153846154,0.11538461538461542,0.8,0.0,0.9538461538461538,0.053846153846153766,0.9538461538461538,0.0038461538461538325
PRINCIPAL N=50,50,OOD_NEAR_masas_asimetricas_01,ood_near,masas_asimetricas,6,4.501079009195082,1,2,0.009469242689591184,0.3538461538461539,0.05384615384615393,0.6153846153846154,0.11538461538461542,0.8,0.0,0.953846153846154,0.05384615384615399,0.953846153846154,0.0038461538461540545
PRINCIPAL N=50,50,OOD_NEAR_masas_asimetricas_01,ood_near,masas_asimetricas,7,5.251258844060929,1,2,0.007864194639308703,0.3846153846153847,0.0846153846153847,0.5692307692307692,0.0692307692307692,0.8615384615384617,0.06153846153846165,0.953846153846154,0.05384615384615399,0.953846153846154,0.0038461538461540545
PRINCIPAL N=50,50,OOD_NEAR_masas_asimetricas_01,ood_near,masas_asimetricas,8,6.0014386789267755,1,2,0.011064675625087535,0.2923076923076923,0.007692307692307665,0.5384615384615385,0.03846153846153855,0.8153846153846154,0.01538461538461533,0.876923076923077,0.023076923076922995,0.876923076923077,0.07307692307692293
PRINCIPAL N=50,50,OOD_NEAR_masas_asimetricas_01,ood_near,masas_asimetricas,9,6.751618513792622,2,2,0.017114624624210765,0.3384615384615385,0.03846153846153849,0.6,0.09999999999999998,0.8,0.0,0.9538461538461538,0.053846153846153766,0.9538461538461538,0.0038461538461538325
PRINCIPAL N=50,50,OOD_NEAR_masas_asimetricas_01,ood_near,masas_asimetricas,10,7.501798348658469,1,2,0.004524004225846157,0.27692307692307694,0.02307692307692305,0.5692307692307692,0.0692307692307692,0.8,0.0,0.8615384615384615,0.03846153846153855,0.8615384615384615,0.08846153846153848
PRINCIPAL N=50,50,OOD_NEAR_masas_asimetricas_02,ood_near,masas_asimetricas,1,0.9421951298066219,1,2,0.006982712389764502,0.18461538461538463,0.11538461538461536,0.4615384615384615,0.03846153846153849,0.8307692307692308,0.03076923076923077,1.0,0.09999999999999998,1.0,0.050000000000000044
PRINCIPAL N=50,50,OOD_NEAR_masas_asimetricas_02,ood_near,masas_asimetricas,2,1.8843902596132436,2,2,0.005578402545629331,0.43076923076923085,0.13076923076923086,0.6615384615384616,0.16153846153846163,0.876923076923077,0.07692307692307698,0.923076923076923,0.023076923076922995,0.923076923076923,0.02692307692307694
PRINCIPAL N=50,50,OOD_NEAR_masas_asimetricas_02,ood_near,masas_asimetricas,3,2.8265853894198654,1,2,0.004102822332183668,0.24615384615384617,0.05384615384615382,0.5076923076923077,0.007692307692307665,0.8153846153846154,0.01538461538461533,0.923076923076923,0.023076923076922995,0.923076923076923,0.02692307692307694
PRINCIPAL N=50,50,OOD_NEAR_masas_asimetricas_02,ood_near,masas_asimetricas,4,3.768780519226487,2,2,0.006691745075699295,0.35384615384615387,0.05384615384615388,0.6153846153846153,0.11538461538461531,0.8615384615384617,0.06153846153846165,0.9384615384615385,0.038461538461538436,0.9384615384615385,0.011538461538461497
PRINCIPAL N=50,50,OOD_NEAR_masas_asimetricas_02,ood_near,masas_asimetricas,5,4.710975649033109,1,2,0.005573438212293967,0.27692307692307694,0.02307692307692305,0.49230769230769234,0.007692307692307665,0.7538461538461539,0.0461538461538461,0.8461538461538461,0.05384615384615388,0.8461538461538461,0.10384615384615381
PRINCIPAL N=50,50,OOD_NEAR_masas_asimetricas_02,ood_near,masas_asimetricas,6,5.653170778839732,1,2,0.00219677969100821,0.36923076923076925,0.06923076923076926,0.5384615384615384,0.038461538461538436,0.9076923076923077,0.10769230769230764,0.9230769230769231,0.023076923076923106,0.9230769230769231,0.026923076923076827
PRINCIPAL N=50,50,OOD_NEAR_masas_asimetricas_02,ood_near,masas_asimetricas,7,6.595365908646353,2,2,0.007208328860218986,0.35384615384615387,0.05384615384615388,0.5538461538461539,0.05384615384615388,0.8461538461538461,0.0461538461538461,0.9076923076923077,0.007692307692307665,0.9076923076923077,0.04230769230769227
PRINCIPAL N=50,50,OOD_NEAR_masas_asimetricas_02,ood_near,masas_asimetricas,8,7.537561038452974,1,2,0.004314943913557617,0.3692307692307692,0.0692307692307692,0.5692307692307692,0.0692307692307692,0.8923076923076924,0.09230769230769231,0.9230769230769231,0.023076923076923106,0.9230769230769231,0.026923076923076827
PRINCIPAL N=50,50,OOD_NEAR_masas_asimetricas_02,ood_near,masas_asimetricas,9,8.479756168259597,2,2,0.01033768371985846,0.23076923076923078,0.0692307692307692,0.5230769230769232,0.023076923076923217,0.8153846153846154,0.01538461538461533,0.8923076923076924,0.007692307692307665,0.8923076923076924,0.0576923076923076
PRINCIPAL N=50,50,OOD_NEAR_masas_asimetricas_02,ood_near,masas_asimetricas,10,9.421951298066219,1,2,0.012977226243437131,0.23076923076923075,0.06923076923076923,0.4769230769230769,0.023076923076923106,0.8769230769230768,0.07692307692307676,0.9384615384615385,0.038461538461538436,0.9384615384615385,0.011538461538461497
PRINCIPAL N=50,50,OOD_NEAR_masas_asimetricas_03,ood_near,masas_asimetricas,1,0.7865285243780283,1,2,0.005846813767059864,0.43076923076923085,0.13076923076923086,0.5230769230769231,0.023076923076923106,0.8,0.0,0.876923076923077,0.023076923076922995,0.876923076923077,0.07307692307692293
PRINCIPAL N=50,50,OOD_NEAR_masas_asimetricas_03,ood_near,masas_asimetricas,2,1.5730570487560565,1,2,0.01443180213957027,0.3230769230769231,0.023076923076923106,0.5384615384615385,0.03846153846153855,0.8153846153846155,0.015384615384615441,0.9076923076923078,0.007692307692307776,0.9076923076923078,0.04230769230769216
PRINCIPAL N=50,50,OOD_NEAR_masas_asimetricas_03,ood_near,masas_asimetricas,3,2.3595855731340847,1,2,0.010028634544231488,0.3538461538461538,0.05384615384615382,0.46153846153846156,0.038461538461538436,0.8,0.0,0.9538461538461538,0.053846153846153766,0.9538461538461538,0.0038461538461538325
PRINCIPAL N=50,50,OOD_NEAR_masas_asimetricas_03,ood_near,masas_asimetricas,4,3.146114097512113,1,2,0.01381583557636904,0.27692307692307694,0.02307692307692305,0.4615384615384615,0.03846153846153849,0.7692307692307692,0.030769230769230882,0.9230769230769231,0.023076923076923106,0.9230769230769231,0.026923076923076827
PRINCIPAL N=50,50,OOD_NEAR_masas_asimetricas_03,ood_near,masas_asimetricas,5,3.932642621890141,1,2,0.010082307368580363,0.3230769230769231,0.023076923076923106,0.49230769230769234,0.007692307692307665,0.8,0.0,0.9538461538461538,0.053846153846153766,0.9538461538461538,0.0038461538461538325
PRINCIPAL N=50,50,OOD_NEAR_masas_asimetricas_03,ood_near,masas_asimetricas,6,4.719171146268169,1,2,0.013950845578150368,0.27692307692307694,0.02307692307692305,0.476923076923077,0.023076923076922995,0.7846153846153847,0.01538461538461533,0.9230769230769231,0.023076923076923106,0.9230769230769231,0.026923076923076827
PRINCIPAL N=50,50,OOD_NEAR_masas_asimetricas_03,ood_near,masas_asimetricas,7,5.505699670646198,1,2,0.011129612792080513,0.27692307692307694,0.02307692307692305,0.476923076923077,0.023076923076922995,0.7692307692307692,0.030769230769230882,0.9230769230769231,0.023076923076923106,0.9230769230769231,0.026923076923076827
PRINCIPAL N=50,50,OOD_NEAR_masas_asimetricas_03,ood_near,masas_asimetricas,8,6.292228195024227,1,2,0.012013819893095457,0.3076923076923077,0.0076923076923077205,0.49230769230769234,0.007692307692307665,0.7076923076923076,0.09230769230769242,0.7846153846153846,0.11538461538461542,0.7846153846153846,0.16538461538461535
PRINCIPAL N=50,50,OOD_NEAR_masas_asimetricas_03,ood_near,masas_asimetricas,9,7.0787567194022545,1,2,0.01023336226340151,0.27692307692307694,0.02307692307692305,0.5846153846153845,0.08461538461538454,0.8615384615384615,0.06153846153846143,0.876923076923077,0.023076923076922995,0.876923076923077,0.07307692307692293
PRINCIPAL N=50,50,OOD_NEAR_masas_asimetricas_03,ood_near,masas_asimetricas,10,7.865285243780283,1,2,0.008460666538918275,0.38461538461538464,0.08461538461538465,0.6307692307692309,0.13076923076923086,0.7692307692307693,0.03076923076923077,0.8615384615384615,0.03846153846153855,0.8615384615384615,0.08846153846153848
PRINCIPAL N=50,50,OOD_FAR_separatriz_00,ood_far,separatriz,1,0.560161757991949,1,2,0.0026224824093980573,0.23076923076923078,0.0692307692307692,0.4461538461538462,0.05384615384615382,0.7076923076923077,0.09230769230769231,0.9230769230769231,0.023076923076923106,0.9230769230769231,0.026923076923076827
PRINCIPAL N=50,50,OOD_FAR_separatriz_00,ood_far,separatriz,2,1.120323515983898,1,2,0.0022185300289726652,0.2,0.09999999999999998,0.3846153846153846,0.11538461538461542,0.676923076923077,0.12307692307692308,0.8153846153846154,0.08461538461538465,0.8153846153846154,0.13461538461538458
PRINCIPAL N=50,50,OOD_FAR_separatriz_00,ood_far,separatriz,3,1.680485273975847,1,2,0.0032150213404534686,0.24615384615384617,0.05384615384615382,0.476923076923077,0.023076923076922995,0.7076923076923077,0.09230769230769231,0.9076923076923077,0.007692307692307665,0.9076923076923077,0.04230769230769227
PRINCIPAL N=50,50,OOD_FAR_separatriz_00,ood_far,separatriz,4,2.240647031967796,1,2,0.002223869501621528,0.2,0.09999999999999998,0.49230769230769234,0.007692307692307665,0.7230769230769232,0.07692307692307687,0.8307692307692307,0.06923076923076932,0.8307692307692307,0.11923076923076925
PRINCIPAL N=50,50,OOD_FAR_separatriz_00,ood_far,separatriz,5,2.800808789959745,1,2,0.0030982000264176872,0.24615384615384617,0.05384615384615382,0.4923076923076922,0.007692307692307776,0.6615384615384616,0.1384615384615384,0.7846153846153847,0.11538461538461531,0.7846153846153847,0.16538461538461524
PRINCIPAL N=50,50,OOD_FAR_separatriz_00,ood_far,separatriz,6,3.3609705479516943,1,2,0.002269491733286063,0.23076923076923075,0.06923076923076923,0.5076923076923077,0.007692307692307665,0.7230769230769232,0.07692307692307687,0.8307692307692307,0.06923076923076932,0.8307692307692307,0.11923076923076925
PRINCIPAL N=50,50,OOD_FAR_separatriz_00,ood_far,separatriz,7,3.921132305943643,1,2,0.002989515090402492,0.4461538461538462,0.1461538461538462,0.5692307692307692,0.0692307692307692,0.8307692307692308,0.03076923076923077,0.8461538461538461,0.05384615384615388,0.8461538461538461,0.10384615384615381
PRINCIPAL N=50,50,OOD_FAR_separatriz_00,ood_far,separatriz,8,4.481294063935592,1,2,0.0023221296256946736,0.21538461538461537,0.08461538461538462,0.5076923076923077,0.007692307692307665,0.7230769230769232,0.07692307692307687,0.8307692307692307,0.06923076923076932,0.8307692307692307,0.11923076923076925
PRINCIPAL N=50,50,OOD_FAR_separatriz_00,ood_far,separatriz,9,5.041455821927541,1,2,0.002873147388043378,0.4,0.10000000000000003,0.4615384615384615,0.03846153846153849,0.723076923076923,0.0769230769230771,0.7692307692307693,0.13076923076923075,0.7692307692307693,0.18076923076923068
PRINCIPAL N=50,50,OOD_FAR_separatriz_00,ood_far,separatriz,10,5.60161757991949,1,2,0.002360321292148236,0.21538461538461537,0.08461538461538462,0.49230769230769234,0.007692307692307665,0.7384615384615385,0.06153846153846154,0.8307692307692307,0.06923076923076932,0.8307692307692307,0.11923076923076925
PRINCIPAL N=50,50,OOD_FAR_separatriz_01,ood_far,separatriz,1,0.5566347864814842,1,2,0.002356714729839007,0.2923076923076923,0.007692307692307665,0.49230769230769234,0.007692307692307665,0.8153846153846154,0.01538461538461533,0.8923076923076924,0.007692307692307665,0.8923076923076924,0.0576923076923076
PRINCIPAL N=50,50,OOD_FAR_separatriz_01,ood_far,separatriz,2,1.1132695729629685,1,2,0.0015924965685861262,0.32307692307692304,0.02307692307692305,0.5538461538461539,0.05384615384615388,0.8461538461538461,0.0461538461538461,0.9384615384615385,0.038461538461538436,0.9384615384615385,0.011538461538461497
PRINCIPAL N=50,50,OOD_FAR_separatriz_01,ood_far,separatriz,3,1.6699043594444527,1,2,0.0008200197358534976,0.24615384615384617,0.05384615384615382,0.5230769230769231,0.023076923076923106,0.8153846153846155,0.015384615384615441,0.876923076923077,0.023076923076922995,0.876923076923077,0.07307692307692293
PRINCIPAL N=50,50,OOD_FAR_separatriz_01,ood_far,separatriz,4,2.226539145925937,1,2,0.0013665552955640157,0.3538461538461538,0.05384615384615382,0.5538461538461539,0.05384615384615388,0.8923076923076924,0.09230769230769231,0.9538461538461538,0.053846153846153766,0.9538461538461538,0.0038461538461538325
PRINCIPAL N=50,50,OOD_FAR_separatriz_01,ood_far,separatriz,5,2.783173932407421,1,2,0.000896075705536669,0.24615384615384617,0.05384615384615382,0.5538461538461539,0.05384615384615388,0.8615384615384615,0.06153846153846143,0.9384615384615385,0.038461538461538436,0.9384615384615385,0.011538461538461497
PRINCIPAL N=50,50,OOD_FAR_separatriz_01,ood_far,separatriz,6,3.3398087188889054,1,2,0.0013333568101270023,0.3538461538461538,0.05384615384615382,0.6153846153846153,0.11538461538461531,0.8615384615384615,0.06153846153846143,0.9384615384615385,0.038461538461538436,0.9384615384615385,0.011538461538461497
PRINCIPAL N=50,50,OOD_FAR_separatriz_01,ood_far,separatriz,7,3.8964435053703896,1,2,0.0011284207379934218,0.21538461538461537,0.08461538461538462,0.4769230769230769,0.023076923076923106,0.953846153846154,0.15384615384615397,0.9846153846153847,0.08461538461538465,0.9846153846153847,0.034615384615384714
PRINCIPAL N=50,50,OOD_FAR_separatriz_01,ood_far,separatriz,8,4.453078291851874,1,2,0.0013184792349146119,0.3384615384615385,0.03846153846153849,0.6153846153846153,0.11538461538461531,0.8615384615384617,0.06153846153846165,0.9230769230769231,0.023076923076923106,0.9230769230769231,0.026923076923076827
PRINCIPAL N=50,50,OOD_FAR_separatriz_01,ood_far,separatriz,9,5.009713078333358,1,2,0.0010365097354311397,0.23076923076923078,0.0692307692307692,0.5230769230769232,0.023076923076923217,0.7538461538461538,0.04615384615384621,0.8307692307692308,0.0692307692307692,0.8307692307692308,0.11923076923076914
PRINCIPAL N=50,50,OOD_FAR_separatriz_01,ood_far,separatriz,10,5.566347864814842,1,2,0.0013149973485408356,0.2923076923076923,0.007692307692307665,0.6153846153846154,0.11538461538461542,0.8461538461538461,0.0461538461538461,0.9076923076923078,0.007692307692307776,0.9076923076923078,0.04230769230769216
PRINCIPAL N=50,50,OOD_FAR_separatriz_02,ood_far,separatriz,1,0.5612747153107003,1,2,0.0028420772058366526,0.15384615384615385,0.14615384615384613,0.3230769230769231,0.1769230769230769,0.7230769230769231,0.07692307692307698,0.876923076923077,0.023076923076922995,0.876923076923077,0.07307692307692293
PRINCIPAL N=50,50,OOD_FAR_separatriz_02,ood_far,separatriz,2,1.1225494306214006,1,2,0.005252774273792292,0.18461538461538463,0.11538461538461536,0.4,0.09999999999999998,0.9076923076923077,0.10769230769230764,0.9692307692307693,0.06923076923076932,0.9692307692307693,0.019230769230769384
PRINCIPAL N=50,50,OOD_FAR_separatriz_02,ood_far,separatriz,3,1.6838241459321008,1,2,0.0035368193043214214,0.18461538461538463,0.11538461538461536,0.3384615384615385,0.16153846153846152,0.6923076923076923,0.10769230769230775,0.8461538461538461,0.05384615384615388,0.8461538461538461,0.10384615384615381
PRINCIPAL N=50,50,OOD_FAR_separatriz_02,ood_far,separatriz,4,2.245098861242801,1,2,0.005311627510326762,0.21538461538461542,0.08461538461538456,0.5538461538461539,0.05384615384615388,0.8153846153846155,0.015384615384615441,0.9076923076923077,0.007692307692307665,0.9076923076923077,0.04230769230769227
PRINCIPAL N=50,50,OOD_FAR_separatriz_02,ood_far,separatriz,5,2.8063735765535016,1,2,0.003212795848028965,0.2615384615384615,0.03846153846153849,0.46153846153846156,0.038461538461538436,0.676923076923077,0.12307692307692308,0.8461538461538461,0.05384615384615388,0.8461538461538461,0.10384615384615381
PRINCIPAL N=50,50,OOD_FAR_separatriz_02,ood_far,separatriz,6,3.367648291864202,1,2,0.005377196671664949,0.26153846153846155,0.038461538461538436,0.6307692307692307,0.13076923076923075,0.8307692307692308,0.03076923076923077,0.953846153846154,0.05384615384615399,0.953846153846154,0.0038461538461540545
PRINCIPAL N=50,50,OOD_FAR_separatriz_02,ood_far,separatriz,7,3.9289230071749017,1,2,0.003555970672137633,0.4153846153846154,0.11538461538461542,0.6461538461538462,0.1461538461538462,0.8923076923076924,0.09230769230769231,0.9384615384615385,0.038461538461538436,0.9384615384615385,0.011538461538461497
PRINCIPAL N=50,50,OOD_FAR_separatriz_02,ood_far,separatriz,8,4.490197722485602,1,2,0.0054067310464573255,0.26153846153846155,0.038461538461538436,0.6307692307692307,0.13076923076923075,0.8,0.0,0.9230769230769231,0.023076923076923106,0.9230769230769231,0.026923076923076827
PRINCIPAL N=50,50,OOD_FAR_separatriz_02,ood_far,separatriz,9,5.051472437796303,1,2,0.003938622751158389,0.4615384615384615,0.16153846153846152,0.6615384615384615,0.16153846153846152,0.8923076923076924,0.09230769230769231,0.9538461538461538,0.053846153846153766,0.9538461538461538,0.0038461538461538325
PRINCIPAL N=50,50,OOD_FAR_separatriz_02,ood_far,separatriz,10,5.612747153107003,1,2,0.0054235983376158415,0.30769230769230765,0.007692307692307665,0.6307692307692307,0.13076923076923075,0.8,0.0,0.9230769230769231,0.023076923076923106,0.9230769230769231,0.026923076923076827
PRINCIPAL N=50,50,OOD_FAR_separatriz_03,ood_far,separatriz,1,0.5621716527502312,1,2,0.002806970723493345,0.21538461538461537,0.08461538461538462,0.5076923076923077,0.007692307692307665,0.8615384615384615,0.06153846153846143,0.8923076923076924,0.007692307692307665,0.8923076923076924,0.0576923076923076
PRINCIPAL N=50,50,OOD_FAR_separatriz_03,ood_far,separatriz,2,1.1243433055004624,1,2,0.007986226088063575,0.2615384615384616,0.03846153846153838,0.3846153846153846,0.11538461538461542,0.8,0.0,0.8615384615384615,0.03846153846153855,0.8615384615384615,0.08846153846153848
PRINCIPAL N=50,50,OOD_FAR_separatriz_03,ood_far,separatriz,3,1.6865149582506935,1,2,0.00500952695312637,0.2615384615384616,0.03846153846153838,0.4,0.09999999999999998,0.8153846153846155,0.015384615384615441,0.8615384615384615,0.03846153846153855,0.8615384615384615,0.08846153846153848
PRINCIPAL N=50,50,OOD_FAR_separatriz_03,ood_far,separatriz,4,2.2486866110009247,1,2,0.0072740001863622426,0.2615384615384616,0.03846153846153838,0.3846153846153846,0.11538461538461542,0.8,0.0,0.8615384615384615,0.03846153846153855,0.8615384615384615,0.08846153846153848
PRINCIPAL N=50,50,OOD_FAR_separatriz_03,ood_far,separatriz,5,2.8108582637511557,1,2,0.005612956937085804,0.2615384615384616,0.03846153846153838,0.4,0.09999999999999998,0.8153846153846155,0.015384615384615441,0.8615384615384615,0.03846153846153855,0.8615384615384615,0.08846153846153848
PRINCIPAL N=50,50,OOD_FAR_separatriz_03,ood_far,separatriz,6,3.3730299165013866,1,2,0.007003038845948539,0.2615384615384616,0.03846153846153838,0.3846153846153846,0.11538461538461542,0.8,0.0,0.8615384615384615,0.03846153846153855,0.8615384615384615,0.08846153846153848
PRINCIPAL N=50,50,OOD_FAR_separatriz_03,ood_far,separatriz,7,3.9352015692516185,1,2,0.00587252813184043,0.2615384615384616,0.03846153846153838,0.3846153846153846,0.11538461538461542,0.8,0.0,0.8615384615384615,0.03846153846153855,0.8615384615384615,0.08846153846153848
PRINCIPAL N=50,50,OOD_FAR_separatriz_03,ood_far,separatriz,8,4.497373222001849,1,2,0.00685638600756152,0.2615384615384616,0.03846153846153838,0.3846153846153846,0.11538461538461542,0.8,0.0,0.8615384615384615,0.03846153846153855,0.8615384615384615,0.08846153846153848
PRINCIPAL N=50,50,OOD_FAR_separatriz_03,ood_far,separatriz,9,5.05954487475208,1,2,0.0060134559258103945,0.2615384615384616,0.03846153846153838,0.3846153846153846,0.11538461538461542,0.8,0.0,0.8615384615384615,0.03846153846153855,0.8615384615384615,0.08846153846153848
PRINCIPAL N=50,50,OOD_FAR_separatriz_03,ood_far,separatriz,10,5.621716527502311,1,2,0.006764444776486139,0.2615384615384616,0.03846153846153838,0.3846153846153846,0.11538461538461542,0.8,0.0,0.8615384615384615,0.03846153846153855,0.8615384615384615,0.08846153846153848
PRINCIPAL N=50,50,OOD_FAR_encuentro_violento_00,ood_far,encuentro_violento,1,0.4029832822545892,2,2,0.004301941424674004,0.4615384615384615,0.16153846153846152,0.6461538461538462,0.1461538461538462,0.8615384615384615,0.06153846153846143,0.9230769230769231,0.023076923076923106,0.9230769230769231,0.026923076923076827
PRINCIPAL N=50,50,OOD_FAR_encuentro_violento_00,ood_far,encuentro_violento,2,0.8059665645091783,2,2,0.8934709113783414,0.2,0.09999999999999998,0.4461538461538462,0.05384615384615382,0.9692307692307693,0.1692307692307693,0.9692307692307693,0.06923076923076932,0.9692307692307693,0.019230769230769384
PRINCIPAL N=50,50,OOD_FAR_encuentro_violento_00,ood_far,encuentro_violento,3,1.2089498467637674,2,2,0.014255223389036597,0.4153846153846154,0.11538461538461542,0.6461538461538461,0.14615384615384608,0.9076923076923077,0.10769230769230764,0.9538461538461538,0.053846153846153766,0.9538461538461538,0.0038461538461538325
PRINCIPAL N=50,50,OOD_FAR_encuentro_violento_00,ood_far,encuentro_violento,4,1.6119331290183565,2,2,0.01832106788172112,0.15384615384615383,0.14615384615384616,0.4153846153846154,0.08461538461538459,0.9384615384615385,0.1384615384615384,0.9692307692307693,0.06923076923076932,0.9692307692307693,0.019230769230769384
PRINCIPAL N=50,50,OOD_FAR_encuentro_violento_00,ood_far,encuentro_violento,5,2.014916411272946,2,2,0.44098381382845997,0.1846153846153846,0.11538461538461539,0.3230769230769231,0.1769230769230769,0.7230769230769231,0.07692307692307698,0.8307692307692308,0.0692307692307692,0.8307692307692308,0.11923076923076914
PRINCIPAL N=50,50,OOD_FAR_encuentro_violento_00,ood_far,encuentro_violento,6,2.417899693527535,2,2,0.026506051296079754,0.43076923076923074,0.13076923076923075,0.7230769230769231,0.22307692307692306,0.9538461538461538,0.15384615384615374,0.9538461538461538,0.053846153846153766,0.9538461538461538,0.0038461538461538325
PRINCIPAL N=50,50,OOD_FAR_encuentro_violento_00,ood_far,encuentro_violento,7,2.820882975782124,2,2,0.015645361049171948,0.3384615384615384,0.038461538461538436,0.49230769230769234,0.007692307692307665,0.9230769230769231,0.12307692307692308,1.0,0.09999999999999998,1.0,0.050000000000000044
PRINCIPAL N=50,50,OOD_FAR_encuentro_violento_00,ood_far,encuentro_violento,8,3.223866258036713,2,2,0.16429420358120114,0.18461538461538463,0.11538461538461536,0.3384615384615385,0.16153846153846152,0.8153846153846154,0.01538461538461533,0.876923076923077,0.023076923076922995,0.876923076923077,0.07307692307692293
PRINCIPAL N=50,50,OOD_FAR_encuentro_violento_00,ood_far,encuentro_violento,9,3.6268495402913024,2,2,0.06256396669162285,0.4153846153846154,0.11538461538461542,0.676923076923077,0.17692307692307696,0.9538461538461538,0.15384615384615374,0.9692307692307693,0.06923076923076932,0.9692307692307693,0.019230769230769384
PRINCIPAL N=50,50,OOD_FAR_encuentro_violento_00,ood_far,encuentro_violento,10,4.029832822545892,2,2,0.015597383532661352,0.2,0.09999999999999998,0.4461538461538462,0.05384615384615382,0.9384615384615385,0.1384615384615384,1.0,0.09999999999999998,1.0,0.050000000000000044
PRINCIPAL N=50,50,OOD_FAR_encuentro_violento_01,ood_far,encuentro_violento,1,0.2897329888251865,2,2,0.13457616583429463,0.43076923076923074,0.13076923076923075,0.5692307692307693,0.06923076923076932,0.9076923076923077,0.10769230769230764,0.9538461538461538,0.053846153846153766,0.9538461538461538,0.0038461538461538325
PRINCIPAL N=50,50,OOD_FAR_encuentro_violento_01,ood_far,encuentro_violento,2,0.579465977650373,2,2,0.024389560794256745,0.3230769230769231,0.023076923076923106,0.6,0.09999999999999998,0.8461538461538461,0.0461538461538461,0.9384615384615385,0.038461538461538436,0.9384615384615385,0.011538461538461497
PRINCIPAL N=50,50,OOD_FAR_encuentro_violento_01,ood_far,encuentro_violento,3,0.8691989664755595,2,2,0.06316716456430452,0.36923076923076925,0.06923076923076926,0.5076923076923077,0.007692307692307665,0.8461538461538461,0.0461538461538461,0.9384615384615385,0.038461538461538436,0.9384615384615385,0.011538461538461497
PRINCIPAL N=50,50,OOD_FAR_encuentro_violento_01,ood_far,encuentro_violento,4,1.158931955300746,2,2,0.02798293505073072,0.3846153846153846,0.08461538461538459,0.5692307692307693,0.06923076923076932,0.7692307692307692,0.030769230769230882,0.9384615384615385,0.038461538461538436,0.9384615384615385,0.011538461538461497
PRINCIPAL N=50,50,OOD_FAR_encuentro_violento_01,ood_far,encuentro_violento,5,1.4486649441259325,2,2,0.029127567389732455,0.24615384615384617,0.05384615384615382,0.5230769230769231,0.023076923076923106,0.8923076923076924,0.09230769230769231,0.9538461538461538,0.053846153846153766,0.9538461538461538,0.0038461538461538325
PRINCIPAL N=50,50,OOD_FAR_encuentro_violento_01,ood_far,encuentro_violento,6,1.738397932951119,2,2,0.03209198205176676,0.27692307692307694,0.02307692307692305,0.6000000000000001,0.10000000000000009,0.8923076923076924,0.09230769230769231,0.9076923076923077,0.007692307692307665,0.9076923076923077,0.04230769230769227
PRINCIPAL N=50,50,OOD_FAR_encuentro_violento_01,ood_far,encuentro_violento,7,2.0281309217763055,2,2,0.04122247257232592,0.23076923076923075,0.06923076923076923,0.5692307692307692,0.0692307692307692,0.876923076923077,0.07692307692307698,0.9076923076923078,0.007692307692307776,0.9076923076923078,0.04230769230769216
PRINCIPAL N=50,50,OOD_FAR_encuentro_violento_01,ood_far,encuentro_violento,8,2.317863910601492,2,2,0.04327084445109677,0.24615384615384617,0.05384615384615382,0.5538461538461539,0.05384615384615388,0.7692307692307692,0.030769230769230882,0.9384615384615385,0.038461538461538436,0.9384615384615385,0.011538461538461497
PRINCIPAL N=50,50,OOD_FAR_encuentro_violento_01,ood_far,encuentro_violento,9,2.6075968994266785,2,2,0.04793011105563386,0.3692307692307692,0.0692307692307692,0.6,0.09999999999999998,0.8307692307692307,0.03076923076923066,0.9538461538461538,0.053846153846153766,0.9538461538461538,0.0038461538461538325
PRINCIPAL N=50,50,OOD_FAR_encuentro_violento_01,ood_far,encuentro_violento,10,2.897329888251865,2,2,0.07168025962366593,0.24615384615384617,0.05384615384615382,0.43076923076923085,0.06923076923076915,0.7230769230769231,0.07692307692307698,0.8461538461538461,0.05384615384615388,0.8461538461538461,0.10384615384615381
PRINCIPAL N=50,50,OOD_FAR_encuentro_violento_02,ood_far,encuentro_violento,1,0.4384302918925199,3,3,0.006298486777589057,0.21538461538461542,0.08461538461538456,0.5230769230769231,0.023076923076923106,0.8923076923076924,0.09230769230769231,0.9692307692307693,0.06923076923076932,0.9692307692307693,0.019230769230769384
PRINCIPAL N=50,50,OOD_FAR_encuentro_violento_02,ood_far,encuentro_violento,2,0.8768605837850398,3,3,0.029949435636307493,0.24615384615384617,0.05384615384615382,0.5384615384615385,0.03846153846153855,0.8615384615384615,0.06153846153846143,0.9076923076923077,0.007692307692307665,0.9076923076923077,0.04230769230769227
PRINCIPAL N=50,50,OOD_FAR_encuentro_violento_02,ood_far,encuentro_violento,3,1.3152908756775599,3,3,0.06084679100712376,0.3230769230769231,0.023076923076923106,0.43076923076923085,0.06923076923076915,0.8923076923076924,0.09230769230769231,0.9692307692307693,0.06923076923076932,0.9692307692307693,0.019230769230769384
PRINCIPAL N=50,50,OOD_FAR_encuentro_violento_02,ood_far,encuentro_violento,4,1.7537211675700797,3,3,0.023529218522623536,0.21538461538461537,0.08461538461538462,0.523076923076923,0.023076923076922995,0.8461538461538461,0.0461538461538461,0.9076923076923077,0.007692307692307665,0.9076923076923077,0.04230769230769227
PRINCIPAL N=50,50,OOD_FAR_encuentro_violento_02,ood_far,encuentro_violento,5,2.1921514594625995,3,3,0.02040771605529504,0.29230769230769227,0.0076923076923077205,0.5692307692307692,0.0692307692307692,0.8923076923076924,0.09230769230769231,0.9538461538461538,0.053846153846153766,0.9538461538461538,0.0038461538461538325
PRINCIPAL N=50,50,OOD_FAR_encuentro_violento_02,ood_far,encuentro_violento,6,2.6305817513551193,3,3,0.020332877984969872,0.26153846153846155,0.038461538461538436,0.5846153846153846,0.08461538461538465,0.8153846153846155,0.015384615384615441,0.9692307692307693,0.06923076923076932,0.9692307692307693,0.019230769230769384
PRINCIPAL N=50,50,OOD_FAR_encuentro_violento_02,ood_far,encuentro_violento,7,3.0690120432476395,3,3,0.008297283746855582,0.3384615384615385,0.03846153846153849,0.5692307692307692,0.0692307692307692,0.8307692307692307,0.03076923076923066,0.9692307692307693,0.06923076923076932,0.9692307692307693,0.019230769230769384
PRINCIPAL N=50,50,OOD_FAR_encuentro_violento_02,ood_far,encuentro_violento,8,3.5074423351401594,3,3,0.013413844479811133,0.4,0.10000000000000003,0.5692307692307692,0.0692307692307692,0.9692307692307693,0.1692307692307693,0.9692307692307693,0.06923076923076932,0.9692307692307693,0.019230769230769384
PRINCIPAL N=50,50,OOD_FAR_encuentro_violento_02,ood_far,encuentro_violento,9,3.945872627032679,4,4,0.0012349051100036053,0.24615384615384617,0.05384615384615382,0.5846153846153845,0.08461538461538454,0.8615384615384617,0.06153846153846165,0.9384615384615385,0.038461538461538436,0.9384615384615385,0.011538461538461497
PRINCIPAL N=50,50,OOD_FAR_encuentro_violento_02,ood_far,encuentro_violento,10,4.384302918925199,3,3,0.006641864851755652,0.27692307692307694,0.02307692307692305,0.4,0.09999999999999998,0.7692307692307692,0.030769230769230882,0.876923076923077,0.023076923076922995,0.876923076923077,0.07307692307692293
PRINCIPAL N=50,50,OOD_FAR_encuentro_violento_03,ood_far,encuentro_violento,1,0.3049076340024614,3,3,0.005110739096379291,0.3230769230769231,0.023076923076923106,0.6,0.09999999999999998,0.9076923076923077,0.10769230769230764,0.9538461538461538,0.053846153846153766,0.9538461538461538,0.0038461538461538325
PRINCIPAL N=50,50,OOD_FAR_encuentro_violento_03,ood_far,encuentro_violento,2,0.6098152680049229,3,3,0.009557924694175325,0.26153846153846155,0.038461538461538436,0.4769230769230769,0.023076923076923106,0.876923076923077,0.07692307692307698,0.9384615384615385,0.038461538461538436,0.9384615384615385,0.011538461538461497
PRINCIPAL N=50,50,OOD_FAR_encuentro_violento_03,ood_far,encuentro_violento,3,0.9147229020073844,3,3,0.0037286531886854797,0.3846153846153847,0.0846153846153847,0.6,0.09999999999999998,0.8769230769230768,0.07692307692307676,0.9538461538461538,0.053846153846153766,0.9538461538461538,0.0038461538461538325
PRINCIPAL N=50,50,OOD_FAR_encuentro_violento_03,ood_far,encuentro_violento,4,1.2196305360098458,3,3,0.004976878218410574,0.27692307692307694,0.02307692307692305,0.5384615384615385,0.03846153846153855,0.7692307692307692,0.030769230769230882,0.8153846153846154,0.08461538461538465,0.8153846153846154,0.13461538461538458
PRINCIPAL N=50,50,OOD_FAR_encuentro_violento_03,ood_far,encuentro_violento,5,1.5245381700123073,3,3,0.006499640278135596,0.3846153846153847,0.0846153846153847,0.5846153846153845,0.08461538461538454,0.8307692307692308,0.03076923076923077,0.876923076923077,0.023076923076922995,0.876923076923077,0.07307692307692293
PRINCIPAL N=50,50,OOD_FAR_encuentro_violento_03,ood_far,encuentro_violento,6,1.8294458040147688,4,4,0.0035286454026405498,0.27692307692307694,0.02307692307692305,0.4,0.09999999999999998,0.7846153846153847,0.01538461538461533,0.8615384615384615,0.03846153846153855,0.8615384615384615,0.08846153846153848
PRINCIPAL N=50,50,OOD_FAR_encuentro_violento_03,ood_far,encuentro_violento,7,2.13435343801723,4,4,0.006732318608311111,0.3076923076923077,0.0076923076923077205,0.5538461538461539,0.05384615384615388,0.876923076923077,0.07692307692307698,0.9230769230769231,0.023076923076923106,0.9230769230769231,0.026923076923076827
PRINCIPAL N=50,50,OOD_FAR_encuentro_violento_03,ood_far,encuentro_violento,8,2.4392610720196917,4,4,0.00171700167263839,0.35384615384615387,0.05384615384615388,0.6,0.09999999999999998,0.8461538461538461,0.0461538461538461,0.9076923076923077,0.007692307692307665,0.9076923076923077,0.04230769230769227
PRINCIPAL N=50,50,OOD_FAR_encuentro_violento_03,ood_far,encuentro_violento,9,2.744168706022153,5,5,0.00033581557493449785,0.2923076923076923,0.007692307692307665,0.6,0.09999999999999998,0.8307692307692307,0.03076923076923066,0.923076923076923,0.023076923076922995,0.923076923076923,0.02692307692307694
PRINCIPAL N=50,50,OOD_FAR_encuentro_violento_03,ood_far,encuentro_violento,10,3.049076340024614,4,4,0.0024112160058244645,0.3076923076923077,0.0076923076923077205,0.44615384615384623,0.053846153846153766,0.7846153846153847,0.01538461538461533,0.9076923076923077,0.007692307692307665,0.9076923076923077,0.04230769230769227
PRINCIPAL N=50,50,OOD_FAR_escape_temprano_00,ood_far,escape_temprano,1,0.7830244004640371,1,2,0.005314724310688809,0.2615384615384616,0.03846153846153838,0.6000000000000001,0.10000000000000009,0.9230769230769231,0.12307692307692308,0.9538461538461538,0.053846153846153766,0.9538461538461538,0.0038461538461538325
PRINCIPAL N=50,50,OOD_FAR_escape_temprano_00,ood_far,escape_temprano,2,1.5660488009280742,1,2,0.002694565086117609,0.4153846153846154,0.11538461538461542,0.6307692307692309,0.13076923076923086,0.9076923076923077,0.10769230769230764,0.9384615384615385,0.038461538461538436,0.9384615384615385,0.011538461538461497
PRINCIPAL N=50,50,OOD_FAR_escape_temprano_00,ood_far,escape_temprano,3,2.349073201392111,1,2,0.006153618821623758,0.43076923076923074,0.13076923076923075,0.6461538461538462,0.1461538461538462,0.9076923076923077,0.10769230769230764,0.9384615384615385,0.038461538461538436,0.9384615384615385,0.011538461538461497
PRINCIPAL N=50,50,OOD_FAR_escape_temprano_00,ood_far,escape_temprano,4,3.1320976018561484,1,2,0.0029337811157992945,0.4153846153846154,0.11538461538461542,0.6307692307692309,0.13076923076923086,0.9076923076923077,0.10769230769230764,0.9384615384615385,0.038461538461538436,0.9384615384615385,0.011538461538461497
PRINCIPAL N=50,50,OOD_FAR_escape_temprano_00,ood_far,escape_temprano,5,3.9151220023201856,1,2,0.004960728858335281,0.4153846153846154,0.11538461538461542,0.6461538461538462,0.1461538461538462,0.9076923076923077,0.10769230769230764,0.9384615384615385,0.038461538461538436,0.9384615384615385,0.011538461538461497
PRINCIPAL N=50,50,OOD_FAR_escape_temprano_00,ood_far,escape_temprano,6,4.698146402784222,1,2,0.0030387513743805076,0.4153846153846154,0.11538461538461542,0.6307692307692309,0.13076923076923086,0.9076923076923077,0.10769230769230764,0.9384615384615385,0.038461538461538436,0.9384615384615385,0.011538461538461497
PRINCIPAL N=50,50,OOD_FAR_escape_temprano_00,ood_far,escape_temprano,7,5.48117080324826,1,2,0.004521060088424249,0.4153846153846154,0.11538461538461542,0.6615384615384615,0.16153846153846152,0.8923076923076924,0.09230769230769231,0.9230769230769231,0.023076923076923106,0.9230769230769231,0.026923076923076827
PRINCIPAL N=50,50,OOD_FAR_escape_temprano_00,ood_far,escape_temprano,8,6.264195203712297,1,2,0.0031011606674051216,0.4153846153846154,0.11538461538461542,0.6307692307692309,0.13076923076923086,0.9076923076923077,0.10769230769230764,0.923076923076923,0.023076923076922995,0.923076923076923,0.02692307692307694
PRINCIPAL N=50,50,OOD_FAR_escape_temprano_00,ood_far,escape_temprano,9,7.047219604176334,1,2,0.004223004457549547,0.4153846153846154,0.11538461538461542,0.6307692307692309,0.13076923076923086,0.8923076923076924,0.09230769230769231,0.9230769230769231,0.023076923076923106,0.9230769230769231,0.026923076923076827
PRINCIPAL N=50,50,OOD_FAR_escape_temprano_00,ood_far,escape_temprano,10,7.830244004640371,1,2,0.0031468728554980147,0.4,0.10000000000000003,0.6461538461538462,0.1461538461538462,0.9076923076923077,0.10769230769230764,0.923076923076923,0.023076923076922995,0.923076923076923,0.02692307692307694
PRINCIPAL N=50,50,OOD_FAR_escape_temprano_01,ood_far,escape_temprano,1,0.7656515789155334,1,2,0.0018207819143148556,0.3538461538461538,0.05384615384615382,0.6923076923076923,0.1923076923076923,0.8923076923076924,0.09230769230769231,0.9538461538461538,0.053846153846153766,0.9538461538461538,0.0038461538461538325
PRINCIPAL N=50,50,OOD_FAR_escape_temprano_01,ood_far,escape_temprano,2,1.5313031578310667,1,2,0.003213033274342132,0.36923076923076925,0.06923076923076926,0.6615384615384615,0.16153846153846152,0.876923076923077,0.07692307692307698,0.9076923076923077,0.007692307692307665,0.9076923076923077,0.04230769230769227
PRINCIPAL N=50,50,OOD_FAR_escape_temprano_01,ood_far,escape_temprano,3,2.2969547367466,1,2,0.0020496811115385664,0.09230769230769231,0.20769230769230768,0.41538461538461535,0.08461538461538465,0.7692307692307693,0.03076923076923077,0.8461538461538461,0.05384615384615388,0.8461538461538461,0.10384615384615381
PRINCIPAL N=50,50,OOD_FAR_escape_temprano_01,ood_far,escape_temprano,4,3.0626063156621335,1,2,0.002782797436981116,0.36923076923076925,0.06923076923076926,0.6615384615384615,0.16153846153846152,0.876923076923077,0.07692307692307698,0.9076923076923077,0.007692307692307665,0.9076923076923077,0.04230769230769227
PRINCIPAL N=50,50,OOD_FAR_escape_temprano_01,ood_far,escape_temprano,5,3.828257894577667,1,2,0.0019723439924445403,0.3230769230769231,0.023076923076923106,0.6923076923076923,0.1923076923076923,0.876923076923077,0.07692307692307698,0.9076923076923077,0.007692307692307665,0.9076923076923077,0.04230769230769227
PRINCIPAL N=50,50,OOD_FAR_escape_temprano_01,ood_far,escape_temprano,6,4.5939094734932,1,2,0.0027010306276976964,0.36923076923076925,0.06923076923076926,0.6615384615384615,0.16153846153846152,0.876923076923077,0.07692307692307698,0.9076923076923077,0.007692307692307665,0.9076923076923077,0.04230769230769227
PRINCIPAL N=50,50,OOD_FAR_escape_temprano_01,ood_far,escape_temprano,7,5.359561052408734,1,2,0.001848443697532505,0.4153846153846154,0.11538461538461542,0.6615384615384615,0.16153846153846152,0.876923076923077,0.07692307692307698,0.9076923076923077,0.007692307692307665,0.9076923076923077,0.04230769230769227
PRINCIPAL N=50,50,OOD_FAR_escape_temprano_01,ood_far,escape_temprano,8,6.125212631324267,1,2,0.0026920524786173934,0.36923076923076925,0.06923076923076926,0.6615384615384615,0.16153846153846152,0.876923076923077,0.07692307692307698,0.9076923076923077,0.007692307692307665,0.9076923076923077,0.04230769230769227
PRINCIPAL N=50,50,OOD_FAR_escape_temprano_01,ood_far,escape_temprano,9,6.8908642102398,1,2,0.002121694675422484,0.36923076923076925,0.06923076923076926,0.6615384615384615,0.16153846153846152,0.876923076923077,0.07692307692307698,0.9076923076923077,0.007692307692307665,0.9076923076923077,0.04230769230769227
PRINCIPAL N=50,50,OOD_FAR_escape_temprano_01,ood_far,escape_temprano,10,7.656515789155334,1,2,0.0027066792845705013,0.36923076923076925,0.06923076923076926,0.6615384615384615,0.16153846153846152,0.876923076923077,0.07692307692307698,0.9076923076923077,0.007692307692307665,0.9076923076923077,0.04230769230769227
PRINCIPAL N=50,50,OOD_FAR_escape_temprano_02,ood_far,escape_temprano,1,0.804522877107785,1,2,0.0069223736719637285,0.30769230769230776,0.007692307692307776,0.6,0.09999999999999998,0.8153846153846155,0.015384615384615441,0.9538461538461538,0.053846153846153766,0.9538461538461538,0.0038461538461538325
PRINCIPAL N=50,50,OOD_FAR_escape_temprano_02,ood_far,escape_temprano,2,1.60904575421557,1,2,0.0013412321061899955,0.30769230769230765,0.007692307692307665,0.5846153846153846,0.08461538461538465,0.8615384615384617,0.06153846153846165,0.9076923076923077,0.007692307692307665,0.9076923076923077,0.04230769230769227
PRINCIPAL N=50,50,OOD_FAR_escape_temprano_02,ood_far,escape_temprano,3,2.413568631323355,1,2,0.002534259071783008,0.21538461538461542,0.08461538461538456,0.5230769230769231,0.023076923076923106,0.8153846153846155,0.015384615384615441,0.8461538461538461,0.05384615384615388,0.8461538461538461,0.10384615384615381
PRINCIPAL N=50,50,OOD_FAR_escape_temprano_02,ood_far,escape_temprano,4,3.21809150843114,1,2,0.0014813425515582683,0.30769230769230765,0.007692307692307665,0.5846153846153846,0.08461538461538465,0.8615384615384617,0.06153846153846165,0.9076923076923077,0.007692307692307665,0.9076923076923077,0.04230769230769227
PRINCIPAL N=50,50,OOD_FAR_escape_temprano_02,ood_far,escape_temprano,5,4.022614385538925,1,2,0.0014791652114495607,0.26153846153846155,0.038461538461538436,0.5384615384615385,0.03846153846153855,0.8615384615384617,0.06153846153846165,0.876923076923077,0.023076923076922995,0.876923076923077,0.07307692307692293
PRINCIPAL N=50,50,OOD_FAR_escape_temprano_02,ood_far,escape_temprano,6,4.82713726264671,1,2,0.0015354583808523505,0.30769230769230765,0.007692307692307665,0.5846153846153846,0.08461538461538465,0.8615384615384617,0.06153846153846165,0.9076923076923077,0.007692307692307665,0.9076923076923077,0.04230769230769227
PRINCIPAL N=50,50,OOD_FAR_escape_temprano_02,ood_far,escape_temprano,7,5.631660139754495,1,2,0.0012793624718450242,0.3230769230769231,0.023076923076923106,0.5692307692307692,0.0692307692307692,0.8615384615384617,0.06153846153846165,0.876923076923077,0.023076923076922995,0.876923076923077,0.07307692307692293
PRINCIPAL N=50,50,OOD_FAR_escape_temprano_02,ood_far,escape_temprano,8,6.43618301686228,1,2,0.0015660296625930373,0.30769230769230765,0.007692307692307665,0.5846153846153846,0.08461538461538465,0.8615384615384617,0.06153846153846165,0.9076923076923077,0.007692307692307665,0.9076923076923077,0.04230769230769227
PRINCIPAL N=50,50,OOD_FAR_escape_temprano_02,ood_far,escape_temprano,9,7.240705893970065,1,2,0.0011961829899431585,0.30769230769230765,0.007692307692307665,0.5692307692307692,0.0692307692307692,0.8615384615384617,0.06153846153846165,0.9076923076923077,0.007692307692307665,0.9076923076923077,0.04230769230769227
PRINCIPAL N=50,50,OOD_FAR_escape_temprano_02,ood_far,escape_temprano,10,8.04522877107785,1,2,0.0015862348211332724,0.30769230769230765,0.007692307692307665,0.5846153846153846,0.08461538461538465,0.8615384615384617,0.06153846153846165,0.876923076923077,0.023076923076922995,0.876923076923077,0.07307692307692293
PRINCIPAL N=50,50,OOD_FAR_escape_temprano_03,ood_far,escape_temprano,1,0.7902209538842365,1,2,0.002625364224567681,0.3538461538461539,0.05384615384615393,0.6,0.09999999999999998,0.9076923076923077,0.10769230769230764,0.9692307692307693,0.06923076923076932,0.9692307692307693,0.019230769230769384
PRINCIPAL N=50,50,OOD_FAR_escape_temprano_03,ood_far,escape_temprano,2,1.5804419077684733,1,2,0.0016032941253933254,0.21538461538461537,0.08461538461538462,0.49230769230769234,0.007692307692307665,0.8615384615384617,0.06153846153846165,0.9692307692307693,0.06923076923076932,0.9692307692307693,0.019230769230769384
PRINCIPAL N=50,50,OOD_FAR_escape_temprano_03,ood_far,escape_temprano,3,2.37066286165271,1,2,0.0010265750055493115,0.2615384615384615,0.03846153846153849,0.5384615384615384,0.038461538461538436,0.8615384615384615,0.06153846153846143,0.9076923076923077,0.007692307692307665,0.9076923076923077,0.04230769230769227
PRINCIPAL N=50,50,OOD_FAR_escape_temprano_03,ood_far,escape_temprano,4,3.1608838155369465,1,2,0.0016092389472703434,0.3230769230769231,0.023076923076923106,0.5538461538461539,0.05384615384615388,0.876923076923077,0.07692307692307698,0.9692307692307693,0.06923076923076932,0.9692307692307693,0.019230769230769384
PRINCIPAL N=50,50,OOD_FAR_escape_temprano_03,ood_far,escape_temprano,5,3.951104769421183,1,2,0.0009901436902416648,0.2461538461538461,0.05384615384615388,0.5538461538461539,0.05384615384615388,0.8615384615384615,0.06153846153846143,0.9384615384615385,0.038461538461538436,0.9384615384615385,0.011538461538461497
PRINCIPAL N=50,50,OOD_FAR_escape_temprano_03,ood_far,escape_temprano,6,4.74132572330542,1,2,0.001584276551911162,0.3076923076923077,0.0076923076923077205,0.5384615384615384,0.038461538461538436,0.8615384615384615,0.06153846153846143,0.9692307692307693,0.06923076923076932,0.9692307692307693,0.019230769230769384
PRINCIPAL N=50,50,OOD_FAR_escape_temprano_03,ood_far,escape_temprano,7,5.531546677189656,1,2,0.0013921529967451899,0.2461538461538461,0.05384615384615388,0.5538461538461539,0.05384615384615388,0.876923076923077,0.07692307692307698,0.9692307692307693,0.06923076923076932,0.9692307692307693,0.019230769230769384
PRINCIPAL N=50,50,OOD_FAR_escape_temprano_03,ood_far,escape_temprano,8,6.321767631073892,1,2,0.0016035547549742453,0.3076923076923077,0.0076923076923077205,0.5538461538461539,0.05384615384615388,0.876923076923077,0.07692307692307698,0.9692307692307693,0.06923076923076932,0.9692307692307693,0.019230769230769384
PRINCIPAL N=50,50,OOD_FAR_escape_temprano_03,ood_far,escape_temprano,9,7.111988584958129,1,2,0.0016511096819678047,0.2461538461538461,0.05384615384615388,0.5384615384615384,0.038461538461538436,0.8615384615384615,0.06153846153846143,0.9384615384615385,0.038461538461538436,0.9384615384615385,0.011538461538461497
PRINCIPAL N=50,50,OOD_FAR_escape_temprano_03,ood_far,escape_temprano,10,7.902209538842365,1,2,0.0016458507948354383,0.3076923076923077,0.0076923076923077205,0.5538461538461539,0.05384615384615388,0.876923076923077,0.07692307692307698,0.9692307692307693,0.06923076923076932,0.9692307692307693,0.019230769230769384
PRINCIPAL N=50,50,OOD_FAR_masas_extremas_00,ood_far,masas_extremas,1,0.4039323870261927,1,2,0.0066442293923619,0.3230769230769231,0.023076923076923106,0.5692307692307692,0.0692307692307692,0.6923076923076923,0.10769230769230775,0.7846153846153847,0.11538461538461531,0.7846153846153847,0.16538461538461524
PRINCIPAL N=50,50,OOD_FAR_masas_extremas_00,ood_far,masas_extremas,2,0.8078647740523854,1,2,0.009241612102944202,0.27692307692307694,0.02307692307692305,0.5076923076923077,0.007692307692307665,0.7538461538461538,0.04615384615384621,0.8307692307692308,0.0692307692307692,0.8307692307692308,0.11923076923076914
PRINCIPAL N=50,50,OOD_FAR_masas_extremas_00,ood_far,masas_extremas,3,1.2117971610785783,1,2,0.010993649437376485,0.3230769230769231,0.023076923076923106,0.5230769230769231,0.023076923076923106,0.7384615384615384,0.06153846153846165,0.8461538461538461,0.05384615384615388,0.8461538461538461,0.10384615384615381
PRINCIPAL N=50,50,OOD_FAR_masas_extremas_00,ood_far,masas_extremas,4,1.6157295481047709,1,2,0.008328575339819035,0.3384615384615385,0.03846153846153849,0.5076923076923077,0.007692307692307665,0.7692307692307692,0.030769230769230882,0.8461538461538461,0.05384615384615388,0.8461538461538461,0.10384615384615381
PRINCIPAL N=50,50,OOD_FAR_masas_extremas_00,ood_far,masas_extremas,5,2.0196619351309635,1,2,0.006836150570288016,0.2,0.09999999999999998,0.36923076923076925,0.13076923076923075,0.7846153846153846,0.015384615384615441,0.8461538461538461,0.05384615384615388,0.8461538461538461,0.10384615384615381
PRINCIPAL N=50,50,OOD_FAR_masas_extremas_00,ood_far,masas_extremas,6,2.423594322157156,1,2,0.0077540673676966725,0.3384615384615385,0.03846153846153849,0.49230769230769234,0.007692307692307665,0.7538461538461538,0.04615384615384621,0.8615384615384615,0.03846153846153855,0.8615384615384615,0.08846153846153848
PRINCIPAL N=50,50,OOD_FAR_masas_extremas_00,ood_far,masas_extremas,7,2.827526709183349,1,2,0.007107799886965226,0.2,0.09999999999999998,0.4461538461538462,0.05384615384615382,0.7846153846153846,0.015384615384615441,0.8461538461538461,0.05384615384615388,0.8461538461538461,0.10384615384615381
PRINCIPAL N=50,50,OOD_FAR_masas_extremas_00,ood_far,masas_extremas,8,3.2314590962095417,1,2,0.008171270586725187,0.3230769230769231,0.023076923076923106,0.5076923076923077,0.007692307692307665,0.7384615384615385,0.06153846153846154,0.8153846153846154,0.08461538461538465,0.8153846153846154,0.13461538461538458
PRINCIPAL N=50,50,OOD_FAR_masas_extremas_00,ood_far,masas_extremas,9,3.6353914832357344,1,2,0.007751624706286689,0.24615384615384617,0.05384615384615382,0.4615384615384615,0.03846153846153849,0.8153846153846155,0.015384615384615441,0.9076923076923077,0.007692307692307665,0.9076923076923077,0.04230769230769227
PRINCIPAL N=50,50,OOD_FAR_masas_extremas_00,ood_far,masas_extremas,10,4.039323870261927,1,2,0.008332017054274297,0.3230769230769231,0.023076923076923106,0.5076923076923077,0.007692307692307665,0.753846153846154,0.04615384615384599,0.8153846153846154,0.08461538461538465,0.8153846153846154,0.13461538461538458
PRINCIPAL N=50,50,OOD_FAR_masas_extremas_01,ood_far,masas_extremas,1,0.4031805459574681,1,2,0.0008052153475743898,0.3384615384615384,0.038461538461538436,0.6615384615384615,0.16153846153846152,0.8615384615384617,0.06153846153846165,0.9538461538461538,0.053846153846153766,0.9538461538461538,0.0038461538461538325
PRINCIPAL N=50,50,OOD_FAR_masas_extremas_01,ood_far,masas_extremas,2,0.8063610919149362,1,2,0.008008998798844865,0.24615384615384617,0.05384615384615382,0.43076923076923085,0.06923076923076915,0.8461538461538461,0.0461538461538461,0.9230769230769231,0.023076923076923106,0.9230769230769231,0.026923076923076827
PRINCIPAL N=50,50,OOD_FAR_masas_extremas_01,ood_far,masas_extremas,3,1.2095416378724044,1,2,0.003608819177897955,0.24615384615384617,0.05384615384615382,0.44615384615384607,0.05384615384615393,0.8153846153846154,0.01538461538461533,0.9230769230769231,0.023076923076923106,0.9230769230769231,0.026923076923076827
PRINCIPAL N=50,50,OOD_FAR_masas_extremas_01,ood_far,masas_extremas,4,1.6127221838298724,1,2,0.007146960642308911,0.24615384615384617,0.05384615384615382,0.4615384615384615,0.03846153846153849,0.8307692307692308,0.03076923076923077,0.9230769230769231,0.023076923076923106,0.9230769230769231,0.026923076923076827
PRINCIPAL N=50,50,OOD_FAR_masas_extremas_01,ood_far,masas_extremas,5,2.0159027297873404,1,2,0.004261146620823922,0.24615384615384617,0.05384615384615382,0.5230769230769231,0.023076923076923106,0.8307692307692308,0.03076923076923077,0.9230769230769231,0.023076923076923106,0.9230769230769231,0.026923076923076827
PRINCIPAL N=50,50,OOD_FAR_masas_extremas_01,ood_far,masas_extremas,6,2.4190832757448084,1,2,0.0062656862574561115,0.24615384615384617,0.05384615384615382,0.4153846153846154,0.08461538461538459,0.8307692307692308,0.03076923076923077,0.9230769230769231,0.023076923076923106,0.9230769230769231,0.026923076923076827
PRINCIPAL N=50,50,OOD_FAR_masas_extremas_01,ood_far,masas_extremas,7,2.822263821702277,1,2,0.00472402733519796,0.24615384615384617,0.05384615384615382,0.5230769230769231,0.023076923076923106,0.8307692307692308,0.03076923076923077,0.9230769230769231,0.023076923076923106,0.9230769230769231,0.026923076923076827
PRINCIPAL N=50,50,OOD_FAR_masas_extremas_01,ood_far,masas_extremas,8,3.225444367659745,1,2,0.0065284351242907825,0.24615384615384617,0.05384615384615382,0.4461538461538462,0.05384615384615382,0.8307692307692308,0.03076923076923077,0.9230769230769231,0.023076923076923106,0.9230769230769231,0.026923076923076827
PRINCIPAL N=50,50,OOD_FAR_masas_extremas_01,ood_far,masas_extremas,9,3.628624913617213,1,2,0.005082643350276889,0.24615384615384617,0.05384615384615382,0.49230769230769234,0.007692307692307665,0.8307692307692308,0.03076923076923077,0.9230769230769231,0.023076923076923106,0.9230769230769231,0.026923076923076827
PRINCIPAL N=50,50,OOD_FAR_masas_extremas_01,ood_far,masas_extremas,10,4.031805459574681,1,2,0.006530788214122283,0.24615384615384617,0.05384615384615382,0.4461538461538462,0.05384615384615382,0.8307692307692308,0.03076923076923077,0.9230769230769231,0.023076923076923106,0.9230769230769231,0.026923076923076827
PRINCIPAL N=50,50,OOD_FAR_masas_extremas_02,ood_far,masas_extremas,1,0.6055344268403091,1,2,0.001808523340340315,0.3538461538461539,0.05384615384615393,0.5384615384615385,0.03846153846153855,0.8307692307692308,0.03076923076923077,0.923076923076923,0.023076923076922995,0.923076923076923,0.02692307692307694
PRINCIPAL N=50,50,OOD_FAR_masas_extremas_02,ood_far,masas_extremas,2,1.2110688536806182,1,2,0.0035253579056529908,0.3230769230769231,0.023076923076923106,0.5692307692307692,0.0692307692307692,0.7846153846153847,0.01538461538461533,0.923076923076923,0.023076923076922995,0.923076923076923,0.02692307692307694
PRINCIPAL N=50,50,OOD_FAR_masas_extremas_02,ood_far,masas_extremas,3,1.8166032805209273,1,2,0.006147730538112208,0.3230769230769231,0.023076923076923106,0.5230769230769231,0.023076923076923106,0.8,0.0,0.8923076923076924,0.007692307692307665,0.8923076923076924,0.0576923076923076
PRINCIPAL N=50,50,OOD_FAR_masas_extremas_02,ood_far,masas_extremas,4,2.4221377073612365,1,2,0.004021017368487094,0.2923076923076923,0.007692307692307665,0.4769230769230769,0.023076923076923106,0.876923076923077,0.07692307692307698,0.923076923076923,0.023076923076922995,0.923076923076923,0.02692307692307694
PRINCIPAL N=50,50,OOD_FAR_masas_extremas_02,ood_far,masas_extremas,5,3.027672134201546,1,2,0.0029782187685343606,0.3230769230769231,0.023076923076923106,0.476923076923077,0.023076923076922995,0.8307692307692307,0.03076923076923066,0.923076923076923,0.023076923076922995,0.923076923076923,0.02692307692307694
PRINCIPAL N=50,50,OOD_FAR_masas_extremas_02,ood_far,masas_extremas,6,3.633206561041855,1,2,0.0030395688077233148,0.30769230769230765,0.007692307692307665,0.49230769230769234,0.007692307692307665,0.8153846153846154,0.01538461538461533,0.923076923076923,0.023076923076922995,0.923076923076923,0.02692307692307694
PRINCIPAL N=50,50,OOD_FAR_masas_extremas_02,ood_far,masas_extremas,7,4.238740987882164,1,2,0.0025785754994513055,0.3384615384615385,0.03846153846153849,0.49230769230769234,0.007692307692307665,0.8307692307692308,0.03076923076923077,0.923076923076923,0.023076923076922995,0.923076923076923,0.02692307692307694
PRINCIPAL N=50,50,OOD_FAR_masas_extremas_02,ood_far,masas_extremas,8,4.844275414722473,1,2,0.0035238647359439336,0.30769230769230765,0.007692307692307665,0.5384615384615384,0.038461538461538436,0.8153846153846154,0.01538461538461533,0.923076923076923,0.023076923076922995,0.923076923076923,0.02692307692307694
PRINCIPAL N=50,50,OOD_FAR_masas_extremas_02,ood_far,masas_extremas,9,5.449809841562782,1,2,0.002492438475873416,0.30769230769230776,0.007692307692307776,0.5384615384615384,0.038461538461538436,0.876923076923077,0.07692307692307698,0.923076923076923,0.023076923076922995,0.923076923076923,0.02692307692307694
PRINCIPAL N=50,50,OOD_FAR_masas_extremas_02,ood_far,masas_extremas,10,6.055344268403092,1,2,0.0025175916800895793,0.24615384615384617,0.05384615384615382,0.476923076923077,0.023076923076922995,0.8307692307692307,0.03076923076923066,0.923076923076923,0.023076923076922995,0.923076923076923,0.02692307692307694
PRINCIPAL N=50,50,OOD_FAR_masas_extremas_03,ood_far,masas_extremas,1,0.477650591694929,1,2,0.001200855154444748,0.23076923076923078,0.0692307692307692,0.5538461538461539,0.05384615384615388,0.7538461538461538,0.04615384615384621,0.876923076923077,0.023076923076922995,0.876923076923077,0.07307692307692293
PRINCIPAL N=50,50,OOD_FAR_masas_extremas_03,ood_far,masas_extremas,2,0.9553011833898579,1,2,0.002278812255970256,0.21538461538461542,0.08461538461538456,0.49230769230769234,0.007692307692307665,0.8307692307692308,0.03076923076923077,0.8923076923076924,0.007692307692307665,0.8923076923076924,0.0576923076923076
PRINCIPAL N=50,50,OOD_FAR_masas_extremas_03,ood_far,masas_extremas,3,1.4329517750847869,1,2,0.0031872707153805307,0.16923076923076924,0.13076923076923075,0.5692307692307692,0.0692307692307692,0.8923076923076924,0.09230769230769231,1.0,0.09999999999999998,1.0,0.050000000000000044
PRINCIPAL N=50,50,OOD_FAR_masas_extremas_03,ood_far,masas_extremas,4,1.9106023667797158,1,2,0.004331883723432265,0.18461538461538463,0.11538461538461536,0.5384615384615385,0.03846153846153855,0.9384615384615385,0.1384615384615384,0.9846153846153847,0.08461538461538465,0.9846153846153847,0.034615384615384714
PRINCIPAL N=50,50,OOD_FAR_masas_extremas_03,ood_far,masas_extremas,5,2.388252958474645,1,2,0.0032127694759405577,0.3384615384615385,0.03846153846153849,0.5230769230769231,0.023076923076923106,0.7538461538461538,0.04615384615384621,0.8615384615384615,0.03846153846153855,0.8615384615384615,0.08846153846153848
PRINCIPAL N=50,50,OOD_FAR_masas_extremas_03,ood_far,masas_extremas,6,2.865903550169574,1,2,0.0023393834558009963,0.24615384615384617,0.05384615384615382,0.5692307692307692,0.0692307692307692,0.7692307692307693,0.03076923076923077,0.8307692307692308,0.0692307692307692,0.8307692307692308,0.11923076923076914
PRINCIPAL N=50,50,OOD_FAR_masas_extremas_03,ood_far,masas_extremas,7,3.343554141864503,1,2,0.0017300383559821068,0.27692307692307694,0.02307692307692305,0.6,0.09999999999999998,0.876923076923077,0.07692307692307698,0.9692307692307693,0.06923076923076932,0.9692307692307693,0.019230769230769384
PRINCIPAL N=50,50,OOD_FAR_masas_extremas_03,ood_far,masas_extremas,8,3.8212047335594317,1,2,0.0018684086145880322,0.3538461538461538,0.05384615384615382,0.5692307692307692,0.0692307692307692,0.7692307692307693,0.03076923076923077,0.8153846153846155,0.08461538461538454,0.8153846153846155,0.13461538461538447
PRINCIPAL N=50,50,OOD_FAR_masas_extremas_03,ood_far,masas_extremas,9,4.298855325254361,1,2,0.001942352830857556,0.27692307692307694,0.02307692307692305,0.5846153846153846,0.08461538461538465,0.8615384615384615,0.06153846153846143,0.9384615384615385,0.038461538461538436,0.9384615384615385,0.011538461538461497
PRINCIPAL N=50,50,OOD_FAR_masas_extremas_03,ood_far,masas_extremas,10,4.77650591694929,1,2,0.0029074074675494166,0.27692307692307694,0.02307692307692305,0.5384615384615384,0.038461538461538436,0.8,0.0,0.9076923076923077,0.007692307692307665,0.9076923076923077,0.04230769230769227
PRINCIPAL N=50,50,OOD_FAR_no_virializado_00,ood_far,no_virializado,1,1.5,7,7,1.7820564607105241e-06,0.27692307692307694,0.02307692307692305,0.5846153846153846,0.08461538461538465,0.876923076923077,0.07692307692307698,0.9384615384615385,0.038461538461538436,0.9384615384615385,0.011538461538461497
PRINCIPAL N=50,50,OOD_FAR_no_virializado_00,ood_far,no_virializado,2,3.0,6,6,4.762676543404687e-06,0.3538461538461538,0.05384615384615382,0.5230769230769231,0.023076923076923106,0.676923076923077,0.12307692307692308,0.9076923076923077,0.007692307692307665,0.9076923076923077,0.04230769230769227
PRINCIPAL N=50,50,OOD_FAR_no_virializado_00,ood_far,no_virializado,3,4.5,6,6,7.15160259048825e-06,0.4153846153846154,0.11538461538461542,0.676923076923077,0.17692307692307696,0.9076923076923078,0.10769230769230775,0.9384615384615385,0.038461538461538436,0.9384615384615385,0.011538461538461497
PRINCIPAL N=50,50,OOD_FAR_no_virializado_00,ood_far,no_virializado,4,6.0,4,4,0.00043562904899681706,0.4461538461538462,0.1461538461538462,0.7384615384615385,0.2384615384615385,0.9384615384615385,0.1384615384615384,0.9384615384615385,0.038461538461538436,0.9384615384615385,0.011538461538461497
PRINCIPAL N=50,50,OOD_FAR_no_virializado_00,ood_far,no_virializado,5,7.5,1,2,0.006844177137247215,0.38461538461538464,0.08461538461538465,0.5384615384615385,0.03846153846153855,0.8153846153846154,0.01538461538461533,0.8307692307692308,0.0692307692307692,0.8307692307692308,0.11923076923076914
PRINCIPAL N=50,50,OOD_FAR_no_virializado_00,ood_far,no_virializado,6,9.0,2,2,0.0074040004429311345,0.3538461538461538,0.05384615384615382,0.49230769230769234,0.007692307692307665,0.7230769230769231,0.07692307692307698,0.9076923076923077,0.007692307692307665,0.9076923076923077,0.04230769230769227
PRINCIPAL N=50,50,OOD_FAR_no_virializado_00,ood_far,no_virializado,7,10.5,4,4,0.00023416227151475875,0.27692307692307694,0.02307692307692305,0.5692307692307692,0.0692307692307692,0.9230769230769231,0.12307692307692308,0.9692307692307693,0.06923076923076932,0.9692307692307693,0.019230769230769384
PRINCIPAL N=50,50,OOD_FAR_no_virializado_00,ood_far,no_virializado,8,12.0,5,5,4.560135900487243e-05,0.24615384615384617,0.05384615384615382,0.5384615384615384,0.038461538461538436,0.8,0.0,0.8923076923076924,0.007692307692307665,0.8923076923076924,0.0576923076923076
PRINCIPAL N=50,50,OOD_FAR_no_virializado_00,ood_far,no_virializado,9,13.5,5,5,7.238832681348422e-05,0.38461538461538464,0.08461538461538465,0.5076923076923077,0.007692307692307665,0.6461538461538462,0.15384615384615385,0.9076923076923077,0.007692307692307665,0.9076923076923077,0.04230769230769227
PRINCIPAL N=50,50,OOD_FAR_no_virializado_00,ood_far,no_virializado,10,15.0,5,5,7.746918801367623e-05,0.29230769230769227,0.0076923076923077205,0.49230769230769234,0.007692307692307665,0.7692307692307694,0.03076923076923066,0.8923076923076924,0.007692307692307665,0.8923076923076924,0.0576923076923076
PRINCIPAL N=50,50,OOD_FAR_no_virializado_01,ood_far,no_virializado,1,1.5,7,7,2.1827720310946e-06,0.3384615384615385,0.03846153846153849,0.5846153846153846,0.08461538461538465,0.7692307692307693,0.03076923076923077,0.876923076923077,0.023076923076922995,0.876923076923077,0.07307692307692293
PRINCIPAL N=50,50,OOD_FAR_no_virializado_01,ood_far,no_virializado,2,3.0,8,8,0.00011941792488442912,0.3846153846153847,0.0846153846153847,0.6461538461538462,0.1461538461538462,0.8615384615384615,0.06153846153846143,0.9076923076923078,0.007692307692307776,0.9076923076923078,0.04230769230769216
PRINCIPAL N=50,50,OOD_FAR_no_virializado_01,ood_far,no_virializado,3,4.5,7,7,0.00013249531829288654,0.23076923076923075,0.06923076923076923,0.4923076923076922,0.007692307692307776,0.8,0.0,0.8615384615384617,0.038461538461538325,0.8615384615384617,0.08846153846153826
PRINCIPAL N=50,50,OOD_FAR_no_virializado_01,ood_far,no_virializado,4,6.0,6,6,0.0002451071840746562,0.30769230769230765,0.007692307692307665,0.4615384615384615,0.03846153846153849,0.7538461538461539,0.0461538461538461,0.9230769230769231,0.023076923076923106,0.9230769230769231,0.026923076923076827
PRINCIPAL N=50,50,OOD_FAR_no_virializado_01,ood_far,no_virializado,5,7.5,6,6,1.8781998816749156e-05,0.4,0.10000000000000003,0.5846153846153845,0.08461538461538454,0.8615384615384617,0.06153846153846165,0.876923076923077,0.023076923076922995,0.876923076923077,0.07307692307692293
PRINCIPAL N=50,50,OOD_FAR_no_virializado_01,ood_far,no_virializado,6,9.0,5,5,0.00010729884948886532,0.4,0.10000000000000003,0.6461538461538462,0.1461538461538462,0.876923076923077,0.07692307692307698,0.9538461538461538,0.053846153846153766,0.9538461538461538,0.0038461538461538325
PRINCIPAL N=50,50,OOD_FAR_no_virializado_01,ood_far,no_virializado,7,10.5,6,6,0.0001390450996440244,0.3384615384615384,0.038461538461538436,0.4153846153846154,0.08461538461538459,0.7692307692307693,0.03076923076923077,0.876923076923077,0.023076923076922995,0.876923076923077,0.07307692307692293
PRINCIPAL N=50,50,OOD_FAR_no_virializado_01,ood_far,no_virializado,8,12.0,6,6,8.41720939937807e-05,0.3538461538461538,0.05384615384615382,0.5692307692307692,0.0692307692307692,0.8,0.0,0.9230769230769231,0.023076923076923106,0.9230769230769231,0.026923076923076827
PRINCIPAL N=50,50,OOD_FAR_no_virializado_01,ood_far,no_virializado,9,13.5,6,6,0.0001569076333908476,0.27692307692307694,0.02307692307692305,0.5538461538461539,0.05384615384615388,0.8153846153846154,0.01538461538461533,0.8923076923076924,0.007692307692307665,0.8923076923076924,0.0576923076923076
PRINCIPAL N=50,50,OOD_FAR_no_virializado_01,ood_far,no_virializado,10,15.0,3,3,0.0014303903043988986,0.29230769230769227,0.0076923076923077205,0.6153846153846154,0.11538461538461542,0.8,0.0,0.9076923076923077,0.007692307692307665,0.9076923076923077,0.04230769230769227
PRINCIPAL N=50,50,OOD_FAR_no_virializado_02,ood_far,no_virializado,1,1.5,2,2,0.006687846225946363,0.27692307692307694,0.02307692307692305,0.4769230769230769,0.023076923076923106,0.8307692307692307,0.03076923076923066,0.8769230769230768,0.023076923076923217,0.8769230769230768,0.07307692307692315
PRINCIPAL N=50,50,OOD_FAR_no_virializado_02,ood_far,no_virializado,2,3.0,1,2,0.0038480164928080484,0.23076923076923078,0.0692307692307692,0.44615384615384623,0.053846153846153766,0.7846153846153847,0.01538461538461533,0.9076923076923077,0.007692307692307665,0.9076923076923077,0.04230769230769227
PRINCIPAL N=50,50,OOD_FAR_no_virializado_02,ood_far,no_virializado,3,4.5,1,2,0.004539658075808575,0.24615384615384617,0.05384615384615382,0.4769230769230769,0.023076923076923106,0.8,0.0,0.9076923076923077,0.007692307692307665,0.9076923076923077,0.04230769230769227
PRINCIPAL N=50,50,OOD_FAR_no_virializado_02,ood_far,no_virializado,4,6.0,1,2,0.004271055153915652,0.24615384615384617,0.05384615384615382,0.4769230769230769,0.023076923076923106,0.8,0.0,0.9076923076923077,0.007692307692307665,0.9076923076923077,0.04230769230769227
PRINCIPAL N=50,50,OOD_FAR_no_virializado_02,ood_far,no_virializado,5,7.5,1,2,0.003322809148726585,0.24615384615384617,0.05384615384615382,0.4769230769230769,0.023076923076923106,0.8,0.0,0.9076923076923077,0.007692307692307665,0.9076923076923077,0.04230769230769227
PRINCIPAL N=50,50,OOD_FAR_no_virializado_02,ood_far,no_virializado,6,9.0,2,2,0.010059657447327463,0.4615384615384615,0.16153846153846152,0.6307692307692307,0.13076923076923075,0.8307692307692307,0.03076923076923066,0.8923076923076924,0.007692307692307665,0.8923076923076924,0.0576923076923076
PRINCIPAL N=50,50,OOD_FAR_no_virializado_02,ood_far,no_virializado,7,10.5,1,2,0.004265461599208259,0.18461538461538463,0.11538461538461536,0.4615384615384615,0.03846153846153849,0.8,0.0,0.9076923076923077,0.007692307692307665,0.9076923076923077,0.04230769230769227
PRINCIPAL N=50,50,OOD_FAR_no_virializado_02,ood_far,no_virializado,8,12.0,1,2,0.004673418769491404,0.21538461538461542,0.08461538461538456,0.4769230769230769,0.023076923076923106,0.8,0.0,0.9076923076923077,0.007692307692307665,0.9076923076923077,0.04230769230769227
PRINCIPAL N=50,50,OOD_FAR_no_virializado_02,ood_far,no_virializado,9,13.5,1,2,0.0044902823813960015,0.21538461538461542,0.08461538461538456,0.4769230769230769,0.023076923076923106,0.8,0.0,0.9076923076923077,0.007692307692307665,0.9076923076923077,0.04230769230769227
PRINCIPAL N=50,50,OOD_FAR_no_virializado_02,ood_far,no_virializado,10,15.0,1,2,0.004219408934150691,0.20000000000000004,0.09999999999999995,0.4769230769230769,0.023076923076923106,0.8,0.0,0.9076923076923077,0.007692307692307665,0.9076923076923077,0.04230769230769227
PRINCIPAL N=50,50,OOD_FAR_no_virializado_03,ood_far,no_virializado,1,1.5,2,2,0.006061096422784159,0.4769230769230769,0.1769230769230769,0.6615384615384615,0.16153846153846152,0.9384615384615385,0.1384615384615384,0.9384615384615385,0.038461538461538436,0.9384615384615385,0.011538461538461497
PRINCIPAL N=50,50,OOD_FAR_no_virializado_03,ood_far,no_virializado,2,3.0,5,5,5.212346141332705e-06,0.13846153846153847,0.16153846153846152,0.24615384615384617,0.25384615384615383,0.7538461538461539,0.0461538461538461,0.9692307692307693,0.06923076923076932,0.9692307692307693,0.019230769230769384
PRINCIPAL N=50,50,OOD_FAR_no_virializado_03,ood_far,no_virializado,3,4.5,3,3,0.0009503110713135785,0.16923076923076924,0.13076923076923075,0.3692307692307692,0.1307692307692308,0.7230769230769232,0.07692307692307687,0.8923076923076924,0.007692307692307665,0.8923076923076924,0.0576923076923076
PRINCIPAL N=50,50,OOD_FAR_no_virializado_03,ood_far,no_virializado,4,6.0,2,2,0.00323762050289809,0.16923076923076924,0.13076923076923075,0.3846153846153847,0.11538461538461531,0.8153846153846154,0.01538461538461533,0.9692307692307693,0.06923076923076932,0.9692307692307693,0.019230769230769384
PRINCIPAL N=50,50,OOD_FAR_no_virializado_03,ood_far,no_virializado,5,7.5,2,2,0.0018229213582199838,0.13846153846153847,0.16153846153846152,0.2923076923076923,0.20769230769230768,0.7538461538461538,0.04615384615384621,0.9692307692307693,0.06923076923076932,0.9692307692307693,0.019230769230769384
PRINCIPAL N=50,50,OOD_FAR_no_virializado_03,ood_far,no_virializado,6,9.0,2,2,0.005652059157808658,0.46153846153846156,0.16153846153846158,0.7538461538461538,0.25384615384615383,0.9384615384615385,0.1384615384615384,0.9846153846153847,0.08461538461538465,0.9846153846153847,0.034615384615384714
PRINCIPAL N=50,50,OOD_FAR_no_virializado_03,ood_far,no_virializado,7,10.5,2,2,0.004738376276919837,0.6,0.3,0.6923076923076923,0.1923076923076923,0.923076923076923,0.12307692307692297,0.9384615384615385,0.038461538461538436,0.9384615384615385,0.011538461538461497
PRINCIPAL N=50,50,OOD_FAR_no_virializado_03,ood_far,no_virializado,8,12.0,1,2,0.0026145417356687847,0.49230769230769234,0.19230769230769235,0.7230769230769231,0.22307692307692306,0.9384615384615385,0.1384615384615384,0.9846153846153847,0.08461538461538465,0.9846153846153847,0.034615384615384714
PRINCIPAL N=50,50,OOD_FAR_no_virializado_03,ood_far,no_virializado,9,13.5,1,2,0.00429434788337906,0.21538461538461542,0.08461538461538456,0.43076923076923085,0.06923076923076915,0.7538461538461538,0.04615384615384621,0.9076923076923077,0.007692307692307665,0.9076923076923077,0.04230769230769227
PRINCIPAL N=50,50,OOD_FAR_no_virializado_03,ood_far,no_virializado,10,15.0,2,2,0.004252524935627766,0.49230769230769234,0.19230769230769235,0.7076923076923077,0.20769230769230773,0.8923076923076924,0.09230769230769231,0.9692307692307693,0.06923076923076932,0.9692307692307693,0.019230769230769384
PRINCIPAL N=100,100,ID_figura_ocho_00,in_distribution,figura_ocho,1,1.5,4,4,3.538883910496719e-05,0.3076923076923077,0.0076923076923077205,0.4461538461538462,0.05384615384615382,0.8307692307692308,0.03076923076923077,0.9692307692307693,0.06923076923076932,0.9692307692307693,0.019230769230769384
PRINCIPAL N=100,100,ID_figura_ocho_00,in_distribution,figura_ocho,2,3.0,2,2,0.011164869829405552,0.3384615384615385,0.03846153846153849,0.49230769230769234,0.007692307692307665,0.8307692307692308,0.03076923076923077,0.9076923076923077,0.007692307692307665,0.9076923076923077,0.04230769230769227
PRINCIPAL N=100,100,ID_figura_ocho_00,in_distribution,figura_ocho,3,4.5,2,2,0.0047014408708888015,0.16923076923076924,0.13076923076923075,0.4153846153846154,0.08461538461538459,0.8307692307692308,0.03076923076923077,0.9538461538461538,0.053846153846153766,0.9538461538461538,0.0038461538461538325
PRINCIPAL N=100,100,ID_figura_ocho_00,in_distribution,figura_ocho,4,6.0,2,2,0.00476013583929825,0.2923076923076923,0.007692307692307665,0.5384615384615384,0.038461538461538436,0.8153846153846154,0.01538461538461533,0.8615384615384615,0.03846153846153855,0.8615384615384615,0.08846153846153848
PRINCIPAL N=100,100,ID_figura_ocho_00,in_distribution,figura_ocho,5,7.5,2,2,0.009226893742580754,0.24615384615384617,0.05384615384615382,0.5692307692307692,0.0692307692307692,0.8615384615384615,0.06153846153846143,0.9230769230769231,0.023076923076923106,0.9230769230769231,0.026923076923076827
PRINCIPAL N=100,100,ID_figura_ocho_00,in_distribution,figura_ocho,6,9.0,2,2,0.008795535040822495,0.2923076923076923,0.007692307692307665,0.6,0.09999999999999998,0.8153846153846155,0.015384615384615441,0.9384615384615385,0.038461538461538436,0.9384615384615385,0.011538461538461497
PRINCIPAL N=100,100,ID_figura_ocho_00,in_distribution,figura_ocho,7,10.5,2,2,0.012518991385226575,0.3384615384615385,0.03846153846153849,0.5076923076923077,0.007692307692307665,0.876923076923077,0.07692307692307698,0.9230769230769231,0.023076923076923106,0.9230769230769231,0.026923076923076827
PRINCIPAL N=100,100,ID_figura_ocho_00,in_distribution,figura_ocho,8,12.0,2,2,0.01282212420263062,0.3230769230769231,0.023076923076923106,0.5230769230769231,0.023076923076923106,0.8153846153846154,0.01538461538461533,0.9076923076923077,0.007692307692307665,0.9076923076923077,0.04230769230769227
PRINCIPAL N=100,100,ID_figura_ocho_00,in_distribution,figura_ocho,9,13.5,2,2,0.00799699552872774,0.2923076923076923,0.007692307692307665,0.5538461538461539,0.05384615384615388,0.8923076923076924,0.09230769230769231,0.8923076923076924,0.007692307692307665,0.8923076923076924,0.0576923076923076
PRINCIPAL N=100,100,ID_figura_ocho_00,in_distribution,figura_ocho,10,15.0,2,2,0.013476835976220116,0.27692307692307694,0.02307692307692305,0.5846153846153846,0.08461538461538465,0.8307692307692308,0.03076923076923077,0.9076923076923077,0.007692307692307665,0.9076923076923077,0.04230769230769227
PRINCIPAL N=100,100,ID_figura_ocho_01,in_distribution,figura_ocho,1,1.5,4,4,7.174941686578131e-05,0.23076923076923078,0.0692307692307692,0.5076923076923077,0.007692307692307665,0.9384615384615385,0.1384615384615384,0.9846153846153847,0.08461538461538465,0.9846153846153847,0.034615384615384714
PRINCIPAL N=100,100,ID_figura_ocho_01,in_distribution,figura_ocho,2,3.0,2,2,0.011627132356298305,0.3384615384615385,0.03846153846153849,0.5230769230769231,0.023076923076923106,0.876923076923077,0.07692307692307698,0.9692307692307693,0.06923076923076932,0.9692307692307693,0.019230769230769384
PRINCIPAL N=100,100,ID_figura_ocho_01,in_distribution,figura_ocho,3,4.5,2,2,0.008282539720320298,0.24615384615384617,0.05384615384615382,0.49230769230769234,0.007692307692307665,0.8307692307692308,0.03076923076923077,0.8923076923076924,0.007692307692307665,0.8923076923076924,0.0576923076923076
PRINCIPAL N=100,100,ID_figura_ocho_01,in_distribution,figura_ocho,4,6.0,2,2,0.004289534218662567,0.3076923076923077,0.0076923076923077205,0.676923076923077,0.17692307692307696,0.9230769230769231,0.12307692307692308,0.9846153846153847,0.08461538461538465,0.9846153846153847,0.034615384615384714
PRINCIPAL N=100,100,ID_figura_ocho_01,in_distribution,figura_ocho,5,7.5,2,2,0.011762493225748004,0.3384615384615385,0.03846153846153849,0.5384615384615384,0.038461538461538436,0.8,0.0,0.876923076923077,0.023076923076922995,0.876923076923077,0.07307692307692293
PRINCIPAL N=100,100,ID_figura_ocho_01,in_distribution,figura_ocho,6,9.0,2,2,0.004484076543323903,0.35384615384615387,0.05384615384615388,0.5384615384615385,0.03846153846153855,0.8923076923076924,0.09230769230769231,0.9692307692307693,0.06923076923076932,0.9692307692307693,0.019230769230769384
PRINCIPAL N=100,100,ID_figura_ocho_01,in_distribution,figura_ocho,7,10.5,2,2,0.00857845185467886,0.3384615384615385,0.03846153846153849,0.5384615384615385,0.03846153846153855,0.8307692307692308,0.03076923076923077,0.8923076923076924,0.007692307692307665,0.8923076923076924,0.0576923076923076
PRINCIPAL N=100,100,ID_figura_ocho_01,in_distribution,figura_ocho,8,12.0,2,2,0.006000912874916188,0.2923076923076923,0.007692307692307665,0.43076923076923074,0.06923076923076926,0.7384615384615384,0.06153846153846165,0.8769230769230768,0.023076923076923217,0.8769230769230768,0.07307692307692315
PRINCIPAL N=100,100,ID_figura_ocho_01,in_distribution,figura_ocho,9,13.5,2,2,0.008389028405890704,0.3538461538461538,0.05384615384615382,0.5692307692307692,0.0692307692307692,0.8153846153846154,0.01538461538461533,0.8923076923076924,0.007692307692307665,0.8923076923076924,0.0576923076923076
PRINCIPAL N=100,100,ID_figura_ocho_01,in_distribution,figura_ocho,10,15.0,2,2,0.004135593617124162,0.27692307692307694,0.02307692307692305,0.5538461538461539,0.05384615384615388,0.8615384615384617,0.06153846153846165,0.9384615384615385,0.038461538461538436,0.9384615384615385,0.011538461538461497
PRINCIPAL N=100,100,ID_figura_ocho_02,in_distribution,figura_ocho,1,1.5,5,5,2.1346794521888604e-05,0.30769230769230765,0.007692307692307665,0.5846153846153845,0.08461538461538454,0.8461538461538464,0.04615384615384632,0.9230769230769231,0.023076923076923106,0.9230769230769231,0.026923076923076827
PRINCIPAL N=100,100,ID_figura_ocho_02,in_distribution,figura_ocho,2,3.0,2,2,0.006747602388538841,0.3692307692307692,0.0692307692307692,0.5692307692307692,0.0692307692307692,0.8153846153846154,0.01538461538461533,0.9076923076923077,0.007692307692307665,0.9076923076923077,0.04230769230769227
PRINCIPAL N=100,100,ID_figura_ocho_02,in_distribution,figura_ocho,3,4.5,2,2,0.019437088571868662,0.24615384615384617,0.05384615384615382,0.4615384615384615,0.03846153846153849,0.8461538461538461,0.0461538461538461,0.9384615384615385,0.038461538461538436,0.9384615384615385,0.011538461538461497
PRINCIPAL N=100,100,ID_figura_ocho_02,in_distribution,figura_ocho,4,6.0,2,2,0.009432093889415136,0.3846153846153846,0.08461538461538459,0.7076923076923077,0.20769230769230773,0.8923076923076924,0.09230769230769231,0.9384615384615385,0.038461538461538436,0.9384615384615385,0.011538461538461497
PRINCIPAL N=100,100,ID_figura_ocho_02,in_distribution,figura_ocho,5,7.5,2,2,0.02025629591654458,0.4769230769230769,0.1769230769230769,0.6,0.09999999999999998,0.8461538461538464,0.04615384615384632,0.923076923076923,0.023076923076922995,0.923076923076923,0.02692307692307694
PRINCIPAL N=100,100,ID_figura_ocho_02,in_distribution,figura_ocho,6,9.0,2,2,0.009707181090466527,0.32307692307692304,0.02307692307692305,0.4615384615384615,0.03846153846153849,0.8307692307692308,0.03076923076923077,0.9384615384615385,0.038461538461538436,0.9384615384615385,0.011538461538461497
PRINCIPAL N=100,100,ID_figura_ocho_02,in_distribution,figura_ocho,7,10.5,2,2,0.010031148306449644,0.3076923076923077,0.0076923076923077205,0.5846153846153846,0.08461538461538465,0.8923076923076924,0.09230769230769231,0.9384615384615385,0.038461538461538436,0.9384615384615385,0.011538461538461497
PRINCIPAL N=100,100,ID_figura_ocho_02,in_distribution,figura_ocho,8,12.0,2,2,0.005854531396520491,0.27692307692307694,0.02307692307692305,0.5384615384615384,0.038461538461538436,0.8615384615384615,0.06153846153846143,0.9076923076923077,0.007692307692307665,0.9076923076923077,0.04230769230769227
PRINCIPAL N=100,100,ID_figura_ocho_02,in_distribution,figura_ocho,9,13.5,2,2,0.015597742922910407,0.3538461538461538,0.05384615384615382,0.5846153846153845,0.08461538461538454,0.8461538461538464,0.04615384615384632,0.9384615384615385,0.038461538461538436,0.9384615384615385,0.011538461538461497
PRINCIPAL N=100,100,ID_figura_ocho_02,in_distribution,figura_ocho,10,15.0,2,2,0.010325458181449287,0.32307692307692315,0.02307692307692316,0.5384615384615385,0.03846153846153855,0.923076923076923,0.12307692307692297,0.9384615384615385,0.038461538461538436,0.9384615384615385,0.011538461538461497
PRINCIPAL N=100,100,ID_figura_ocho_03,in_distribution,figura_ocho,1,1.5,4,4,6.186145672196585e-05,0.2615384615384616,0.03846153846153838,0.6,0.09999999999999998,0.7538461538461538,0.04615384615384621,0.8307692307692308,0.0692307692307692,0.8307692307692308,0.11923076923076914
PRINCIPAL N=100,100,ID_figura_ocho_03,in_distribution,figura_ocho,2,3.0,2,2,0.0027890725305204827,0.23076923076923078,0.0692307692307692,0.4615384615384615,0.03846153846153849,0.876923076923077,0.07692307692307698,0.9692307692307693,0.06923076923076932,0.9692307692307693,0.019230769230769384
PRINCIPAL N=100,100,ID_figura_ocho_03,in_distribution,figura_ocho,3,4.5,2,2,0.009705396024461934,0.2923076923076923,0.007692307692307665,0.6000000000000001,0.10000000000000009,0.8923076923076924,0.09230769230769231,0.9384615384615385,0.038461538461538436,0.9384615384615385,0.011538461538461497
PRINCIPAL N=100,100,ID_figura_ocho_03,in_distribution,figura_ocho,4,6.0,2,2,0.006977451523538125,0.5846153846153846,0.28461538461538466,0.7076923076923076,0.20769230769230762,0.8615384615384617,0.06153846153846165,0.9384615384615385,0.038461538461538436,0.9384615384615385,0.011538461538461497
PRINCIPAL N=100,100,ID_figura_ocho_03,in_distribution,figura_ocho,5,7.5,2,2,0.008853558886679398,0.3538461538461538,0.05384615384615382,0.5384615384615385,0.03846153846153855,0.8923076923076924,0.09230769230769231,0.9692307692307693,0.06923076923076932,0.9692307692307693,0.019230769230769384
PRINCIPAL N=100,100,ID_figura_ocho_03,in_distribution,figura_ocho,6,9.0,2,2,0.004010180447255077,0.24615384615384617,0.05384615384615382,0.4,0.09999999999999998,0.8461538461538461,0.0461538461538461,0.9384615384615385,0.038461538461538436,0.9384615384615385,0.011538461538461497
PRINCIPAL N=100,100,ID_figura_ocho_03,in_distribution,figura_ocho,7,10.5,2,2,0.004663183768005639,0.4461538461538462,0.1461538461538462,0.6307692307692309,0.13076923076923086,0.876923076923077,0.07692307692307698,0.9076923076923078,0.007692307692307776,0.9076923076923078,0.04230769230769216
PRINCIPAL N=100,100,ID_figura_ocho_03,in_distribution,figura_ocho,8,12.0,2,2,0.007650285670563724,0.5846153846153845,0.28461538461538455,0.676923076923077,0.17692307692307696,0.8615384615384617,0.06153846153846165,0.9384615384615385,0.038461538461538436,0.9384615384615385,0.011538461538461497
PRINCIPAL N=100,100,ID_figura_ocho_03,in_distribution,figura_ocho,9,13.5,2,2,0.012288634025855153,0.3384615384615385,0.03846153846153849,0.7846153846153847,0.2846153846153847,0.8153846153846154,0.01538461538461533,0.9538461538461538,0.053846153846153766,0.9538461538461538,0.0038461538461538325
PRINCIPAL N=100,100,ID_figura_ocho_03,in_distribution,figura_ocho,10,15.0,2,2,0.004670127920618263,0.26153846153846155,0.038461538461538436,0.4615384615384615,0.03846153846153849,0.8615384615384615,0.06153846153846143,0.9692307692307693,0.06923076923076932,0.9692307692307693,0.019230769230769384
PRINCIPAL N=100,100,ID_jerarquico_00,in_distribution,jerarquico,1,0.471266491421797,1,2,0.000665461550770129,0.36923076923076925,0.06923076923076926,0.6153846153846153,0.11538461538461531,0.8461538461538461,0.0461538461538461,1.0,0.09999999999999998,1.0,0.050000000000000044
PRINCIPAL N=100,100,ID_jerarquico_00,in_distribution,jerarquico,2,0.942532982843594,1,2,0.0008883322703483883,0.3384615384615385,0.03846153846153849,0.6769230769230768,0.17692307692307685,0.9538461538461538,0.15384615384615374,0.9692307692307693,0.06923076923076932,0.9692307692307693,0.019230769230769384
PRINCIPAL N=100,100,ID_jerarquico_00,in_distribution,jerarquico,3,1.413799474265391,1,2,0.001224297096034984,0.15384615384615383,0.14615384615384616,0.4461538461538462,0.05384615384615382,0.8461538461538461,0.0461538461538461,0.876923076923077,0.023076923076922995,0.876923076923077,0.07307692307692293
PRINCIPAL N=100,100,ID_jerarquico_00,in_distribution,jerarquico,4,1.8850659656871882,1,2,0.0009243155066979954,0.41538461538461535,0.11538461538461536,0.6615384615384616,0.16153846153846163,0.9538461538461538,0.15384615384615374,1.0,0.09999999999999998,1.0,0.050000000000000044
PRINCIPAL N=100,100,ID_jerarquico_00,in_distribution,jerarquico,5,2.3563324571089854,1,2,0.0013096385663384773,0.3538461538461538,0.05384615384615382,0.6153846153846155,0.11538461538461553,0.8923076923076924,0.09230769230769231,0.9384615384615385,0.038461538461538436,0.9384615384615385,0.011538461538461497
PRINCIPAL N=100,100,ID_jerarquico_00,in_distribution,jerarquico,6,2.8275989485307824,1,2,0.000941958327739372,0.4153846153846154,0.11538461538461542,0.6615384615384616,0.16153846153846163,0.9538461538461538,0.15384615384615374,1.0,0.09999999999999998,1.0,0.050000000000000044
PRINCIPAL N=100,100,ID_jerarquico_00,in_distribution,jerarquico,7,3.2988654399525794,1,2,0.0012476435565171955,0.4153846153846154,0.11538461538461542,0.7384615384615385,0.2384615384615385,0.9538461538461538,0.15384615384615374,0.9692307692307693,0.06923076923076932,0.9692307692307693,0.019230769230769384
PRINCIPAL N=100,100,ID_jerarquico_00,in_distribution,jerarquico,8,3.7701319313743764,1,2,0.000953679369158996,0.3846153846153846,0.08461538461538459,0.676923076923077,0.17692307692307696,0.9076923076923078,0.10769230769230775,1.0,0.09999999999999998,1.0,0.050000000000000044
PRINCIPAL N=100,100,ID_jerarquico_00,in_distribution,jerarquico,9,4.241398422796173,1,2,0.0012036227315890375,0.3076923076923077,0.0076923076923077205,0.7384615384615385,0.2384615384615385,0.9076923076923077,0.10769230769230764,0.9692307692307693,0.06923076923076932,0.9692307692307693,0.019230769230769384
PRINCIPAL N=100,100,ID_jerarquico_00,in_distribution,jerarquico,10,4.71266491421797,1,2,0.0009709032576909509,0.3846153846153846,0.08461538461538459,0.6153846153846154,0.11538461538461542,0.9230769230769231,0.12307692307692308,1.0,0.09999999999999998,1.0,0.050000000000000044
PRINCIPAL N=100,100,ID_jerarquico_01,in_distribution,jerarquico,1,0.4416475528509517,1,2,0.0011658856642718567,0.29230769230769227,0.0076923076923077205,0.4461538461538462,0.05384615384615382,1.0,0.19999999999999996,1.0,0.09999999999999998,1.0,0.050000000000000044
PRINCIPAL N=100,100,ID_jerarquico_01,in_distribution,jerarquico,2,0.8832951057019034,1,2,0.0007003716740039431,0.4615384615384615,0.16153846153846152,0.6461538461538461,0.14615384615384608,0.9076923076923077,0.10769230769230764,0.9538461538461538,0.053846153846153766,0.9538461538461538,0.0038461538461538325
PRINCIPAL N=100,100,ID_jerarquico_01,in_distribution,jerarquico,3,1.324942658552855,1,2,0.0009257883562445396,0.4,0.10000000000000003,0.6153846153846154,0.11538461538461542,0.9076923076923077,0.10769230769230764,0.9538461538461538,0.053846153846153766,0.9538461538461538,0.0038461538461538325
PRINCIPAL N=100,100,ID_jerarquico_01,in_distribution,jerarquico,4,1.7665902114038068,1,2,0.00070045485744411,0.476923076923077,0.17692307692307702,0.6923076923076923,0.1923076923076923,0.9076923076923077,0.10769230769230764,0.9538461538461538,0.053846153846153766,0.9538461538461538,0.0038461538461538325
PRINCIPAL N=100,100,ID_jerarquico_01,in_distribution,jerarquico,5,2.2082377642547586,1,2,0.0008944751464427631,0.24615384615384617,0.05384615384615382,0.5846153846153845,0.08461538461538454,0.9076923076923077,0.10769230769230764,0.9538461538461538,0.053846153846153766,0.9538461538461538,0.0038461538461538325
PRINCIPAL N=100,100,ID_jerarquico_01,in_distribution,jerarquico,6,2.6498853171057104,1,2,0.0007272894047163127,0.4615384615384615,0.16153846153846152,0.6461538461538461,0.14615384615384608,0.9076923076923077,0.10769230769230764,0.9538461538461538,0.053846153846153766,0.9538461538461538,0.0038461538461538325
PRINCIPAL N=100,100,ID_jerarquico_01,in_distribution,jerarquico,7,3.0915328699566618,1,2,0.00107756670583974,0.2,0.09999999999999998,0.6461538461538463,0.1461538461538463,0.876923076923077,0.07692307692307698,0.9846153846153847,0.08461538461538465,0.9846153846153847,0.034615384615384714
PRINCIPAL N=100,100,ID_jerarquico_01,in_distribution,jerarquico,8,3.5331804228076136,1,2,0.0007424985228208096,0.4769230769230769,0.1769230769230769,0.6461538461538461,0.14615384615384608,0.9076923076923077,0.10769230769230764,0.9538461538461538,0.053846153846153766,0.9538461538461538,0.0038461538461538325
PRINCIPAL N=100,100,ID_jerarquico_01,in_distribution,jerarquico,9,3.9748279756585654,1,2,0.0011481771010805597,0.30769230769230765,0.007692307692307665,0.5846153846153846,0.08461538461538465,0.9384615384615385,0.1384615384615384,0.9692307692307693,0.06923076923076932,0.9692307692307693,0.019230769230769384
PRINCIPAL N=100,100,ID_jerarquico_01,in_distribution,jerarquico,10,4.416475528509517,1,2,0.000752652127673647,0.4615384615384615,0.16153846153846152,0.6461538461538461,0.14615384615384608,0.9076923076923077,0.10769230769230764,0.9538461538461538,0.053846153846153766,0.9538461538461538,0.0038461538461538325
PRINCIPAL N=100,100,ID_jerarquico_02,in_distribution,jerarquico,1,0.36917309782390384,1,2,0.001166267186146961,0.30769230769230765,0.007692307692307665,0.5538461538461539,0.05384615384615388,0.9230769230769231,0.12307692307692308,0.9846153846153847,0.08461538461538465,0.9846153846153847,0.034615384615384714
PRINCIPAL N=100,100,ID_jerarquico_02,in_distribution,jerarquico,2,0.7383461956478077,1,2,0.002163645613432063,0.27692307692307694,0.02307692307692305,0.5538461538461539,0.05384615384615388,0.876923076923077,0.07692307692307698,0.9692307692307693,0.06923076923076932,0.9692307692307693,0.019230769230769384
PRINCIPAL N=100,100,ID_jerarquico_02,in_distribution,jerarquico,3,1.1075192934717115,1,2,0.00037381387355579863,0.36923076923076925,0.06923076923076926,0.6615384615384615,0.16153846153846152,0.9230769230769231,0.12307692307692308,0.9538461538461538,0.053846153846153766,0.9538461538461538,0.0038461538461538325
PRINCIPAL N=100,100,ID_jerarquico_02,in_distribution,jerarquico,4,1.4766923912956154,1,2,0.0021018591382065757,0.26153846153846155,0.038461538461538436,0.5384615384615385,0.03846153846153855,0.876923076923077,0.07692307692307698,0.9692307692307693,0.06923076923076932,0.9692307692307693,0.019230769230769384
PRINCIPAL N=100,100,ID_jerarquico_02,in_distribution,jerarquico,5,1.8458654891195192,1,2,0.0004972408467558079,0.3384615384615385,0.03846153846153849,0.6,0.09999999999999998,0.9384615384615385,0.1384615384615384,0.9538461538461538,0.053846153846153766,0.9538461538461538,0.0038461538461538325
PRINCIPAL N=100,100,ID_jerarquico_02,in_distribution,jerarquico,6,2.215038586943423,1,2,0.0020858495292708367,0.27692307692307694,0.02307692307692305,0.5384615384615385,0.03846153846153855,0.876923076923077,0.07692307692307698,0.9692307692307693,0.06923076923076932,0.9692307692307693,0.019230769230769384
PRINCIPAL N=100,100,ID_jerarquico_02,in_distribution,jerarquico,7,2.584211684767327,1,2,0.0005683200484703987,0.30769230769230776,0.007692307692307776,0.6923076923076923,0.1923076923076923,0.9384615384615385,0.1384615384615384,0.9538461538461538,0.053846153846153766,0.9538461538461538,0.0038461538461538325
PRINCIPAL N=100,100,ID_jerarquico_02,in_distribution,jerarquico,8,2.9533847825912307,1,2,0.0020814482305833845,0.27692307692307694,0.02307692307692305,0.5384615384615385,0.03846153846153855,0.876923076923077,0.07692307692307698,0.9692307692307693,0.06923076923076932,0.9692307692307693,0.019230769230769384
PRINCIPAL N=100,100,ID_jerarquico_02,in_distribution,jerarquico,9,3.3225578804151343,1,2,0.0007151763940601037,0.30769230769230765,0.007692307692307665,0.5692307692307692,0.0692307692307692,0.953846153846154,0.15384615384615397,0.9692307692307693,0.06923076923076932,0.9692307692307693,0.019230769230769384
PRINCIPAL N=100,100,ID_jerarquico_02,in_distribution,jerarquico,10,3.6917309782390384,1,2,0.002067969017374977,0.27692307692307694,0.02307692307692305,0.5384615384615385,0.03846153846153855,0.876923076923077,0.07692307692307698,0.953846153846154,0.05384615384615399,0.953846153846154,0.0038461538461540545
PRINCIPAL N=100,100,ID_jerarquico_03,in_distribution,jerarquico,1,0.4524831053122072,1,2,0.0014156607190130618,0.3538461538461539,0.05384615384615393,0.6,0.09999999999999998,0.8923076923076924,0.09230769230769231,0.9846153846153847,0.08461538461538465,0.9846153846153847,0.034615384615384714
PRINCIPAL N=100,100,ID_jerarquico_03,in_distribution,jerarquico,2,0.9049662106244144,1,2,0.00029353585017096313,0.27692307692307694,0.02307692307692305,0.43076923076923074,0.06923076923076926,0.8461538461538461,0.0461538461538461,0.9846153846153847,0.08461538461538465,0.9846153846153847,0.034615384615384714
PRINCIPAL N=100,100,ID_jerarquico_03,in_distribution,jerarquico,3,1.3574493159366217,1,2,0.0010666826294910327,0.4615384615384615,0.16153846153846152,0.5846153846153845,0.08461538461538454,0.8615384615384617,0.06153846153846165,0.9692307692307693,0.06923076923076932,0.9692307692307693,0.019230769230769384
PRINCIPAL N=100,100,ID_jerarquico_03,in_distribution,jerarquico,4,1.8099324212488288,1,2,0.0002774894513528089,0.27692307692307694,0.02307692307692305,0.43076923076923074,0.06923076923076926,0.8461538461538461,0.0461538461538461,0.9846153846153847,0.08461538461538465,0.9846153846153847,0.034615384615384714
PRINCIPAL N=100,100,ID_jerarquico_03,in_distribution,jerarquico,5,2.262415526561036,1,2,0.00024844838154553,0.4153846153846154,0.11538461538461542,0.6307692307692307,0.13076923076923075,0.9230769230769231,0.12307692307692308,0.9692307692307693,0.06923076923076932,0.9692307692307693,0.019230769230769384
PRINCIPAL N=100,100,ID_jerarquico_03,in_distribution,jerarquico,6,2.7148986318732433,1,2,0.0002722188397084064,0.27692307692307694,0.02307692307692305,0.43076923076923074,0.06923076923076926,0.8461538461538461,0.0461538461538461,0.9846153846153847,0.08461538461538465,0.9846153846153847,0.034615384615384714
PRINCIPAL N=100,100,ID_jerarquico_03,in_distribution,jerarquico,7,3.1673817371854507,1,2,8.76925705461055e-05,0.2,0.09999999999999998,0.4153846153846154,0.08461538461538459,0.9384615384615385,0.1384615384615384,0.9692307692307693,0.06923076923076932,0.9692307692307693,0.019230769230769384
PRINCIPAL N=100,100,ID_jerarquico_03,in_distribution,jerarquico,8,3.6198648424976576,1,2,0.00026912325382909323,0.27692307692307694,0.02307692307692305,0.43076923076923074,0.06923076923076926,0.8461538461538461,0.0461538461538461,0.9692307692307693,0.06923076923076932,0.9692307692307693,0.019230769230769384
PRINCIPAL N=100,100,ID_jerarquico_03,in_distribution,jerarquico,9,4.072347947809865,1,2,0.0011408818544327063,0.23076923076923078,0.0692307692307692,0.5076923076923077,0.007692307692307665,0.8923076923076924,0.09230769230769231,0.9692307692307693,0.06923076923076932,0.9692307692307693,0.019230769230769384
PRINCIPAL N=100,100,ID_jerarquico_03,in_distribution,jerarquico,10,4.524831053122072,2,2,0.0011060969634156352,0.4153846153846154,0.11538461538461542,0.5692307692307692,0.0692307692307692,0.8615384615384617,0.06153846153846165,0.9692307692307693,0.06923076923076932,0.9692307692307693,0.019230769230769384
PRINCIPAL N=100,100,ID_resonancia_00,in_distribution,resonancia,1,0.39678810308029255,1,2,0.0014107534511319515,0.24615384615384617,0.05384615384615382,0.5076923076923077,0.007692307692307665,0.7846153846153847,0.01538461538461533,0.876923076923077,0.023076923076922995,0.876923076923077,0.07307692307692293
PRINCIPAL N=100,100,ID_resonancia_00,in_distribution,resonancia,2,0.7935762061605851,2,2,0.001875173467249639,0.46153846153846156,0.16153846153846158,0.6,0.09999999999999998,0.876923076923077,0.07692307692307698,0.9384615384615385,0.038461538461538436,0.9384615384615385,0.011538461538461497
PRINCIPAL N=100,100,ID_resonancia_00,in_distribution,resonancia,3,1.1903643092408775,2,2,0.004879284383088064,0.3076923076923077,0.0076923076923077205,0.49230769230769234,0.007692307692307665,0.8461538461538461,0.0461538461538461,0.9230769230769231,0.023076923076923106,0.9230769230769231,0.026923076923076827
PRINCIPAL N=100,100,ID_resonancia_00,in_distribution,resonancia,4,1.5871524123211702,1,2,0.0006488219578135082,0.27692307692307694,0.02307692307692305,0.49230769230769234,0.007692307692307665,0.6923076923076923,0.10769230769230775,0.8615384615384617,0.038461538461538325,0.8615384615384617,0.08846153846153826
PRINCIPAL N=100,100,ID_resonancia_00,in_distribution,resonancia,5,1.9839405154014629,1,2,0.00017013432067854278,0.41538461538461535,0.11538461538461536,0.4923076923076922,0.007692307692307776,0.9384615384615385,0.1384615384615384,0.9846153846153847,0.08461538461538465,0.9846153846153847,0.034615384615384714
PRINCIPAL N=100,100,ID_resonancia_00,in_distribution,resonancia,6,2.3807286184817555,1,2,0.0003341125778863456,0.4,0.10000000000000003,0.5538461538461539,0.05384615384615388,0.8461538461538461,0.0461538461538461,0.9846153846153847,0.08461538461538465,0.9846153846153847,0.034615384615384714
PRINCIPAL N=100,100,ID_resonancia_00,in_distribution,resonancia,7,2.7775167215620478,3,3,3.9276093948712276e-05,0.29230769230769227,0.0076923076923077205,0.5538461538461539,0.05384615384615388,0.7538461538461538,0.04615384615384621,0.8615384615384617,0.038461538461538325,0.8615384615384617,0.08846153846153826
PRINCIPAL N=100,100,ID_resonancia_00,in_distribution,resonancia,8,3.1743048246423404,2,2,0.0012479743103335308,0.3384615384615385,0.03846153846153849,0.5538461538461539,0.05384615384615388,0.8153846153846154,0.01538461538461533,0.9384615384615385,0.038461538461538436,0.9384615384615385,0.011538461538461497
PRINCIPAL N=100,100,ID_resonancia_00,in_distribution,resonancia,9,3.571092927722633,2,2,0.0002129151594900471,0.3538461538461538,0.05384615384615382,0.5384615384615384,0.038461538461538436,0.8,0.0,0.9230769230769231,0.023076923076923106,0.9230769230769231,0.026923076923076827
PRINCIPAL N=100,100,ID_resonancia_00,in_distribution,resonancia,10,3.9678810308029258,2,2,0.0008310782230785887,0.3384615384615385,0.03846153846153849,0.5384615384615384,0.038461538461538436,0.8,0.0,0.9384615384615385,0.038461538461538436,0.9384615384615385,0.011538461538461497
PRINCIPAL N=100,100,ID_resonancia_01,in_distribution,resonancia,1,0.43580603477803204,1,2,0.00230897059700916,0.24615384615384617,0.05384615384615382,0.4461538461538462,0.05384615384615382,0.7230769230769231,0.07692307692307698,0.8615384615384617,0.038461538461538325,0.8615384615384617,0.08846153846153826
PRINCIPAL N=100,100,ID_resonancia_01,in_distribution,resonancia,2,0.8716120695560641,1,2,0.0024617540492816795,0.21538461538461542,0.08461538461538456,0.43076923076923085,0.06923076923076915,0.8461538461538461,0.0461538461538461,1.0,0.09999999999999998,1.0,0.050000000000000044
PRINCIPAL N=100,100,ID_resonancia_01,in_distribution,resonancia,3,1.3074181043340962,1,2,0.003794270050251005,0.18461538461538463,0.11538461538461536,0.4153846153846154,0.08461538461538459,0.7846153846153847,0.01538461538461533,0.8615384615384615,0.03846153846153855,0.8615384615384615,0.08846153846153848
PRINCIPAL N=100,100,ID_resonancia_01,in_distribution,resonancia,4,1.7432241391121281,1,2,0.003417253853622429,0.35384615384615387,0.05384615384615388,0.5076923076923078,0.007692307692307776,0.7230769230769231,0.07692307692307698,0.9230769230769231,0.023076923076923106,0.9230769230769231,0.026923076923076827
PRINCIPAL N=100,100,ID_resonancia_01,in_distribution,resonancia,5,2.17903017389016,1,2,0.0021642764818088156,0.27692307692307694,0.02307692307692305,0.4,0.09999999999999998,0.6923076923076923,0.10769230769230775,0.8461538461538461,0.05384615384615388,0.8461538461538461,0.10384615384615381
PRINCIPAL N=100,100,ID_resonancia_01,in_distribution,resonancia,6,2.614836208668192,1,2,0.0006682884106916422,0.41538461538461535,0.11538461538461536,0.6615384615384616,0.16153846153846163,0.9076923076923078,0.10769230769230775,0.9538461538461538,0.053846153846153766,0.9538461538461538,0.0038461538461538325
PRINCIPAL N=100,100,ID_resonancia_01,in_distribution,resonancia,7,3.0506422434462244,1,2,0.0007741837211078979,0.4461538461538462,0.1461538461538462,0.6615384615384616,0.16153846153846163,0.9230769230769231,0.12307692307692308,0.9384615384615385,0.038461538461538436,0.9384615384615385,0.011538461538461497
PRINCIPAL N=100,100,ID_resonancia_01,in_distribution,resonancia,8,3.4864482782242563,1,2,0.0021637878172229,0.4461538461538462,0.1461538461538462,0.6615384615384616,0.16153846153846163,0.9076923076923077,0.10769230769230764,0.9384615384615385,0.038461538461538436,0.9384615384615385,0.011538461538461497
PRINCIPAL N=100,100,ID_resonancia_01,in_distribution,resonancia,9,3.922254313002288,2,2,0.0017041139627716074,0.46153846153846156,0.16153846153846158,0.6615384615384616,0.16153846153846163,0.876923076923077,0.07692307692307698,0.9230769230769231,0.023076923076923106,0.9230769230769231,0.026923076923076827
PRINCIPAL N=100,100,ID_resonancia_01,in_distribution,resonancia,10,4.35806034778032,3,3,0.004744987751603696,0.24615384615384617,0.05384615384615382,0.4,0.09999999999999998,0.7230769230769232,0.07692307692307687,0.923076923076923,0.023076923076922995,0.923076923076923,0.02692307692307694
PRINCIPAL N=100,100,ID_resonancia_02,in_distribution,resonancia,1,0.36225977028621276,1,2,0.009855093807737704,0.38461538461538464,0.08461538461538465,0.6153846153846153,0.11538461538461531,0.8461538461538461,0.0461538461538461,0.9076923076923077,0.007692307692307665,0.9076923076923077,0.04230769230769227
PRINCIPAL N=100,100,ID_resonancia_02,in_distribution,resonancia,2,0.7245195405724254,2,2,0.008104945848621894,0.3076923076923077,0.0076923076923077205,0.5076923076923077,0.007692307692307665,0.8615384615384615,0.06153846153846143,0.9384615384615385,0.038461538461538436,0.9384615384615385,0.011538461538461497
PRINCIPAL N=100,100,ID_resonancia_02,in_distribution,resonancia,3,1.086779310858638,2,2,0.0025474837879349197,0.3076923076923077,0.0076923076923077205,0.5846153846153846,0.08461538461538465,0.9076923076923077,0.10769230769230764,0.9076923076923077,0.007692307692307665,0.9076923076923077,0.04230769230769227
PRINCIPAL N=100,100,ID_resonancia_02,in_distribution,resonancia,4,1.4490390811448508,2,2,0.0028821758697050314,0.2615384615384615,0.03846153846153849,0.5692307692307692,0.0692307692307692,0.8153846153846155,0.015384615384615441,0.9076923076923078,0.007692307692307776,0.9076923076923078,0.04230769230769216
PRINCIPAL N=100,100,ID_resonancia_02,in_distribution,resonancia,5,1.8112988514310635,2,2,0.0018448887019504854,0.2615384615384616,0.03846153846153838,0.4615384615384615,0.03846153846153849,0.8615384615384615,0.06153846153846143,0.953846153846154,0.05384615384615399,0.953846153846154,0.0038461538461540545
PRINCIPAL N=100,100,ID_resonancia_02,in_distribution,resonancia,6,2.173558621717276,1,2,0.0018653836137431355,0.24615384615384617,0.05384615384615382,0.5384615384615385,0.03846153846153855,0.8307692307692307,0.03076923076923066,0.9230769230769231,0.023076923076923106,0.9230769230769231,0.026923076923076827
PRINCIPAL N=100,100,ID_resonancia_02,in_distribution,resonancia,7,2.535818392003489,1,2,0.0013238585898796527,0.3230769230769231,0.023076923076923106,0.6307692307692307,0.13076923076923075,0.9076923076923078,0.10769230769230775,0.9538461538461538,0.053846153846153766,0.9538461538461538,0.0038461538461538325
PRINCIPAL N=100,100,ID_resonancia_02,in_distribution,resonancia,8,2.898078162289702,1,2,0.00039845434647207273,0.23076923076923078,0.0692307692307692,0.5692307692307692,0.0692307692307692,0.9230769230769231,0.12307692307692308,0.9538461538461538,0.053846153846153766,0.9538461538461538,0.0038461538461538325
PRINCIPAL N=100,100,ID_resonancia_02,in_distribution,resonancia,9,3.2603379325759145,1,2,0.0014903234147690234,0.2923076923076923,0.007692307692307665,0.523076923076923,0.023076923076922995,0.8461538461538461,0.0461538461538461,0.9538461538461538,0.053846153846153766,0.9538461538461538,0.0038461538461538325
PRINCIPAL N=100,100,ID_resonancia_02,in_distribution,resonancia,10,3.6225977028621275,1,2,0.0027659509576393065,0.2923076923076923,0.007692307692307665,0.523076923076923,0.023076923076922995,0.8923076923076924,0.09230769230769231,0.9538461538461538,0.053846153846153766,0.9538461538461538,0.0038461538461538325
PRINCIPAL N=100,100,ID_resonancia_03,in_distribution,resonancia,1,0.3923686895518708,2,2,0.0023847006990445102,0.4153846153846154,0.11538461538461542,0.5846153846153845,0.08461538461538454,0.8615384615384615,0.06153846153846143,0.9230769230769231,0.023076923076923106,0.9230769230769231,0.026923076923076827
PRINCIPAL N=100,100,ID_resonancia_03,in_distribution,resonancia,2,0.7847373791037415,2,2,0.01786024765109423,0.2923076923076923,0.007692307692307665,0.5076923076923077,0.007692307692307665,0.676923076923077,0.12307692307692308,0.8153846153846154,0.08461538461538465,0.8153846153846154,0.13461538461538458
PRINCIPAL N=100,100,ID_resonancia_03,in_distribution,resonancia,3,1.1771060686556123,1,2,0.002666390194468634,0.23076923076923075,0.06923076923076923,0.49230769230769234,0.007692307692307665,0.876923076923077,0.07692307692307698,0.9538461538461538,0.053846153846153766,0.9538461538461538,0.0038461538461538325
PRINCIPAL N=100,100,ID_resonancia_03,in_distribution,resonancia,4,1.569474758207483,1,2,0.0014455806736355249,0.35384615384615387,0.05384615384615388,0.6307692307692306,0.13076923076923064,0.8615384615384615,0.06153846153846143,0.9230769230769231,0.023076923076923106,0.9230769230769231,0.026923076923076827
PRINCIPAL N=100,100,ID_resonancia_03,in_distribution,resonancia,5,1.9618434477593538,2,2,0.005455207010583869,0.21538461538461537,0.08461538461538462,0.4615384615384615,0.03846153846153849,0.8461538461538461,0.0461538461538461,0.923076923076923,0.023076923076922995,0.923076923076923,0.02692307692307694
PRINCIPAL N=100,100,ID_resonancia_03,in_distribution,resonancia,6,2.3542121373112246,2,2,0.007180049931595654,0.3230769230769231,0.023076923076923106,0.6307692307692307,0.13076923076923075,0.8615384615384615,0.06153846153846143,0.9076923076923078,0.007692307692307776,0.9076923076923078,0.04230769230769216
PRINCIPAL N=100,100,ID_resonancia_03,in_distribution,resonancia,7,2.7465808268630956,1,2,0.0027300561683625316,0.4153846153846154,0.11538461538461542,0.6307692307692307,0.13076923076923075,0.876923076923077,0.07692307692307698,0.9076923076923078,0.007692307692307776,0.9076923076923078,0.04230769230769216
PRINCIPAL N=100,100,ID_resonancia_03,in_distribution,resonancia,8,3.138949516414966,2,2,0.0025837380918204123,0.3846153846153846,0.08461538461538459,0.4615384615384615,0.03846153846153849,0.876923076923077,0.07692307692307698,0.9384615384615385,0.038461538461538436,0.9384615384615385,0.011538461538461497
PRINCIPAL N=100,100,ID_resonancia_03,in_distribution,resonancia,9,3.531318205966837,2,2,0.001428867620993761,0.4153846153846154,0.11538461538461542,0.6923076923076923,0.1923076923076923,0.9230769230769231,0.12307692307692308,0.9538461538461538,0.053846153846153766,0.9538461538461538,0.0038461538461538325
PRINCIPAL N=100,100,ID_resonancia_03,in_distribution,resonancia,10,3.923686895518708,4,4,0.00011350714334387623,0.4461538461538462,0.1461538461538462,0.6000000000000001,0.10000000000000009,0.9538461538461538,0.15384615384615374,0.9692307692307693,0.06923076923076932,0.9692307692307693,0.019230769230769384
PRINCIPAL N=100,100,ID_euler_colineal_00,in_distribution,euler_colineal,1,1.5,1,2,0.0011937115099447447,0.3538461538461538,0.05384615384615382,0.6461538461538462,0.1461538461538462,0.8461538461538461,0.0461538461538461,0.9076923076923077,0.007692307692307665,0.9076923076923077,0.04230769230769227
PRINCIPAL N=100,100,ID_euler_colineal_00,in_distribution,euler_colineal,2,3.0,2,2,1.782276668434066e-05,0.26153846153846155,0.038461538461538436,0.5538461538461539,0.05384615384615388,0.9692307692307693,0.1692307692307693,0.9692307692307693,0.06923076923076932,0.9692307692307693,0.019230769230769384
PRINCIPAL N=100,100,ID_euler_colineal_00,in_distribution,euler_colineal,3,4.5,2,2,0.00015285996917821076,0.15384615384615388,0.1461538461538461,0.3384615384615385,0.16153846153846152,0.7538461538461539,0.0461538461538461,0.9076923076923077,0.007692307692307665,0.9076923076923077,0.04230769230769227
PRINCIPAL N=100,100,ID_euler_colineal_00,in_distribution,euler_colineal,4,6.0,3,3,0.001818244604371248,0.3230769230769231,0.023076923076923106,0.6307692307692309,0.13076923076923086,0.9076923076923077,0.10769230769230764,0.9538461538461538,0.053846153846153766,0.9538461538461538,0.0038461538461538325
PRINCIPAL N=100,100,ID_euler_colineal_00,in_distribution,euler_colineal,5,7.5,7,7,1.0201081272970399e-13,0.4153846153846154,0.11538461538461542,0.6923076923076923,0.1923076923076923,0.9076923076923077,0.10769230769230764,0.9538461538461538,0.053846153846153766,0.9538461538461538,0.0038461538461538325
PRINCIPAL N=100,100,ID_euler_colineal_00,in_distribution,euler_colineal,6,9.0,7,7,0.0019699352023041807,0.23076923076923075,0.06923076923076923,0.43076923076923074,0.06923076923076926,0.8,0.0,0.8923076923076924,0.007692307692307665,0.8923076923076924,0.0576923076923076
PRINCIPAL N=100,100,ID_euler_colineal_00,in_distribution,euler_colineal,7,10.5,9,9,1.437106832139771e-06,0.3230769230769231,0.023076923076923106,0.5846153846153845,0.08461538461538454,0.8307692307692308,0.03076923076923077,0.876923076923077,0.023076923076922995,0.876923076923077,0.07307692307692293
PRINCIPAL N=100,100,ID_euler_colineal_00,in_distribution,euler_colineal,8,12.0,8,8,2.194104167442069e-05,0.30769230769230776,0.007692307692307776,0.49230769230769234,0.007692307692307665,0.7846153846153847,0.01538461538461533,0.7846153846153847,0.11538461538461531,0.7846153846153847,0.16538461538461524
PRINCIPAL N=100,100,ID_euler_colineal_00,in_distribution,euler_colineal,9,13.5,8,8,2.0615309707126137e-05,0.4,0.10000000000000003,0.6153846153846154,0.11538461538461542,0.876923076923077,0.07692307692307698,0.9692307692307693,0.06923076923076932,0.9692307692307693,0.019230769230769384
PRINCIPAL N=100,100,ID_euler_colineal_00,in_distribution,euler_colineal,10,15.0,8,8,5.036298167689928e-06,0.27692307692307694,0.02307692307692305,0.6615384615384616,0.16153846153846163,0.8461538461538461,0.0461538461538461,0.9692307692307693,0.06923076923076932,0.9692307692307693,0.019230769230769384
PRINCIPAL N=100,100,ID_euler_colineal_01,in_distribution,euler_colineal,1,1.5,2,2,0.00041668776994344673,0.4769230769230769,0.1769230769230769,0.6615384615384615,0.16153846153846152,0.923076923076923,0.12307692307692297,0.9692307692307693,0.06923076923076932,0.9692307692307693,0.019230769230769384
PRINCIPAL N=100,100,ID_euler_colineal_01,in_distribution,euler_colineal,2,3.0,2,2,0.09801511475793574,0.3384615384615384,0.038461538461538436,0.5538461538461539,0.05384615384615388,0.876923076923077,0.07692307692307698,0.9846153846153847,0.08461538461538465,0.9846153846153847,0.034615384615384714
PRINCIPAL N=100,100,ID_euler_colineal_01,in_distribution,euler_colineal,3,4.5,3,3,0.48897213544451407,0.2615384615384616,0.03846153846153838,0.41538461538461535,0.08461538461538465,0.876923076923077,0.07692307692307698,0.9692307692307693,0.06923076923076932,0.9692307692307693,0.019230769230769384
PRINCIPAL N=100,100,ID_euler_colineal_01,in_distribution,euler_colineal,4,6.0,4,4,0.010427167385721135,0.2615384615384616,0.03846153846153838,0.41538461538461535,0.08461538461538465,0.876923076923077,0.07692307692307698,0.9846153846153847,0.08461538461538465,0.9846153846153847,0.034615384615384714
PRINCIPAL N=100,100,ID_euler_colineal_01,in_distribution,euler_colineal,5,7.5,5,5,0.00026919133781367965,0.2615384615384616,0.03846153846153838,0.41538461538461535,0.08461538461538465,0.7692307692307694,0.03076923076923066,0.8923076923076924,0.007692307692307665,0.8923076923076924,0.0576923076923076
PRINCIPAL N=100,100,ID_euler_colineal_01,in_distribution,euler_colineal,6,9.0,6,6,1.3186956921450515e-05,0.2615384615384615,0.03846153846153849,0.4615384615384615,0.03846153846153849,0.676923076923077,0.12307692307692308,0.8153846153846154,0.08461538461538465,0.8153846153846154,0.13461538461538458
PRINCIPAL N=100,100,ID_euler_colineal_01,in_distribution,euler_colineal,7,10.5,7,7,0.0003457084599572598,0.43076923076923085,0.13076923076923086,0.6,0.09999999999999998,0.8307692307692307,0.03076923076923066,0.9076923076923077,0.007692307692307665,0.9076923076923077,0.04230769230769227
PRINCIPAL N=100,100,ID_euler_colineal_01,in_distribution,euler_colineal,8,12.0,7,7,6.4726707134926384e-06,0.3230769230769231,0.023076923076923106,0.5846153846153846,0.08461538461538465,0.9076923076923077,0.10769230769230764,0.9846153846153847,0.08461538461538465,0.9846153846153847,0.034615384615384714
PRINCIPAL N=100,100,ID_euler_colineal_01,in_distribution,euler_colineal,9,13.5,6,6,3.742561135542993e-05,0.3384615384615385,0.03846153846153849,0.5538461538461539,0.05384615384615388,0.8153846153846155,0.015384615384615441,0.8307692307692308,0.0692307692307692,0.8307692307692308,0.11923076923076914
PRINCIPAL N=100,100,ID_euler_colineal_01,in_distribution,euler_colineal,10,15.0,6,6,1.674458260456603e-05,0.3692307692307693,0.06923076923076932,0.676923076923077,0.17692307692307696,0.8615384615384615,0.06153846153846143,0.9692307692307693,0.06923076923076932,0.9692307692307693,0.019230769230769384
PRINCIPAL N=100,100,ID_euler_colineal_02,in_distribution,euler_colineal,1,1.5,1,2,0.0013675992379477088,0.3230769230769231,0.023076923076923106,0.5846153846153846,0.08461538461538465,0.8307692307692307,0.03076923076923066,0.8615384615384615,0.03846153846153855,0.8615384615384615,0.08846153846153848
PRINCIPAL N=100,100,ID_euler_colineal_02,in_distribution,euler_colineal,2,3.0,1,2,0.0010529951713358838,0.3230769230769231,0.023076923076923106,0.5846153846153846,0.08461538461538465,0.8307692307692307,0.03076923076923066,0.8615384615384615,0.03846153846153855,0.8615384615384615,0.08846153846153848
PRINCIPAL N=100,100,ID_euler_colineal_02,in_distribution,euler_colineal,3,4.5,2,2,0.004657971512592093,0.3230769230769231,0.023076923076923106,0.6,0.09999999999999998,0.8307692307692307,0.03076923076923066,0.8615384615384615,0.03846153846153855,0.8615384615384615,0.08846153846153848
PRINCIPAL N=100,100,ID_euler_colineal_02,in_distribution,euler_colineal,4,6.0,5,5,7.376283794446637e-05,0.3538461538461539,0.05384615384615393,0.6153846153846154,0.11538461538461542,0.8923076923076924,0.09230769230769231,0.9384615384615385,0.038461538461538436,0.9384615384615385,0.011538461538461497
PRINCIPAL N=100,100,ID_euler_colineal_02,in_distribution,euler_colineal,5,7.5,5,5,0.002967957130091711,0.4153846153846154,0.11538461538461542,0.5692307692307692,0.0692307692307692,0.8615384615384615,0.06153846153846143,0.9692307692307693,0.06923076923076932,0.9692307692307693,0.019230769230769384
PRINCIPAL N=100,100,ID_euler_colineal_02,in_distribution,euler_colineal,6,9.0,7,7,0.005719524512080966,0.27692307692307694,0.02307692307692305,0.5846153846153846,0.08461538461538465,0.9384615384615385,0.1384615384615384,0.9538461538461538,0.053846153846153766,0.9538461538461538,0.0038461538461538325
PRINCIPAL N=100,100,ID_euler_colineal_02,in_distribution,euler_colineal,7,10.5,8,8,0.0003833604749521913,0.24615384615384617,0.05384615384615382,0.46153846153846156,0.038461538461538436,0.7846153846153847,0.01538461538461533,0.8307692307692308,0.0692307692307692,0.8307692307692308,0.11923076923076914
PRINCIPAL N=100,100,ID_euler_colineal_02,in_distribution,euler_colineal,8,12.0,8,8,0.0001462996457146212,0.2615384615384616,0.03846153846153838,0.46153846153846156,0.038461538461538436,0.876923076923077,0.07692307692307698,0.9076923076923078,0.007692307692307776,0.9076923076923078,0.04230769230769216
PRINCIPAL N=100,100,ID_euler_colineal_02,in_distribution,euler_colineal,9,13.5,7,7,0.00028828797533236687,0.27692307692307694,0.02307692307692305,0.5538461538461539,0.05384615384615388,0.9076923076923077,0.10769230769230764,0.9692307692307693,0.06923076923076932,0.9692307692307693,0.019230769230769384
PRINCIPAL N=100,100,ID_euler_colineal_02,in_distribution,euler_colineal,10,15.0,6,6,0.000608066162495925,0.21538461538461537,0.08461538461538462,0.5692307692307692,0.0692307692307692,0.8769230769230768,0.07692307692307676,0.9076923076923077,0.007692307692307665,0.9076923076923077,0.04230769230769227
PRINCIPAL N=100,100,ID_euler_colineal_03,in_distribution,euler_colineal,1,1.5,1,2,0.002117568239729058,0.2923076923076923,0.007692307692307665,0.6307692307692307,0.13076923076923075,1.0,0.19999999999999996,1.0,0.09999999999999998,1.0,0.050000000000000044
PRINCIPAL N=100,100,ID_euler_colineal_03,in_distribution,euler_colineal,2,3.0,2,2,0.002117764512950093,0.3538461538461538,0.05384615384615382,0.4769230769230769,0.023076923076923106,0.9384615384615385,0.1384615384615384,1.0,0.09999999999999998,1.0,0.050000000000000044
PRINCIPAL N=100,100,ID_euler_colineal_03,in_distribution,euler_colineal,3,4.5,3,3,6.781294050321341e-07,0.4,0.10000000000000003,0.5692307692307692,0.0692307692307692,0.9230769230769231,0.12307692307692308,0.9384615384615385,0.038461538461538436,0.9384615384615385,0.011538461538461497
PRINCIPAL N=100,100,ID_euler_colineal_03,in_distribution,euler_colineal,4,6.0,4,4,3.0635475435754995e-07,0.38461538461538464,0.08461538461538465,0.6,0.09999999999999998,0.9384615384615385,0.1384615384615384,1.0,0.09999999999999998,1.0,0.050000000000000044
PRINCIPAL N=100,100,ID_euler_colineal_03,in_distribution,euler_colineal,5,7.5,5,5,6.821286784369768e-07,0.2,0.09999999999999998,0.4615384615384615,0.03846153846153849,0.9230769230769231,0.12307692307692308,0.9384615384615385,0.038461538461538436,0.9384615384615385,0.011538461538461497
PRINCIPAL N=100,100,ID_euler_colineal_03,in_distribution,euler_colineal,6,9.0,6,6,0.0014096784714710878,0.30769230769230765,0.007692307692307665,0.6307692307692309,0.13076923076923086,0.8307692307692308,0.03076923076923077,0.876923076923077,0.023076923076922995,0.876923076923077,0.07307692307692293
PRINCIPAL N=100,100,ID_euler_colineal_03,in_distribution,euler_colineal,7,10.5,8,8,6.487225553403034e-05,0.21538461538461537,0.08461538461538462,0.4769230769230769,0.023076923076923106,0.9076923076923077,0.10769230769230764,0.9384615384615385,0.038461538461538436,0.9384615384615385,0.011538461538461497
PRINCIPAL N=100,100,ID_euler_colineal_03,in_distribution,euler_colineal,8,12.0,8,8,0.0004149342840604795,0.4,0.10000000000000003,0.6615384615384616,0.16153846153846163,0.9076923076923077,0.10769230769230764,0.9538461538461538,0.053846153846153766,0.9538461538461538,0.0038461538461538325
PRINCIPAL N=100,100,ID_euler_colineal_03,in_distribution,euler_colineal,9,13.5,8,8,8.908270636039084e-05,0.3384615384615385,0.03846153846153849,0.5538461538461539,0.05384615384615388,0.8615384615384615,0.06153846153846143,0.8923076923076924,0.007692307692307665,0.8923076923076924,0.0576923076923076
PRINCIPAL N=100,100,ID_euler_colineal_03,in_distribution,euler_colineal,10,15.0,8,8,9.888437042289003e-05,0.2923076923076923,0.007692307692307665,0.6307692307692307,0.13076923076923075,0.9230769230769231,0.12307692307692308,0.9692307692307691,0.0692307692307691,0.9692307692307691,0.019230769230769162
PRINCIPAL N=100,100,ID_masas_asimetricas_00,in_distribution,masas_asimetricas,1,0.7047131801114512,1,2,0.0007607146957896589,0.3384615384615385,0.03846153846153849,0.6307692307692307,0.13076923076923075,0.8923076923076924,0.09230769230769231,0.9538461538461538,0.053846153846153766,0.9538461538461538,0.0038461538461538325
PRINCIPAL N=100,100,ID_masas_asimetricas_00,in_distribution,masas_asimetricas,2,1.4094263602229025,1,2,0.0025741154549153056,0.29230769230769227,0.0076923076923077205,0.5384615384615384,0.038461538461538436,0.876923076923077,0.07692307692307698,0.9230769230769231,0.023076923076923106,0.9230769230769231,0.026923076923076827
PRINCIPAL N=100,100,ID_masas_asimetricas_00,in_distribution,masas_asimetricas,3,2.114139540334354,1,2,0.0012668697520565836,0.3384615384615385,0.03846153846153849,0.6615384615384615,0.16153846153846152,0.876923076923077,0.07692307692307698,0.9384615384615385,0.038461538461538436,0.9384615384615385,0.011538461538461497
PRINCIPAL N=100,100,ID_masas_asimetricas_00,in_distribution,masas_asimetricas,4,2.818852720445805,1,2,0.0011126901421511196,0.3384615384615385,0.03846153846153849,0.5538461538461539,0.05384615384615388,0.8153846153846154,0.01538461538461533,0.9076923076923078,0.007692307692307776,0.9076923076923078,0.04230769230769216
PRINCIPAL N=100,100,ID_masas_asimetricas_00,in_distribution,masas_asimetricas,5,3.523565900557256,1,2,0.0016082103670191365,0.35384615384615387,0.05384615384615388,0.5846153846153846,0.08461538461538465,0.876923076923077,0.07692307692307698,0.876923076923077,0.023076923076922995,0.876923076923077,0.07307692307692293
PRINCIPAL N=100,100,ID_masas_asimetricas_00,in_distribution,masas_asimetricas,6,4.228279080668707,1,2,0.0019123542291521784,0.2923076923076923,0.007692307692307665,0.6615384615384615,0.16153846153846152,0.8153846153846155,0.015384615384615441,0.923076923076923,0.023076923076922995,0.923076923076923,0.02692307692307694
PRINCIPAL N=100,100,ID_masas_asimetricas_00,in_distribution,masas_asimetricas,7,4.932992260780159,1,2,0.002125918639310245,0.2923076923076923,0.007692307692307665,0.5230769230769231,0.023076923076923106,0.7846153846153847,0.01538461538461533,0.8615384615384615,0.03846153846153855,0.8615384615384615,0.08846153846153848
PRINCIPAL N=100,100,ID_masas_asimetricas_00,in_distribution,masas_asimetricas,8,5.63770544089161,1,2,0.001309124186839179,0.23076923076923078,0.0692307692307692,0.5230769230769232,0.023076923076923217,0.8153846153846154,0.01538461538461533,0.9076923076923077,0.007692307692307665,0.9076923076923077,0.04230769230769227
PRINCIPAL N=100,100,ID_masas_asimetricas_00,in_distribution,masas_asimetricas,9,6.342418621003061,1,2,0.002443905075065695,0.27692307692307694,0.02307692307692305,0.6307692307692309,0.13076923076923086,0.8615384615384615,0.06153846153846143,0.9076923076923077,0.007692307692307665,0.9076923076923077,0.04230769230769227
PRINCIPAL N=100,100,ID_masas_asimetricas_00,in_distribution,masas_asimetricas,10,7.047131801114512,1,2,0.0010248479445131588,0.21538461538461542,0.08461538461538456,0.5230769230769231,0.023076923076923106,0.8153846153846154,0.01538461538461533,0.9230769230769231,0.023076923076923106,0.9230769230769231,0.026923076923076827
PRINCIPAL N=100,100,ID_masas_asimetricas_01,in_distribution,masas_asimetricas,1,0.8978404335466046,1,2,0.0027200486352080408,0.27692307692307694,0.02307692307692305,0.6153846153846153,0.11538461538461531,0.9076923076923077,0.10769230769230764,0.9538461538461538,0.053846153846153766,0.9538461538461538,0.0038461538461538325
PRINCIPAL N=100,100,ID_masas_asimetricas_01,in_distribution,masas_asimetricas,2,1.7956808670932092,2,2,0.010137244773610948,0.24615384615384617,0.05384615384615382,0.4615384615384615,0.03846153846153849,0.8307692307692307,0.03076923076923066,0.9076923076923078,0.007692307692307776,0.9076923076923078,0.04230769230769216
PRINCIPAL N=100,100,ID_masas_asimetricas_01,in_distribution,masas_asimetricas,3,2.6935213006398135,1,2,0.00250793942154341,0.3230769230769231,0.023076923076923106,0.5076923076923077,0.007692307692307665,0.7846153846153847,0.01538461538461533,0.9846153846153847,0.08461538461538465,0.9846153846153847,0.034615384615384714
PRINCIPAL N=100,100,ID_masas_asimetricas_01,in_distribution,masas_asimetricas,4,3.5913617341864184,2,2,0.004861799759213607,0.24615384615384617,0.05384615384615382,0.4461538461538462,0.05384615384615382,0.8461538461538461,0.0461538461538461,0.8615384615384615,0.03846153846153855,0.8615384615384615,0.08846153846153848
PRINCIPAL N=100,100,ID_masas_asimetricas_01,in_distribution,masas_asimetricas,5,4.489202167733023,1,2,0.001339986119738777,0.2615384615384615,0.03846153846153849,0.4,0.09999999999999998,0.8307692307692308,0.03076923076923077,0.876923076923077,0.023076923076922995,0.876923076923077,0.07307692307692293
PRINCIPAL N=100,100,ID_masas_asimetricas_01,in_distribution,masas_asimetricas,6,5.387042601279627,1,2,0.0010272494395628564,0.3846153846153847,0.0846153846153847,0.676923076923077,0.17692307692307696,0.9076923076923077,0.10769230769230764,0.9846153846153847,0.08461538461538465,0.9846153846153847,0.034615384615384714
PRINCIPAL N=100,100,ID_masas_asimetricas_01,in_distribution,masas_asimetricas,7,6.2848830348262315,1,2,0.004194542177302404,0.3230769230769231,0.023076923076923106,0.6461538461538462,0.1461538461538462,0.9076923076923077,0.10769230769230764,0.9692307692307693,0.06923076923076932,0.9692307692307693,0.019230769230769384
PRINCIPAL N=100,100,ID_masas_asimetricas_01,in_distribution,masas_asimetricas,8,7.182723468372836,1,2,0.0023690350399518663,0.36923076923076925,0.06923076923076926,0.6615384615384616,0.16153846153846163,0.9076923076923077,0.10769230769230764,0.9538461538461538,0.053846153846153766,0.9538461538461538,0.0038461538461538325
PRINCIPAL N=100,100,ID_masas_asimetricas_01,in_distribution,masas_asimetricas,9,8.08056390191944,2,2,0.008012037360459209,0.18461538461538463,0.11538461538461536,0.4153846153846154,0.08461538461538459,0.8307692307692308,0.03076923076923077,0.876923076923077,0.023076923076922995,0.876923076923077,0.07307692307692293
PRINCIPAL N=100,100,ID_masas_asimetricas_01,in_distribution,masas_asimetricas,10,8.978404335466045,1,2,0.002219145756124711,0.21538461538461542,0.08461538461538456,0.3230769230769231,0.1769230769230769,0.8307692307692308,0.03076923076923077,0.876923076923077,0.023076923076922995,0.876923076923077,0.07307692307692293
PRINCIPAL N=100,100,ID_masas_asimetricas_02,in_distribution,masas_asimetricas,1,0.7202847052220581,1,2,0.0021015475119925877,0.23076923076923075,0.06923076923076923,0.4153846153846154,0.08461538461538459,0.7384615384615385,0.06153846153846154,0.8307692307692308,0.0692307692307692,0.8307692307692308,0.11923076923076914
PRINCIPAL N=100,100,ID_masas_asimetricas_02,in_distribution,masas_asimetricas,2,1.4405694104441162,1,2,0.0025710731659639215,0.3230769230769231,0.023076923076923106,0.5076923076923078,0.007692307692307776,0.7846153846153847,0.01538461538461533,0.9538461538461538,0.053846153846153766,0.9538461538461538,0.0038461538461538325
PRINCIPAL N=100,100,ID_masas_asimetricas_02,in_distribution,masas_asimetricas,3,2.1608541156661745,1,2,0.005593774940876859,0.3384615384615385,0.03846153846153849,0.5692307692307692,0.0692307692307692,0.8461538461538461,0.0461538461538461,0.9230769230769231,0.023076923076923106,0.9230769230769231,0.026923076923076827
PRINCIPAL N=100,100,ID_masas_asimetricas_02,in_distribution,masas_asimetricas,4,2.8811388208882325,1,2,0.005520831592333064,0.30769230769230776,0.007692307692307776,0.5230769230769231,0.023076923076923106,0.7846153846153847,0.01538461538461533,0.9230769230769231,0.023076923076923106,0.9230769230769231,0.026923076923076827
PRINCIPAL N=100,100,ID_masas_asimetricas_02,in_distribution,masas_asimetricas,5,3.6014235261102905,1,2,0.0049331964326941305,0.27692307692307694,0.02307692307692305,0.5538461538461539,0.05384615384615388,0.8,0.0,0.953846153846154,0.05384615384615399,0.953846153846154,0.0038461538461540545
PRINCIPAL N=100,100,ID_masas_asimetricas_02,in_distribution,masas_asimetricas,6,4.321708231332349,1,2,0.004253749300452498,0.26153846153846155,0.038461538461538436,0.4615384615384615,0.03846153846153849,0.7846153846153847,0.01538461538461533,0.8461538461538461,0.05384615384615388,0.8461538461538461,0.10384615384615381
PRINCIPAL N=100,100,ID_masas_asimetricas_02,in_distribution,masas_asimetricas,7,5.041992936554407,1,2,0.004959459075840897,0.26153846153846155,0.038461538461538436,0.5846153846153846,0.08461538461538465,0.9384615384615385,0.1384615384615384,0.9846153846153847,0.08461538461538465,0.9846153846153847,0.034615384615384714
PRINCIPAL N=100,100,ID_masas_asimetricas_02,in_distribution,masas_asimetricas,8,5.762277641776465,1,2,0.003543930839510131,0.27692307692307694,0.02307692307692305,0.5692307692307692,0.0692307692307692,0.8923076923076924,0.09230769230769231,0.9692307692307693,0.06923076923076932,0.9692307692307693,0.019230769230769384
PRINCIPAL N=100,100,ID_masas_asimetricas_02,in_distribution,masas_asimetricas,9,6.482562346998523,1,2,0.0067014416328265896,0.3076923076923077,0.0076923076923077205,0.5846153846153845,0.08461538461538454,0.9846153846153847,0.18461538461538463,0.9846153846153847,0.08461538461538465,0.9846153846153847,0.034615384615384714
PRINCIPAL N=100,100,ID_masas_asimetricas_02,in_distribution,masas_asimetricas,10,7.202847052220581,1,2,0.002920618107116855,0.26153846153846155,0.038461538461538436,0.5538461538461539,0.05384615384615388,0.8153846153846155,0.015384615384615441,0.9692307692307693,0.06923076923076932,0.9692307692307693,0.019230769230769384
PRINCIPAL N=100,100,ID_masas_asimetricas_03,in_distribution,masas_asimetricas,1,0.6831618610175212,1,2,0.0006701578849893202,0.2615384615384616,0.03846153846153838,0.5230769230769231,0.023076923076923106,0.7846153846153847,0.01538461538461533,0.953846153846154,0.05384615384615399,0.953846153846154,0.0038461538461540545
PRINCIPAL N=100,100,ID_masas_asimetricas_03,in_distribution,masas_asimetricas,2,1.3663237220350424,1,2,0.0033424586710968595,0.23076923076923075,0.06923076923076923,0.4461538461538462,0.05384615384615382,0.8461538461538461,0.0461538461538461,0.9692307692307693,0.06923076923076932,0.9692307692307693,0.019230769230769384
PRINCIPAL N=100,100,ID_masas_asimetricas_03,in_distribution,masas_asimetricas,3,2.0494855830525633,1,2,0.0013034195497652098,0.3384615384615385,0.03846153846153849,0.5076923076923077,0.007692307692307665,0.8153846153846155,0.015384615384615441,0.9692307692307693,0.06923076923076932,0.9692307692307693,0.019230769230769384
PRINCIPAL N=100,100,ID_masas_asimetricas_03,in_distribution,masas_asimetricas,4,2.7326474440700848,1,2,0.0021413379523123584,0.27692307692307694,0.02307692307692305,0.4769230769230769,0.023076923076923106,0.8153846153846155,0.015384615384615441,0.9692307692307693,0.06923076923076932,0.9692307692307693,0.019230769230769384
PRINCIPAL N=100,100,ID_masas_asimetricas_03,in_distribution,masas_asimetricas,5,3.415809305087606,1,2,0.0014959970492298123,0.26153846153846155,0.038461538461538436,0.5076923076923078,0.007692307692307776,0.8153846153846154,0.01538461538461533,0.9076923076923077,0.007692307692307665,0.9076923076923077,0.04230769230769227
PRINCIPAL N=100,100,ID_masas_asimetricas_03,in_distribution,masas_asimetricas,6,4.098971166105128,1,2,0.0020222275149192914,0.36923076923076925,0.06923076923076926,0.6307692307692309,0.13076923076923086,0.876923076923077,0.07692307692307698,0.9384615384615385,0.038461538461538436,0.9384615384615385,0.011538461538461497
PRINCIPAL N=100,100,ID_masas_asimetricas_03,in_distribution,masas_asimetricas,7,4.782133027122648,1,2,0.003218942107144697,0.3076923076923077,0.0076923076923077205,0.5076923076923077,0.007692307692307665,0.8615384615384615,0.06153846153846143,0.9692307692307693,0.06923076923076932,0.9692307692307693,0.019230769230769384
PRINCIPAL N=100,100,ID_masas_asimetricas_03,in_distribution,masas_asimetricas,8,5.4652948881401695,1,2,0.001406719192071504,0.38461538461538464,0.08461538461538465,0.5846153846153846,0.08461538461538465,0.8000000000000002,1.1102230246251565e-16,0.8923076923076924,0.007692307692307665,0.8923076923076924,0.0576923076923076
PRINCIPAL N=100,100,ID_masas_asimetricas_03,in_distribution,masas_asimetricas,9,6.148456749157691,1,2,0.0031588795612938507,0.27692307692307694,0.02307692307692305,0.46153846153846156,0.038461538461538436,0.8461538461538461,0.0461538461538461,0.953846153846154,0.05384615384615399,0.953846153846154,0.0038461538461540545
PRINCIPAL N=100,100,ID_masas_asimetricas_03,in_distribution,masas_asimetricas,10,6.831618610175212,1,2,0.0012252555649768793,0.2615384615384616,0.03846153846153838,0.6153846153846153,0.11538461538461531,0.9230769230769231,0.12307692307692308,0.9538461538461538,0.053846153846153766,0.9538461538461538,0.0038461538461538325
PRINCIPAL N=100,100,OOD_NEAR_figura_ocho_00,ood_near,figura_ocho,1,1.5,2,2,0.0032618748254458277,0.1692307692307692,0.13076923076923078,0.5538461538461539,0.05384615384615388,0.8307692307692308,0.03076923076923077,0.9384615384615385,0.038461538461538436,0.9384615384615385,0.011538461538461497
PRINCIPAL N=100,100,OOD_NEAR_figura_ocho_00,ood_near,figura_ocho,2,3.0,2,2,0.00903254837391949,0.36923076923076925,0.06923076923076926,0.6153846153846154,0.11538461538461542,0.9230769230769231,0.12307692307692308,0.9846153846153847,0.08461538461538465,0.9846153846153847,0.034615384615384714
PRINCIPAL N=100,100,OOD_NEAR_figura_ocho_00,ood_near,figura_ocho,3,4.5,2,2,0.02567067121161684,0.30769230769230765,0.007692307692307665,0.5384615384615385,0.03846153846153855,0.8307692307692308,0.03076923076923077,0.9538461538461538,0.053846153846153766,0.9538461538461538,0.0038461538461538325
PRINCIPAL N=100,100,OOD_NEAR_figura_ocho_00,ood_near,figura_ocho,4,6.0,2,2,0.01368345760920881,0.32307692307692315,0.02307692307692316,0.6461538461538462,0.1461538461538462,0.8615384615384615,0.06153846153846143,0.9230769230769231,0.023076923076923106,0.9230769230769231,0.026923076923076827
PRINCIPAL N=100,100,OOD_NEAR_figura_ocho_00,ood_near,figura_ocho,5,7.5,2,2,0.019852281205838124,0.21538461538461542,0.08461538461538456,0.523076923076923,0.023076923076922995,0.8153846153846154,0.01538461538461533,0.9538461538461538,0.053846153846153766,0.9538461538461538,0.0038461538461538325
PRINCIPAL N=100,100,OOD_NEAR_figura_ocho_00,ood_near,figura_ocho,6,9.0,2,2,0.011121860793210698,0.30769230769230765,0.007692307692307665,0.6,0.09999999999999998,0.923076923076923,0.12307692307692297,0.953846153846154,0.05384615384615399,0.953846153846154,0.0038461538461540545
PRINCIPAL N=100,100,OOD_NEAR_figura_ocho_00,ood_near,figura_ocho,7,10.5,2,2,0.023154045266784946,0.21538461538461537,0.08461538461538462,0.49230769230769234,0.007692307692307665,0.8923076923076924,0.09230769230769231,0.9538461538461538,0.053846153846153766,0.9538461538461538,0.0038461538461538325
PRINCIPAL N=100,100,OOD_NEAR_figura_ocho_00,ood_near,figura_ocho,8,12.0,2,2,0.011356736170313736,0.23076923076923075,0.06923076923076923,0.4769230769230769,0.023076923076923106,0.876923076923077,0.07692307692307698,0.9846153846153847,0.08461538461538465,0.9846153846153847,0.034615384615384714
PRINCIPAL N=100,100,OOD_NEAR_figura_ocho_00,ood_near,figura_ocho,9,13.5,2,2,0.01286538595908995,0.3076923076923077,0.0076923076923077205,0.4,0.09999999999999998,0.7384615384615384,0.06153846153846165,0.923076923076923,0.023076923076922995,0.923076923076923,0.02692307692307694
PRINCIPAL N=100,100,OOD_NEAR_figura_ocho_00,ood_near,figura_ocho,10,15.0,3,3,0.001315826367544207,0.36923076923076925,0.06923076923076926,0.6461538461538462,0.1461538461538462,0.9384615384615385,0.1384615384615384,0.9692307692307691,0.0692307692307691,0.9692307692307691,0.019230769230769162
PRINCIPAL N=100,100,OOD_NEAR_figura_ocho_01,ood_near,figura_ocho,1,1.5,2,2,0.0031782409678143228,0.3384615384615385,0.03846153846153849,0.5538461538461539,0.05384615384615388,0.876923076923077,0.07692307692307698,0.953846153846154,0.05384615384615399,0.953846153846154,0.0038461538461540545
PRINCIPAL N=100,100,OOD_NEAR_figura_ocho_01,ood_near,figura_ocho,2,3.0,3,3,0.0007020386919963812,0.18461538461538463,0.11538461538461536,0.5230769230769231,0.023076923076923106,0.8615384615384615,0.06153846153846143,0.9384615384615385,0.038461538461538436,0.9384615384615385,0.011538461538461497
PRINCIPAL N=100,100,OOD_NEAR_figura_ocho_01,ood_near,figura_ocho,3,4.5,2,2,0.012785956098744,0.23076923076923078,0.0692307692307692,0.41538461538461535,0.08461538461538465,0.7538461538461538,0.04615384615384621,0.953846153846154,0.05384615384615399,0.953846153846154,0.0038461538461540545
PRINCIPAL N=100,100,OOD_NEAR_figura_ocho_01,ood_near,figura_ocho,4,6.0,2,2,0.00615002206921432,0.16923076923076924,0.13076923076923075,0.3538461538461538,0.1461538461538462,0.8923076923076924,0.09230769230769231,0.9384615384615385,0.038461538461538436,0.9384615384615385,0.011538461538461497
PRINCIPAL N=100,100,OOD_NEAR_figura_ocho_01,ood_near,figura_ocho,5,7.5,2,2,0.011321115056075933,0.4,0.10000000000000003,0.6615384615384616,0.16153846153846163,0.876923076923077,0.07692307692307698,0.9076923076923077,0.007692307692307665,0.9076923076923077,0.04230769230769227
PRINCIPAL N=100,100,OOD_NEAR_figura_ocho_01,ood_near,figura_ocho,6,9.0,2,2,0.005638952836287012,0.36923076923076925,0.06923076923076926,0.6307692307692309,0.13076923076923086,0.7692307692307693,0.03076923076923077,0.9538461538461538,0.053846153846153766,0.9538461538461538,0.0038461538461538325
PRINCIPAL N=100,100,OOD_NEAR_figura_ocho_01,ood_near,figura_ocho,7,10.5,2,2,0.014615559161271977,0.36923076923076925,0.06923076923076926,0.676923076923077,0.17692307692307696,0.8923076923076924,0.09230769230769231,0.9230769230769231,0.023076923076923106,0.9230769230769231,0.026923076923076827
PRINCIPAL N=100,100,OOD_NEAR_figura_ocho_01,ood_near,figura_ocho,8,12.0,2,2,0.008778109577176427,0.4,0.10000000000000003,0.6,0.09999999999999998,0.8615384615384617,0.06153846153846165,0.9076923076923077,0.007692307692307665,0.9076923076923077,0.04230769230769227
PRINCIPAL N=100,100,OOD_NEAR_figura_ocho_01,ood_near,figura_ocho,9,13.5,2,2,0.009254533098928975,0.2,0.09999999999999998,0.43076923076923074,0.06923076923076926,0.8307692307692308,0.03076923076923077,0.9230769230769231,0.023076923076923106,0.9230769230769231,0.026923076923076827
PRINCIPAL N=100,100,OOD_NEAR_figura_ocho_01,ood_near,figura_ocho,10,15.0,2,2,0.015195480285074388,0.38461538461538464,0.08461538461538465,0.5538461538461539,0.05384615384615388,0.8923076923076924,0.09230769230769231,0.9538461538461538,0.053846153846153766,0.9538461538461538,0.0038461538461538325
PRINCIPAL N=100,100,OOD_NEAR_figura_ocho_02,ood_near,figura_ocho,1,1.5,4,4,4.164298659305841e-05,0.21538461538461542,0.08461538461538456,0.5076923076923077,0.007692307692307665,0.8461538461538461,0.0461538461538461,0.9076923076923077,0.007692307692307665,0.9076923076923077,0.04230769230769227
PRINCIPAL N=100,100,OOD_NEAR_figura_ocho_02,ood_near,figura_ocho,2,3.0,2,2,0.0022163943950502833,0.36923076923076925,0.06923076923076926,0.4615384615384615,0.03846153846153849,0.8,0.0,0.9230769230769231,0.023076923076923106,0.9230769230769231,0.026923076923076827
PRINCIPAL N=100,100,OOD_NEAR_figura_ocho_02,ood_near,figura_ocho,3,4.5,2,2,0.014412749191972213,0.3076923076923077,0.0076923076923077205,0.49230769230769234,0.007692307692307665,0.8153846153846154,0.01538461538461533,0.9538461538461538,0.053846153846153766,0.9538461538461538,0.0038461538461538325
PRINCIPAL N=100,100,OOD_NEAR_figura_ocho_02,ood_near,figura_ocho,4,6.0,2,2,0.005915940556779213,0.23076923076923078,0.0692307692307692,0.43076923076923074,0.06923076923076926,0.8615384615384615,0.06153846153846143,0.9384615384615385,0.038461538461538436,0.9384615384615385,0.011538461538461497
PRINCIPAL N=100,100,OOD_NEAR_figura_ocho_02,ood_near,figura_ocho,5,7.5,2,2,0.014143336111502874,0.36923076923076925,0.06923076923076926,0.5230769230769231,0.023076923076923106,0.7846153846153846,0.015384615384615441,0.8615384615384615,0.03846153846153855,0.8615384615384615,0.08846153846153848
PRINCIPAL N=100,100,OOD_NEAR_figura_ocho_02,ood_near,figura_ocho,6,9.0,2,2,0.002143903594408909,0.3230769230769231,0.023076923076923106,0.6461538461538463,0.1461538461538463,0.9230769230769231,0.12307692307692308,0.9692307692307693,0.06923076923076932,0.9692307692307693,0.019230769230769384
PRINCIPAL N=100,100,OOD_NEAR_figura_ocho_02,ood_near,figura_ocho,7,10.5,2,2,0.008441839851186763,0.4,0.10000000000000003,0.5230769230769231,0.023076923076923106,0.8769230769230768,0.07692307692307676,0.9692307692307693,0.06923076923076932,0.9692307692307693,0.019230769230769384
PRINCIPAL N=100,100,OOD_NEAR_figura_ocho_02,ood_near,figura_ocho,8,12.0,2,2,0.005844545858006446,0.18461538461538463,0.11538461538461536,0.41538461538461535,0.08461538461538465,0.7230769230769232,0.07692307692307687,0.876923076923077,0.023076923076922995,0.876923076923077,0.07307692307692293
PRINCIPAL N=100,100,OOD_NEAR_figura_ocho_02,ood_near,figura_ocho,9,13.5,2,2,0.009917141469146962,0.21538461538461537,0.08461538461538462,0.43076923076923074,0.06923076923076926,0.7538461538461538,0.04615384615384621,0.8615384615384617,0.038461538461538325,0.8615384615384617,0.08846153846153826
PRINCIPAL N=100,100,OOD_NEAR_figura_ocho_02,ood_near,figura_ocho,10,15.0,2,2,0.004412110656500207,0.43076923076923074,0.13076923076923075,0.5846153846153845,0.08461538461538454,0.8307692307692308,0.03076923076923077,0.876923076923077,0.023076923076922995,0.876923076923077,0.07307692307692293
PRINCIPAL N=100,100,OOD_NEAR_figura_ocho_03,ood_near,figura_ocho,1,1.5,4,4,0.00011264991457299372,0.3538461538461538,0.05384615384615382,0.5846153846153845,0.08461538461538454,0.8615384615384615,0.06153846153846143,0.9846153846153847,0.08461538461538465,0.9846153846153847,0.034615384615384714
PRINCIPAL N=100,100,OOD_NEAR_figura_ocho_03,ood_near,figura_ocho,2,3.0,2,2,0.0050436927004002055,0.4153846153846154,0.11538461538461542,0.5692307692307692,0.0692307692307692,0.8615384615384617,0.06153846153846165,0.923076923076923,0.023076923076922995,0.923076923076923,0.02692307692307694
PRINCIPAL N=100,100,OOD_NEAR_figura_ocho_03,ood_near,figura_ocho,3,4.5,2,2,0.0049562051848460985,0.2615384615384616,0.03846153846153838,0.6153846153846153,0.11538461538461531,0.9076923076923077,0.10769230769230764,0.9384615384615385,0.038461538461538436,0.9384615384615385,0.011538461538461497
PRINCIPAL N=100,100,OOD_NEAR_figura_ocho_03,ood_near,figura_ocho,4,6.0,2,2,0.008188257986220268,0.2615384615384615,0.03846153846153849,0.49230769230769234,0.007692307692307665,0.876923076923077,0.07692307692307698,0.9384615384615385,0.038461538461538436,0.9384615384615385,0.011538461538461497
PRINCIPAL N=100,100,OOD_NEAR_figura_ocho_03,ood_near,figura_ocho,5,7.5,2,2,0.005964851870121983,0.3692307692307692,0.0692307692307692,0.6461538461538463,0.1461538461538463,0.8461538461538461,0.0461538461538461,0.9692307692307693,0.06923076923076932,0.9692307692307693,0.019230769230769384
PRINCIPAL N=100,100,OOD_NEAR_figura_ocho_03,ood_near,figura_ocho,6,9.0,2,2,0.008644816858160126,0.36923076923076925,0.06923076923076926,0.6000000000000001,0.10000000000000009,0.8307692307692307,0.03076923076923066,0.9692307692307693,0.06923076923076932,0.9692307692307693,0.019230769230769384
PRINCIPAL N=100,100,OOD_NEAR_figura_ocho_03,ood_near,figura_ocho,7,10.5,2,2,0.007068019524871534,0.2923076923076923,0.007692307692307665,0.4615384615384615,0.03846153846153849,0.8000000000000002,1.1102230246251565e-16,0.8923076923076924,0.007692307692307665,0.8923076923076924,0.0576923076923076
PRINCIPAL N=100,100,OOD_NEAR_figura_ocho_03,ood_near,figura_ocho,8,12.0,2,2,0.00691117850229295,0.27692307692307694,0.02307692307692305,0.5076923076923077,0.007692307692307665,0.7692307692307692,0.030769230769230882,0.8461538461538461,0.05384615384615388,0.8461538461538461,0.10384615384615381
PRINCIPAL N=100,100,OOD_NEAR_figura_ocho_03,ood_near,figura_ocho,9,13.5,2,2,0.0076652083775174806,0.2923076923076923,0.007692307692307665,0.4769230769230769,0.023076923076923106,0.8153846153846154,0.01538461538461533,0.876923076923077,0.023076923076922995,0.876923076923077,0.07307692307692293
PRINCIPAL N=100,100,OOD_NEAR_figura_ocho_03,ood_near,figura_ocho,10,15.0,2,2,0.0100999095734399,0.30769230769230765,0.007692307692307665,0.4461538461538462,0.05384615384615382,0.7538461538461538,0.04615384615384621,0.8153846153846154,0.08461538461538465,0.8153846153846154,0.13461538461538458
PRINCIPAL N=100,100,OOD_NEAR_jerarquico_00,ood_near,jerarquico,1,0.45710320032053564,1,2,0.0007219111330071483,0.27692307692307694,0.02307692307692305,0.41538461538461535,0.08461538461538465,0.7076923076923076,0.09230769230769242,0.8923076923076924,0.007692307692307665,0.8923076923076924,0.0576923076923076
PRINCIPAL N=100,100,OOD_NEAR_jerarquico_00,ood_near,jerarquico,2,0.9142064006410713,1,2,0.0005722355797587415,0.30769230769230765,0.007692307692307665,0.5384615384615384,0.038461538461538436,0.7692307692307693,0.03076923076923077,0.9384615384615385,0.038461538461538436,0.9384615384615385,0.011538461538461497
PRINCIPAL N=100,100,OOD_NEAR_jerarquico_00,ood_near,jerarquico,3,1.371309600961607,1,2,0.00036506991348764716,0.2923076923076923,0.007692307692307665,0.5076923076923077,0.007692307692307665,0.7692307692307694,0.03076923076923066,0.9076923076923077,0.007692307692307665,0.9076923076923077,0.04230769230769227
PRINCIPAL N=100,100,OOD_NEAR_jerarquico_00,ood_near,jerarquico,4,1.8284128012821426,1,2,0.0005867204211443655,0.23076923076923075,0.06923076923076923,0.4769230769230769,0.023076923076923106,0.7692307692307693,0.03076923076923077,0.9384615384615385,0.038461538461538436,0.9384615384615385,0.011538461538461497
PRINCIPAL N=100,100,OOD_NEAR_jerarquico_00,ood_near,jerarquico,5,2.2855160016026783,1,2,0.0003953016653364861,0.27692307692307694,0.02307692307692305,0.5230769230769231,0.023076923076923106,0.8,0.0,0.8461538461538461,0.05384615384615388,0.8461538461538461,0.10384615384615381
PRINCIPAL N=100,100,OOD_NEAR_jerarquico_00,ood_near,jerarquico,6,2.742619201923214,1,2,0.0005949967218296839,0.23076923076923075,0.06923076923076923,0.476923076923077,0.023076923076922995,0.7692307692307693,0.03076923076923077,0.9384615384615385,0.038461538461538436,0.9384615384615385,0.011538461538461497
PRINCIPAL N=100,100,OOD_NEAR_jerarquico_00,ood_near,jerarquico,7,3.19972240224375,1,2,0.0006093094747953727,0.16923076923076924,0.13076923076923075,0.49230769230769234,0.007692307692307665,0.7384615384615384,0.06153846153846165,0.9076923076923078,0.007692307692307776,0.9076923076923078,0.04230769230769216
PRINCIPAL N=100,100,OOD_NEAR_jerarquico_00,ood_near,jerarquico,8,3.6568256025642856,1,2,0.0005940107725040402,0.21538461538461537,0.08461538461538462,0.46153846153846156,0.038461538461538436,0.7692307692307693,0.03076923076923077,0.9384615384615385,0.038461538461538436,0.9384615384615385,0.011538461538461497
PRINCIPAL N=100,100,OOD_NEAR_jerarquico_00,ood_near,jerarquico,9,4.113928802884821,1,2,0.000649624727981552,0.16923076923076924,0.13076923076923075,0.5076923076923077,0.007692307692307665,0.7538461538461538,0.04615384615384621,0.9384615384615385,0.038461538461538436,0.9384615384615385,0.011538461538461497
PRINCIPAL N=100,100,OOD_NEAR_jerarquico_00,ood_near,jerarquico,10,4.571032003205357,1,2,0.0007155144465301356,0.15384615384615383,0.14615384615384616,0.49230769230769234,0.007692307692307665,0.7692307692307693,0.03076923076923077,0.9384615384615385,0.038461538461538436,0.9384615384615385,0.011538461538461497
PRINCIPAL N=100,100,OOD_NEAR_jerarquico_01,ood_near,jerarquico,1,0.47180831053552214,1,2,0.0007343807824863093,0.24615384615384617,0.05384615384615382,0.476923076923077,0.023076923076922995,0.8307692307692307,0.03076923076923066,0.9076923076923077,0.007692307692307665,0.9076923076923077,0.04230769230769227
PRINCIPAL N=100,100,OOD_NEAR_jerarquico_01,ood_near,jerarquico,2,0.9436166210710444,1,2,0.00027337894886920566,0.3230769230769231,0.023076923076923106,0.5230769230769231,0.023076923076923106,0.8923076923076924,0.09230769230769231,0.9384615384615385,0.038461538461538436,0.9384615384615385,0.011538461538461497
PRINCIPAL N=100,100,OOD_NEAR_jerarquico_01,ood_near,jerarquico,3,1.4154249316065666,1,2,0.000189757202527415,0.27692307692307694,0.02307692307692305,0.5692307692307692,0.0692307692307692,0.876923076923077,0.07692307692307698,0.9076923076923077,0.007692307692307665,0.9076923076923077,0.04230769230769227
PRINCIPAL N=100,100,OOD_NEAR_jerarquico_01,ood_near,jerarquico,4,1.8872332421420888,1,2,0.0002307151350815286,0.3230769230769231,0.023076923076923106,0.5230769230769231,0.023076923076923106,0.8923076923076924,0.09230769230769231,0.923076923076923,0.023076923076922995,0.923076923076923,0.02692307692307694
PRINCIPAL N=100,100,OOD_NEAR_jerarquico_01,ood_near,jerarquico,5,2.3590415526776107,1,2,6.68645539177887e-05,0.30769230769230765,0.007692307692307665,0.5692307692307692,0.0692307692307692,0.8153846153846154,0.01538461538461533,0.8615384615384615,0.03846153846153855,0.8615384615384615,0.08846153846153848
PRINCIPAL N=100,100,OOD_NEAR_jerarquico_01,ood_near,jerarquico,6,2.8308498632131327,1,2,0.00024869358405938443,0.2615384615384615,0.03846153846153849,0.5076923076923077,0.007692307692307665,0.8307692307692308,0.03076923076923077,0.953846153846154,0.05384615384615399,0.953846153846154,0.0038461538461540545
PRINCIPAL N=100,100,OOD_NEAR_jerarquico_01,ood_near,jerarquico,7,3.302658173748655,1,2,0.00011430633625492907,0.3076923076923077,0.0076923076923077205,0.5076923076923077,0.007692307692307665,0.8461538461538461,0.0461538461538461,0.9076923076923077,0.007692307692307665,0.9076923076923077,0.04230769230769227
PRINCIPAL N=100,100,OOD_NEAR_jerarquico_01,ood_near,jerarquico,8,3.7744664842841775,1,2,0.0007669076855844644,0.3230769230769231,0.023076923076923106,0.5538461538461539,0.05384615384615388,0.876923076923077,0.07692307692307698,0.8923076923076924,0.007692307692307665,0.8923076923076924,0.0576923076923076
PRINCIPAL N=100,100,OOD_NEAR_jerarquico_01,ood_near,jerarquico,9,4.2462747948196995,2,2,0.0004295799824640973,0.4,0.10000000000000003,0.5538461538461539,0.05384615384615388,0.7846153846153847,0.01538461538461533,0.8615384615384617,0.038461538461538325,0.8615384615384617,0.08846153846153826
PRINCIPAL N=100,100,OOD_NEAR_jerarquico_01,ood_near,jerarquico,10,4.7180831053552215,2,2,0.0003882464840411445,0.32307692307692315,0.02307692307692316,0.5846153846153846,0.08461538461538465,0.7846153846153847,0.01538461538461533,0.8923076923076924,0.007692307692307665,0.8923076923076924,0.0576923076923076
PRINCIPAL N=100,100,OOD_NEAR_jerarquico_02,ood_near,jerarquico,1,0.44422507837791325,1,2,0.002692030809091248,0.26153846153846155,0.038461538461538436,0.5692307692307692,0.0692307692307692,0.876923076923077,0.07692307692307698,0.9076923076923078,0.007692307692307776,0.9076923076923078,0.04230769230769216
PRINCIPAL N=100,100,OOD_NEAR_jerarquico_02,ood_near,jerarquico,2,0.8884501567558265,1,2,0.0003331349497096,0.3846153846153847,0.0846153846153847,0.5846153846153845,0.08461538461538454,0.9230769230769231,0.12307692307692308,0.9538461538461538,0.053846153846153766,0.9538461538461538,0.0038461538461538325
PRINCIPAL N=100,100,OOD_NEAR_jerarquico_02,ood_near,jerarquico,3,1.3326752351337396,1,2,0.0010326552278574672,0.23076923076923075,0.06923076923076923,0.5076923076923077,0.007692307692307665,0.8923076923076924,0.09230769230769231,0.9692307692307693,0.06923076923076932,0.9692307692307693,0.019230769230769384
PRINCIPAL N=100,100,OOD_NEAR_jerarquico_02,ood_near,jerarquico,4,1.776900313511653,1,2,0.00037989377238971676,0.30769230769230765,0.007692307692307665,0.49230769230769234,0.007692307692307665,0.8923076923076924,0.09230769230769231,0.9692307692307693,0.06923076923076932,0.9692307692307693,0.019230769230769384
PRINCIPAL N=100,100,OOD_NEAR_jerarquico_02,ood_near,jerarquico,5,2.2211253918895664,1,2,0.0006394464159963384,0.24615384615384617,0.05384615384615382,0.6153846153846153,0.11538461538461531,0.9230769230769231,0.12307692307692308,0.9538461538461538,0.053846153846153766,0.9538461538461538,0.0038461538461538325
PRINCIPAL N=100,100,OOD_NEAR_jerarquico_02,ood_near,jerarquico,6,2.6653504702674797,1,2,0.00041109169286069485,0.2923076923076923,0.007692307692307665,0.5076923076923077,0.007692307692307665,0.8923076923076924,0.09230769230769231,0.9692307692307693,0.06923076923076932,0.9692307692307693,0.019230769230769384
PRINCIPAL N=100,100,OOD_NEAR_jerarquico_02,ood_near,jerarquico,7,3.1095755486453927,1,2,0.0009039409347392424,0.26153846153846155,0.038461538461538436,0.4769230769230769,0.023076923076923106,0.7846153846153847,0.01538461538461533,0.8307692307692307,0.06923076923076932,0.8307692307692307,0.11923076923076925
PRINCIPAL N=100,100,OOD_NEAR_jerarquico_02,ood_near,jerarquico,8,3.553800627023306,1,2,0.00042992634872180335,0.23076923076923078,0.0692307692307692,0.5230769230769231,0.023076923076923106,0.8923076923076924,0.09230769230769231,0.9692307692307693,0.06923076923076932,0.9692307692307693,0.019230769230769384
PRINCIPAL N=100,100,OOD_NEAR_jerarquico_02,ood_near,jerarquico,9,3.9980257054012194,1,2,0.0009288289889758043,0.24615384615384617,0.05384615384615382,0.5692307692307692,0.0692307692307692,0.7846153846153847,0.01538461538461533,0.876923076923077,0.023076923076922995,0.876923076923077,0.07307692307692293
PRINCIPAL N=100,100,OOD_NEAR_jerarquico_02,ood_near,jerarquico,10,4.442250783779133,1,2,0.00043778185212689085,0.23076923076923078,0.0692307692307692,0.5230769230769231,0.023076923076923106,0.8923076923076924,0.09230769230769231,0.9692307692307693,0.06923076923076932,0.9692307692307693,0.019230769230769384
PRINCIPAL N=100,100,OOD_NEAR_jerarquico_03,ood_near,jerarquico,1,0.4649910083877734,1,2,0.002262960213835101,0.3384615384615384,0.038461538461538436,0.676923076923077,0.17692307692307696,0.8923076923076924,0.09230769230769231,0.9538461538461538,0.053846153846153766,0.9538461538461538,0.0038461538461538325
PRINCIPAL N=100,100,OOD_NEAR_jerarquico_03,ood_near,jerarquico,2,0.9299820167755468,1,2,0.00013604140633040324,0.2615384615384616,0.03846153846153838,0.6153846153846153,0.11538461538461531,0.9076923076923077,0.10769230769230764,0.9846153846153847,0.08461538461538465,0.9846153846153847,0.034615384615384714
PRINCIPAL N=100,100,OOD_NEAR_jerarquico_03,ood_near,jerarquico,3,1.3949730251633201,1,2,8.42147076175198e-05,0.3230769230769231,0.023076923076923106,0.6461538461538462,0.1461538461538462,0.8615384615384617,0.06153846153846165,0.9846153846153847,0.08461538461538465,0.9846153846153847,0.034615384615384714
PRINCIPAL N=100,100,OOD_NEAR_jerarquico_03,ood_near,jerarquico,4,1.8599640335510936,1,2,9.005531118344333e-05,0.4461538461538462,0.1461538461538462,0.676923076923077,0.17692307692307696,0.9230769230769231,0.12307692307692308,0.9846153846153847,0.08461538461538465,0.9846153846153847,0.034615384615384714
PRINCIPAL N=100,100,OOD_NEAR_jerarquico_03,ood_near,jerarquico,5,2.324955041938867,1,2,0.0002732836330919448,0.4,0.10000000000000003,0.6153846153846153,0.11538461538461531,0.9230769230769231,0.12307692307692308,0.9384615384615385,0.038461538461538436,0.9384615384615385,0.011538461538461497
PRINCIPAL N=100,100,OOD_NEAR_jerarquico_03,ood_near,jerarquico,6,2.7899460503266407,1,2,7.322783287171601e-05,0.4615384615384615,0.16153846153846152,0.7076923076923077,0.20769230769230773,0.9230769230769231,0.12307692307692308,0.9846153846153847,0.08461538461538465,0.9846153846153847,0.034615384615384714
PRINCIPAL N=100,100,OOD_NEAR_jerarquico_03,ood_near,jerarquico,7,3.2549370587144137,1,2,0.0002833589858548545,0.2,0.09999999999999998,0.4461538461538462,0.05384615384615382,0.8615384615384617,0.06153846153846165,0.9384615384615385,0.038461538461538436,0.9384615384615385,0.011538461538461497
PRINCIPAL N=100,100,OOD_NEAR_jerarquico_03,ood_near,jerarquico,8,3.7199280671021873,1,2,0.00014866339579434044,0.4461538461538462,0.1461538461538462,0.7076923076923077,0.20769230769230773,0.9384615384615385,0.1384615384615384,0.9692307692307693,0.06923076923076932,0.9692307692307693,0.019230769230769384
PRINCIPAL N=100,100,OOD_NEAR_jerarquico_03,ood_near,jerarquico,9,4.184919075489961,1,2,0.0005591154988287418,0.2923076923076923,0.007692307692307665,0.5384615384615385,0.03846153846153855,0.8153846153846154,0.01538461538461533,0.923076923076923,0.023076923076922995,0.923076923076923,0.02692307692307694
PRINCIPAL N=100,100,OOD_NEAR_jerarquico_03,ood_near,jerarquico,10,4.649910083877734,2,2,0.0003326441592629026,0.18461538461538463,0.11538461538461536,0.3692307692307692,0.1307692307692308,0.6461538461538462,0.15384615384615385,0.876923076923077,0.023076923076922995,0.876923076923077,0.07307692307692293
PRINCIPAL N=100,100,OOD_NEAR_resonancia_00,ood_near,resonancia,1,0.34007061815226963,2,2,0.006492203901157364,0.4,0.10000000000000003,0.5538461538461539,0.05384615384615388,0.876923076923077,0.07692307692307698,0.9076923076923077,0.007692307692307665,0.9076923076923077,0.04230769230769227
PRINCIPAL N=100,100,OOD_NEAR_resonancia_00,ood_near,resonancia,2,0.6801412363045393,1,2,0.001496983331263441,0.23076923076923075,0.06923076923076923,0.4769230769230769,0.023076923076923106,0.8307692307692308,0.03076923076923077,0.876923076923077,0.023076923076922995,0.876923076923077,0.07307692307692293
PRINCIPAL N=100,100,OOD_NEAR_resonancia_00,ood_near,resonancia,3,1.0202118544568088,2,2,0.0006063050144609014,0.21538461538461542,0.08461538461538456,0.36923076923076925,0.13076923076923075,0.8,0.0,0.9076923076923077,0.007692307692307665,0.9076923076923077,0.04230769230769227
PRINCIPAL N=100,100,OOD_NEAR_resonancia_00,ood_near,resonancia,4,1.3602824726090785,2,2,3.1252314818620166e-05,0.3384615384615385,0.03846153846153849,0.46153846153846156,0.038461538461538436,0.8461538461538461,0.0461538461538461,0.9230769230769231,0.023076923076923106,0.9230769230769231,0.026923076923076827
PRINCIPAL N=100,100,OOD_NEAR_resonancia_00,ood_near,resonancia,5,1.7003530907613482,2,2,0.0007432367138885119,0.36923076923076925,0.06923076923076926,0.5692307692307692,0.0692307692307692,0.9230769230769231,0.12307692307692308,0.9692307692307693,0.06923076923076932,0.9692307692307693,0.019230769230769384
PRINCIPAL N=100,100,OOD_NEAR_resonancia_00,ood_near,resonancia,6,2.0404237089136177,3,3,0.00021411044613052236,0.3846153846153846,0.08461538461538459,0.6153846153846154,0.11538461538461542,0.8615384615384617,0.06153846153846165,0.9230769230769231,0.023076923076923106,0.9230769230769231,0.026923076923076827
PRINCIPAL N=100,100,OOD_NEAR_resonancia_00,ood_near,resonancia,7,2.3804943270658874,4,4,2.4601012898774697e-05,0.26153846153846155,0.038461538461538436,0.476923076923077,0.023076923076922995,0.8,0.0,0.8923076923076924,0.007692307692307665,0.8923076923076924,0.0576923076923076
PRINCIPAL N=100,100,OOD_NEAR_resonancia_00,ood_near,resonancia,8,2.720564945218157,4,4,0.16952859040708132,0.3538461538461539,0.05384615384615393,0.6000000000000001,0.10000000000000009,0.8461538461538461,0.0461538461538461,0.9230769230769231,0.023076923076923106,0.9230769230769231,0.026923076923076827
PRINCIPAL N=100,100,OOD_NEAR_resonancia_00,ood_near,resonancia,9,3.0606355633704267,5,5,0.00047179506075439815,0.3846153846153847,0.0846153846153847,0.5384615384615385,0.03846153846153855,0.8,0.0,0.8307692307692307,0.06923076923076932,0.8307692307692307,0.11923076923076925
PRINCIPAL N=100,100,OOD_NEAR_resonancia_00,ood_near,resonancia,10,3.4007061815226964,5,5,0.0002582747513124809,0.23076923076923075,0.06923076923076923,0.4615384615384615,0.03846153846153849,0.7384615384615385,0.06153846153846154,0.8615384615384615,0.03846153846153855,0.8615384615384615,0.08846153846153848
PRINCIPAL N=100,100,OOD_NEAR_resonancia_01,ood_near,resonancia,1,0.33206930389657535,1,2,0.0018881476426807053,0.21538461538461537,0.08461538461538462,0.5076923076923077,0.007692307692307665,0.876923076923077,0.07692307692307698,0.9076923076923077,0.007692307692307665,0.9076923076923077,0.04230769230769227
PRINCIPAL N=100,100,OOD_NEAR_resonancia_01,ood_near,resonancia,2,0.6641386077931508,1,2,0.002441165349143552,0.2,0.09999999999999998,0.4769230769230769,0.023076923076923106,0.8923076923076924,0.09230769230769231,0.9384615384615385,0.038461538461538436,0.9384615384615385,0.011538461538461497
PRINCIPAL N=100,100,OOD_NEAR_resonancia_01,ood_near,resonancia,3,0.9962079116897262,1,2,0.0018897524701841524,0.27692307692307694,0.02307692307692305,0.5846153846153845,0.08461538461538454,0.7846153846153847,0.01538461538461533,0.8307692307692307,0.06923076923076932,0.8307692307692307,0.11923076923076925
PRINCIPAL N=100,100,OOD_NEAR_resonancia_01,ood_near,resonancia,4,1.3282772155863016,1,2,0.0017527047927906579,0.10769230769230771,0.1923076923076923,0.3384615384615385,0.16153846153846152,0.7384615384615384,0.06153846153846165,0.9076923076923077,0.007692307692307665,0.9076923076923077,0.04230769230769227
PRINCIPAL N=100,100,OOD_NEAR_resonancia_01,ood_near,resonancia,5,1.660346519482877,1,2,0.0018455183649380522,0.2,0.09999999999999998,0.43076923076923085,0.06923076923076915,0.7692307692307692,0.030769230769230882,0.876923076923077,0.023076923076922995,0.876923076923077,0.07307692307692293
PRINCIPAL N=100,100,OOD_NEAR_resonancia_01,ood_near,resonancia,6,1.9924158233794524,1,2,0.0019377733119290044,0.3384615384615385,0.03846153846153849,0.5692307692307692,0.0692307692307692,0.8153846153846154,0.01538461538461533,0.8461538461538461,0.05384615384615388,0.8461538461538461,0.10384615384615381
PRINCIPAL N=100,100,OOD_NEAR_resonancia_01,ood_near,resonancia,7,2.3244851272760276,1,2,0.0019726882485105205,0.32307692307692304,0.02307692307692305,0.6615384615384616,0.16153846153846163,0.9538461538461538,0.15384615384615374,0.9538461538461538,0.053846153846153766,0.9538461538461538,0.0038461538461538325
PRINCIPAL N=100,100,OOD_NEAR_resonancia_01,ood_near,resonancia,8,2.6565544311726033,1,2,0.002088733698870116,0.4461538461538462,0.1461538461538462,0.6307692307692309,0.13076923076923086,0.9538461538461538,0.15384615384615374,0.9538461538461538,0.053846153846153766,0.9538461538461538,0.0038461538461538325
PRINCIPAL N=100,100,OOD_NEAR_resonancia_01,ood_near,resonancia,9,2.9886237350691784,1,2,0.0022539447614778863,0.4461538461538462,0.1461538461538462,0.6307692307692309,0.13076923076923086,0.9538461538461538,0.15384615384615374,0.9538461538461538,0.053846153846153766,0.9538461538461538,0.0038461538461538325
PRINCIPAL N=100,100,OOD_NEAR_resonancia_01,ood_near,resonancia,10,3.3206930389657536,1,2,0.0023998943527981605,0.4461538461538462,0.1461538461538462,0.6307692307692309,0.13076923076923086,0.9846153846153847,0.18461538461538463,1.0,0.09999999999999998,1.0,0.050000000000000044
PRINCIPAL N=100,100,OOD_NEAR_resonancia_02,ood_near,resonancia,1,0.397942483005445,1,2,0.004076856123655353,0.23076923076923078,0.0692307692307692,0.43076923076923074,0.06923076923076926,0.7846153846153847,0.01538461538461533,0.8307692307692307,0.06923076923076932,0.8307692307692307,0.11923076923076925
PRINCIPAL N=100,100,OOD_NEAR_resonancia_02,ood_near,resonancia,2,0.79588496601089,2,2,0.005081943997903967,0.26153846153846155,0.038461538461538436,0.46153846153846156,0.038461538461538436,0.7538461538461539,0.0461538461538461,0.8615384615384617,0.038461538461538325,0.8615384615384617,0.08846153846153826
PRINCIPAL N=100,100,OOD_NEAR_resonancia_02,ood_near,resonancia,3,1.193827449016335,1,2,0.00309118588298212,0.46153846153846156,0.16153846153846158,0.6153846153846154,0.11538461538461542,0.8615384615384615,0.06153846153846143,0.9076923076923077,0.007692307692307665,0.9076923076923077,0.04230769230769227
PRINCIPAL N=100,100,OOD_NEAR_resonancia_02,ood_near,resonancia,4,1.59176993202178,2,2,0.007535116039944001,0.30769230769230765,0.007692307692307665,0.5538461538461539,0.05384615384615388,0.8615384615384617,0.06153846153846165,0.9230769230769231,0.023076923076923106,0.9230769230769231,0.026923076923076827
PRINCIPAL N=100,100,OOD_NEAR_resonancia_02,ood_near,resonancia,5,1.989712415027225,1,2,0.004029628583948442,0.26153846153846155,0.038461538461538436,0.4153846153846154,0.08461538461538459,0.8307692307692308,0.03076923076923077,0.8923076923076924,0.007692307692307665,0.8923076923076924,0.0576923076923076
PRINCIPAL N=100,100,OOD_NEAR_resonancia_02,ood_near,resonancia,6,2.38765489803267,2,2,0.000317771108304116,0.24615384615384617,0.05384615384615382,0.43076923076923074,0.06923076923076926,0.7846153846153846,0.015384615384615441,0.8615384615384615,0.03846153846153855,0.8615384615384615,0.08846153846153848
PRINCIPAL N=100,100,OOD_NEAR_resonancia_02,ood_near,resonancia,7,2.785597381038115,2,2,0.00018786970264729155,0.23076923076923075,0.06923076923076923,0.4153846153846154,0.08461538461538459,0.8307692307692308,0.03076923076923077,0.9076923076923078,0.007692307692307776,0.9076923076923078,0.04230769230769216
PRINCIPAL N=100,100,OOD_NEAR_resonancia_02,ood_near,resonancia,8,3.18353986404356,2,2,0.000552906097733238,0.23076923076923075,0.06923076923076923,0.4,0.09999999999999998,0.6615384615384616,0.1384615384615384,0.9076923076923077,0.007692307692307665,0.9076923076923077,0.04230769230769227
PRINCIPAL N=100,100,OOD_NEAR_resonancia_02,ood_near,resonancia,9,3.581482347049005,2,2,0.0004408195991953908,0.38461538461538464,0.08461538461538465,0.5692307692307692,0.0692307692307692,0.8307692307692308,0.03076923076923077,0.876923076923077,0.023076923076922995,0.876923076923077,0.07307692307692293
PRINCIPAL N=100,100,OOD_NEAR_resonancia_02,ood_near,resonancia,10,3.97942483005445,3,3,0.00023938436851941104,0.23076923076923075,0.06923076923076923,0.4153846153846154,0.08461538461538459,0.6615384615384615,0.13846153846153852,0.8923076923076924,0.007692307692307665,0.8923076923076924,0.0576923076923076
PRINCIPAL N=100,100,OOD_NEAR_resonancia_03,ood_near,resonancia,1,0.3727373233582223,2,2,0.011745715225854565,0.32307692307692304,0.02307692307692305,0.523076923076923,0.023076923076922995,0.9384615384615385,0.1384615384615384,0.9538461538461538,0.053846153846153766,0.9538461538461538,0.0038461538461538325
PRINCIPAL N=100,100,OOD_NEAR_resonancia_03,ood_near,resonancia,2,0.7454746467164446,2,2,0.01649497888134298,0.3384615384615385,0.03846153846153849,0.6000000000000001,0.10000000000000009,0.9384615384615385,0.1384615384615384,0.9538461538461538,0.053846153846153766,0.9538461538461538,0.0038461538461538325
PRINCIPAL N=100,100,OOD_NEAR_resonancia_03,ood_near,resonancia,3,1.1182119700746669,1,2,0.002025759222793913,0.4153846153846154,0.11538461538461542,0.46153846153846156,0.038461538461538436,0.8307692307692308,0.03076923076923077,0.9692307692307693,0.06923076923076932,0.9692307692307693,0.019230769230769384
PRINCIPAL N=100,100,OOD_NEAR_resonancia_03,ood_near,resonancia,4,1.4909492934328892,2,2,0.008227807178016298,0.3384615384615385,0.03846153846153849,0.6923076923076923,0.1923076923076923,0.8461538461538461,0.0461538461538461,0.923076923076923,0.023076923076922995,0.923076923076923,0.02692307692307694
PRINCIPAL N=100,100,OOD_NEAR_resonancia_03,ood_near,resonancia,5,1.8636866167911115,1,2,0.004213615587517916,0.24615384615384617,0.05384615384615382,0.6,0.09999999999999998,0.8153846153846154,0.01538461538461533,0.9230769230769231,0.023076923076923106,0.9230769230769231,0.026923076923076827
PRINCIPAL N=100,100,OOD_NEAR_resonancia_03,ood_near,resonancia,6,2.2364239401493338,1,2,0.003475439991634114,0.30769230769230765,0.007692307692307665,0.4,0.09999999999999998,0.7384615384615385,0.06153846153846154,0.8461538461538461,0.05384615384615388,0.8461538461538461,0.10384615384615381
PRINCIPAL N=100,100,OOD_NEAR_resonancia_03,ood_near,resonancia,7,2.609161263507556,1,2,0.003605008602573182,0.3384615384615385,0.03846153846153849,0.5076923076923077,0.007692307692307665,0.8307692307692307,0.03076923076923066,0.9692307692307693,0.06923076923076932,0.9692307692307693,0.019230769230769384
PRINCIPAL N=100,100,OOD_NEAR_resonancia_03,ood_near,resonancia,8,2.9818985868657784,1,2,0.0016474111724786393,0.4153846153846154,0.11538461538461542,0.5538461538461539,0.05384615384615388,0.8923076923076924,0.09230769230769231,0.8923076923076924,0.007692307692307665,0.8923076923076924,0.0576923076923076
PRINCIPAL N=100,100,OOD_NEAR_resonancia_03,ood_near,resonancia,9,3.3546359102240007,2,2,0.005410773197649445,0.27692307692307694,0.02307692307692305,0.5846153846153845,0.08461538461538454,0.876923076923077,0.07692307692307698,0.9846153846153847,0.08461538461538465,0.9846153846153847,0.034615384615384714
PRINCIPAL N=100,100,OOD_NEAR_resonancia_03,ood_near,resonancia,10,3.727373233582223,2,2,0.0056862038295315285,0.3230769230769231,0.023076923076923106,0.4461538461538462,0.05384615384615382,0.8615384615384615,0.06153846153846143,0.9076923076923077,0.007692307692307665,0.9076923076923077,0.04230769230769227
PRINCIPAL N=100,100,OOD_NEAR_euler_colineal_00,ood_near,euler_colineal,1,1.5,1,2,0.001072119029274034,0.27692307692307694,0.02307692307692305,0.49230769230769234,0.007692307692307665,0.8307692307692307,0.03076923076923066,0.923076923076923,0.023076923076922995,0.923076923076923,0.02692307692307694
PRINCIPAL N=100,100,OOD_NEAR_euler_colineal_00,ood_near,euler_colineal,2,3.0,1,2,0.002651725882174438,0.2923076923076923,0.007692307692307665,0.5076923076923078,0.007692307692307776,0.7538461538461538,0.04615384615384621,0.8923076923076924,0.007692307692307665,0.8923076923076924,0.0576923076923076
PRINCIPAL N=100,100,OOD_NEAR_euler_colineal_00,ood_near,euler_colineal,3,4.5,2,2,0.0016159308034669178,0.24615384615384617,0.05384615384615382,0.43076923076923074,0.06923076923076926,0.8461538461538461,0.0461538461538461,0.876923076923077,0.023076923076922995,0.876923076923077,0.07307692307692293
PRINCIPAL N=100,100,OOD_NEAR_euler_colineal_00,ood_near,euler_colineal,4,6.0,4,4,2.4243550709781965e-10,0.24615384615384617,0.05384615384615382,0.43076923076923074,0.06923076923076926,0.7846153846153847,0.01538461538461533,0.8615384615384615,0.03846153846153855,0.8615384615384615,0.08846153846153848
PRINCIPAL N=100,100,OOD_NEAR_euler_colineal_00,ood_near,euler_colineal,5,7.5,6,6,4.267137214020322e-05,0.3384615384615384,0.038461538461538436,0.6,0.09999999999999998,0.8923076923076924,0.09230769230769231,0.9538461538461538,0.053846153846153766,0.9538461538461538,0.0038461538461538325
PRINCIPAL N=100,100,OOD_NEAR_euler_colineal_00,ood_near,euler_colineal,6,9.0,8,8,1.4996197425244951e-06,0.27692307692307694,0.02307692307692305,0.4461538461538462,0.05384615384615382,0.9076923076923077,0.10769230769230764,0.9384615384615385,0.038461538461538436,0.9384615384615385,0.011538461538461497
PRINCIPAL N=100,100,OOD_NEAR_euler_colineal_00,ood_near,euler_colineal,7,10.5,9,9,4.797693239722436e-06,0.32307692307692315,0.02307692307692316,0.6923076923076923,0.1923076923076923,0.8615384615384615,0.06153846153846143,0.923076923076923,0.023076923076922995,0.923076923076923,0.02692307692307694
PRINCIPAL N=100,100,OOD_NEAR_euler_colineal_00,ood_near,euler_colineal,8,12.0,9,9,2.346852291610663e-07,0.16923076923076924,0.13076923076923075,0.43076923076923074,0.06923076923076926,0.7692307692307692,0.030769230769230882,0.8923076923076924,0.007692307692307665,0.8923076923076924,0.0576923076923076
PRINCIPAL N=100,100,OOD_NEAR_euler_colineal_00,ood_near,euler_colineal,9,13.5,8,8,2.3214435866197264e-06,0.3384615384615385,0.03846153846153849,0.5076923076923078,0.007692307692307776,0.8923076923076924,0.09230769230769231,0.9384615384615385,0.038461538461538436,0.9384615384615385,0.011538461538461497
PRINCIPAL N=100,100,OOD_NEAR_euler_colineal_00,ood_near,euler_colineal,10,15.0,7,7,4.607606627696618e-06,0.26153846153846155,0.038461538461538436,0.4,0.09999999999999998,0.6923076923076923,0.10769230769230775,0.876923076923077,0.023076923076922995,0.876923076923077,0.07307692307692293
PRINCIPAL N=100,100,OOD_NEAR_euler_colineal_01,ood_near,euler_colineal,1,1.5,1,2,0.0016793177634367134,0.21538461538461537,0.08461538461538462,0.5384615384615385,0.03846153846153855,0.8923076923076924,0.09230769230769231,0.9846153846153847,0.08461538461538465,0.9846153846153847,0.034615384615384714
PRINCIPAL N=100,100,OOD_NEAR_euler_colineal_01,ood_near,euler_colineal,2,3.0,1,2,0.0006157602502335679,0.2,0.09999999999999998,0.5076923076923077,0.007692307692307665,0.8461538461538461,0.0461538461538461,0.9384615384615385,0.038461538461538436,0.9384615384615385,0.011538461538461497
PRINCIPAL N=100,100,OOD_NEAR_euler_colineal_01,ood_near,euler_colineal,3,4.5,1,2,0.0002348987082772445,0.26153846153846155,0.038461538461538436,0.38461538461538464,0.11538461538461536,0.6923076923076923,0.10769230769230775,0.7846153846153847,0.11538461538461531,0.7846153846153847,0.16538461538461524
PRINCIPAL N=100,100,OOD_NEAR_euler_colineal_01,ood_near,euler_colineal,4,6.0,5,5,2.384200507582756e-09,0.27692307692307694,0.02307692307692305,0.5692307692307692,0.0692307692307692,0.923076923076923,0.12307692307692297,0.9538461538461538,0.053846153846153766,0.9538461538461538,0.0038461538461538325
PRINCIPAL N=100,100,OOD_NEAR_euler_colineal_01,ood_near,euler_colineal,5,7.5,6,6,1.8560824299142093e-08,0.3230769230769231,0.023076923076923106,0.6153846153846153,0.11538461538461531,0.8923076923076924,0.09230769230769231,0.9692307692307693,0.06923076923076932,0.9692307692307693,0.019230769230769384
PRINCIPAL N=100,100,OOD_NEAR_euler_colineal_01,ood_near,euler_colineal,6,9.0,7,7,9.615694172652784e-12,0.5538461538461539,0.2538461538461539,0.6307692307692307,0.13076923076923075,0.9076923076923077,0.10769230769230764,0.9692307692307693,0.06923076923076932,0.9692307692307693,0.019230769230769384
PRINCIPAL N=100,100,OOD_NEAR_euler_colineal_01,ood_near,euler_colineal,7,10.5,7,7,7.674712268979384e-12,0.5076923076923078,0.2076923076923078,0.6615384615384615,0.16153846153846152,0.9076923076923077,0.10769230769230764,0.9538461538461538,0.053846153846153766,0.9538461538461538,0.0038461538461538325
PRINCIPAL N=100,100,OOD_NEAR_euler_colineal_01,ood_near,euler_colineal,8,12.0,7,7,6.208519049698969e-08,0.4153846153846154,0.11538461538461542,0.676923076923077,0.17692307692307696,0.9076923076923077,0.10769230769230764,0.9692307692307693,0.06923076923076932,0.9692307692307693,0.019230769230769384
PRINCIPAL N=100,100,OOD_NEAR_euler_colineal_01,ood_near,euler_colineal,9,13.5,7,7,3.5128544954276332e-12,0.3692307692307692,0.0692307692307692,0.6615384615384615,0.16153846153846152,0.9230769230769231,0.12307692307692308,0.9692307692307693,0.06923076923076932,0.9692307692307693,0.019230769230769384
PRINCIPAL N=100,100,OOD_NEAR_euler_colineal_01,ood_near,euler_colineal,10,15.0,6,6,1.414126619871531e-10,0.3230769230769231,0.023076923076923106,0.7076923076923077,0.20769230769230773,0.8615384615384615,0.06153846153846143,0.9692307692307693,0.06923076923076932,0.9692307692307693,0.019230769230769384
PRINCIPAL N=100,100,OOD_NEAR_euler_colineal_02,ood_near,euler_colineal,1,1.5,1,2,0.0009799160004467682,0.4,0.10000000000000003,0.676923076923077,0.17692307692307696,0.9692307692307693,0.1692307692307693,0.9692307692307693,0.06923076923076932,0.9692307692307693,0.019230769230769384
PRINCIPAL N=100,100,OOD_NEAR_euler_colineal_02,ood_near,euler_colineal,2,3.0,1,2,0.0005524547954982057,0.18461538461538463,0.11538461538461536,0.5076923076923077,0.007692307692307665,0.7538461538461538,0.04615384615384621,0.9076923076923077,0.007692307692307665,0.9076923076923077,0.04230769230769227
PRINCIPAL N=100,100,OOD_NEAR_euler_colineal_02,ood_near,euler_colineal,3,4.5,3,3,1.6391278353697767e-05,0.15384615384615385,0.14615384615384613,0.38461538461538464,0.11538461538461536,0.7076923076923076,0.09230769230769242,0.8307692307692308,0.0692307692307692,0.8307692307692308,0.11923076923076914
PRINCIPAL N=100,100,OOD_NEAR_euler_colineal_02,ood_near,euler_colineal,4,6.0,5,5,1.5431706207731034e-07,0.38461538461538464,0.08461538461538465,0.6461538461538462,0.1461538461538462,0.8923076923076925,0.09230769230769242,0.9076923076923078,0.007692307692307776,0.9076923076923078,0.04230769230769216
PRINCIPAL N=100,100,OOD_NEAR_euler_colineal_02,ood_near,euler_colineal,5,7.5,7,7,3.467927713571986e-06,0.15384615384615385,0.14615384615384613,0.4,0.09999999999999998,0.8307692307692308,0.03076923076923077,0.9692307692307693,0.06923076923076932,0.9692307692307693,0.019230769230769384
PRINCIPAL N=100,100,OOD_NEAR_euler_colineal_02,ood_near,euler_colineal,6,9.0,8,8,3.027961864356869e-06,0.4153846153846154,0.11538461538461542,0.6461538461538462,0.1461538461538462,0.9076923076923077,0.10769230769230764,0.9692307692307693,0.06923076923076932,0.9692307692307693,0.019230769230769384
PRINCIPAL N=100,100,OOD_NEAR_euler_colineal_02,ood_near,euler_colineal,7,10.5,8,8,1.1611930532400535e-05,0.4461538461538462,0.1461538461538462,0.6,0.09999999999999998,0.8923076923076924,0.09230769230769231,0.9538461538461538,0.053846153846153766,0.9538461538461538,0.0038461538461538325
PRINCIPAL N=100,100,OOD_NEAR_euler_colineal_02,ood_near,euler_colineal,8,12.0,7,7,3.974017157997771e-06,0.4461538461538462,0.1461538461538462,0.6153846153846154,0.11538461538461542,0.8615384615384615,0.06153846153846143,0.9076923076923077,0.007692307692307665,0.9076923076923077,0.04230769230769227
PRINCIPAL N=100,100,OOD_NEAR_euler_colineal_02,ood_near,euler_colineal,9,13.5,7,7,2.346373266653238e-06,0.36923076923076925,0.06923076923076926,0.6461538461538462,0.1461538461538462,0.8615384615384617,0.06153846153846165,0.9384615384615385,0.038461538461538436,0.9384615384615385,0.011538461538461497
PRINCIPAL N=100,100,OOD_NEAR_euler_colineal_02,ood_near,euler_colineal,10,15.0,7,7,2.6819103270702794e-07,0.4153846153846154,0.11538461538461542,0.5692307692307692,0.0692307692307692,0.8307692307692307,0.03076923076923066,0.876923076923077,0.023076923076922995,0.876923076923077,0.07307692307692293
PRINCIPAL N=100,100,OOD_NEAR_euler_colineal_03,ood_near,euler_colineal,1,1.5,1,2,0.0013370688488154342,0.3230769230769231,0.023076923076923106,0.6307692307692307,0.13076923076923075,0.9230769230769231,0.12307692307692308,0.9692307692307693,0.06923076923076932,0.9692307692307693,0.019230769230769384
PRINCIPAL N=100,100,OOD_NEAR_euler_colineal_03,ood_near,euler_colineal,2,3.0,1,2,0.00014173071584036513,0.3538461538461538,0.05384615384615382,0.5692307692307693,0.06923076923076932,0.9384615384615385,0.1384615384615384,0.9538461538461538,0.053846153846153766,0.9538461538461538,0.0038461538461538325
PRINCIPAL N=100,100,OOD_NEAR_euler_colineal_03,ood_near,euler_colineal,3,4.5,4,4,9.614055238558317e-06,0.3846153846153846,0.08461538461538459,0.6461538461538462,0.1461538461538462,0.9076923076923077,0.10769230769230764,0.9692307692307693,0.06923076923076932,0.9692307692307693,0.019230769230769384
PRINCIPAL N=100,100,OOD_NEAR_euler_colineal_03,ood_near,euler_colineal,4,6.0,6,6,4.463736217428725e-05,0.27692307692307694,0.02307692307692305,0.4153846153846154,0.08461538461538459,0.876923076923077,0.07692307692307698,0.8923076923076924,0.007692307692307665,0.8923076923076924,0.0576923076923076
PRINCIPAL N=100,100,OOD_NEAR_euler_colineal_03,ood_near,euler_colineal,5,7.5,8,8,7.331448109158731e-05,0.5076923076923077,0.20769230769230768,0.6615384615384615,0.16153846153846152,0.8153846153846155,0.015384615384615441,0.9384615384615385,0.038461538461538436,0.9384615384615385,0.011538461538461497
PRINCIPAL N=100,100,OOD_NEAR_euler_colineal_03,ood_near,euler_colineal,6,9.0,9,9,7.888417546517247e-05,0.18461538461538463,0.11538461538461536,0.4,0.09999999999999998,0.6923076923076923,0.10769230769230775,0.8923076923076924,0.007692307692307665,0.8923076923076924,0.0576923076923076
PRINCIPAL N=100,100,OOD_NEAR_euler_colineal_03,ood_near,euler_colineal,7,10.5,9,9,4.7587793546331195e-05,0.3846153846153846,0.08461538461538459,0.676923076923077,0.17692307692307696,0.923076923076923,0.12307692307692297,0.9692307692307693,0.06923076923076932,0.9692307692307693,0.019230769230769384
PRINCIPAL N=100,100,OOD_NEAR_euler_colineal_03,ood_near,euler_colineal,8,12.0,8,8,8.713237276684896e-06,0.24615384615384617,0.05384615384615382,0.4461538461538462,0.05384615384615382,0.8153846153846154,0.01538461538461533,0.8615384615384617,0.038461538461538325,0.8615384615384617,0.08846153846153826
PRINCIPAL N=100,100,OOD_NEAR_euler_colineal_03,ood_near,euler_colineal,9,13.5,8,8,2.4799240306674017e-06,0.4153846153846154,0.11538461538461542,0.5846153846153846,0.08461538461538465,0.7692307692307693,0.03076923076923077,0.8923076923076924,0.007692307692307665,0.8923076923076924,0.0576923076923076
PRINCIPAL N=100,100,OOD_NEAR_euler_colineal_03,ood_near,euler_colineal,10,15.0,8,8,7.462255589461986e-07,0.2923076923076923,0.007692307692307665,0.4615384615384615,0.03846153846153849,0.8615384615384615,0.06153846153846143,0.9538461538461538,0.053846153846153766,0.9538461538461538,0.0038461538461538325
PRINCIPAL N=100,100,OOD_NEAR_masas_asimetricas_00,ood_near,masas_asimetricas,1,0.8808790250442602,1,2,0.0015432500408398097,0.3230769230769231,0.023076923076923106,0.4615384615384615,0.03846153846153849,0.8307692307692308,0.03076923076923077,0.8461538461538461,0.05384615384615388,0.8461538461538461,0.10384615384615381
PRINCIPAL N=100,100,OOD_NEAR_masas_asimetricas_00,ood_near,masas_asimetricas,2,1.7617580500885204,2,2,0.004063892324123895,0.36923076923076925,0.06923076923076926,0.5076923076923077,0.007692307692307665,0.8,0.0,0.8923076923076924,0.007692307692307665,0.8923076923076924,0.0576923076923076
PRINCIPAL N=100,100,OOD_NEAR_masas_asimetricas_00,ood_near,masas_asimetricas,3,2.6426370751327806,1,2,0.001978873661716227,0.3076923076923077,0.0076923076923077205,0.6923076923076923,0.1923076923076923,0.9384615384615385,0.1384615384615384,0.9538461538461538,0.053846153846153766,0.9538461538461538,0.0038461538461538325
PRINCIPAL N=100,100,OOD_NEAR_masas_asimetricas_00,ood_near,masas_asimetricas,4,3.5235161001770408,2,2,0.0037127366413182506,0.4,0.10000000000000003,0.523076923076923,0.023076923076922995,0.7692307692307693,0.03076923076923077,0.876923076923077,0.023076923076922995,0.876923076923077,0.07307692307692293
PRINCIPAL N=100,100,OOD_NEAR_masas_asimetricas_00,ood_near,masas_asimetricas,5,4.404395125221301,1,2,0.0016563388217643883,0.27692307692307694,0.02307692307692305,0.6,0.09999999999999998,0.7846153846153847,0.01538461538461533,0.876923076923077,0.023076923076922995,0.876923076923077,0.07307692307692293
PRINCIPAL N=100,100,OOD_NEAR_masas_asimetricas_00,ood_near,masas_asimetricas,6,5.285274150265561,1,2,0.0007082173243512275,0.24615384615384617,0.05384615384615382,0.3846153846153846,0.11538461538461542,0.7076923076923077,0.09230769230769231,0.8153846153846155,0.08461538461538454,0.8153846153846155,0.13461538461538447
PRINCIPAL N=100,100,OOD_NEAR_masas_asimetricas_00,ood_near,masas_asimetricas,7,6.166153175309821,1,2,0.0017734798188368925,0.4,0.10000000000000003,0.5076923076923077,0.007692307692307665,0.8461538461538461,0.0461538461538461,0.9692307692307693,0.06923076923076932,0.9692307692307693,0.019230769230769384
PRINCIPAL N=100,100,OOD_NEAR_masas_asimetricas_00,ood_near,masas_asimetricas,8,7.0470322003540815,1,2,0.000759319043722151,0.3230769230769231,0.023076923076923106,0.4615384615384615,0.03846153846153849,0.8461538461538461,0.0461538461538461,0.9230769230769231,0.023076923076923106,0.9230769230769231,0.026923076923076827
PRINCIPAL N=100,100,OOD_NEAR_masas_asimetricas_00,ood_near,masas_asimetricas,9,7.927911225398342,2,2,0.002451309233138482,0.3538461538461538,0.05384615384615382,0.5230769230769231,0.023076923076923106,0.8,0.0,0.8923076923076924,0.007692307692307665,0.8923076923076924,0.0576923076923076
PRINCIPAL N=100,100,OOD_NEAR_masas_asimetricas_00,ood_near,masas_asimetricas,10,8.808790250442602,1,2,0.001994066044396864,0.3384615384615385,0.03846153846153849,0.7076923076923076,0.20769230769230762,0.8923076923076924,0.09230769230769231,0.9692307692307693,0.06923076923076932,0.9692307692307693,0.019230769230769384
PRINCIPAL N=100,100,OOD_NEAR_masas_asimetricas_01,ood_near,masas_asimetricas,1,0.7501798348658469,1,2,0.001849380028477941,0.24615384615384617,0.05384615384615382,0.476923076923077,0.023076923076922995,0.8461538461538461,0.0461538461538461,0.876923076923077,0.023076923076922995,0.876923076923077,0.07307692307692293
PRINCIPAL N=100,100,OOD_NEAR_masas_asimetricas_01,ood_near,masas_asimetricas,2,1.5003596697316939,2,2,0.0027926209711058333,0.30769230769230776,0.007692307692307776,0.5076923076923077,0.007692307692307665,0.8615384615384615,0.06153846153846143,0.9384615384615385,0.038461538461538436,0.9384615384615385,0.011538461538461497
PRINCIPAL N=100,100,OOD_NEAR_masas_asimetricas_01,ood_near,masas_asimetricas,3,2.250539504597541,1,2,0.0007642482238605396,0.4153846153846154,0.11538461538461542,0.6153846153846153,0.11538461538461531,0.8615384615384617,0.06153846153846165,0.9538461538461538,0.053846153846153766,0.9538461538461538,0.0038461538461538325
PRINCIPAL N=100,100,OOD_NEAR_masas_asimetricas_01,ood_near,masas_asimetricas,4,3.0007193394633878,2,2,0.0024898051514986195,0.41538461538461535,0.11538461538461536,0.5846153846153845,0.08461538461538454,0.8153846153846155,0.015384615384615441,0.9538461538461538,0.053846153846153766,0.9538461538461538,0.0038461538461538325
PRINCIPAL N=100,100,OOD_NEAR_masas_asimetricas_01,ood_near,masas_asimetricas,5,3.7508991743292346,1,2,0.0013479182997334753,0.2923076923076923,0.007692307692307665,0.5538461538461539,0.05384615384615388,0.8153846153846154,0.01538461538461533,0.876923076923077,0.023076923076922995,0.876923076923077,0.07307692307692293
PRINCIPAL N=100,100,OOD_NEAR_masas_asimetricas_01,ood_near,masas_asimetricas,6,4.501079009195082,1,2,0.0028341605020624472,0.3230769230769231,0.023076923076923106,0.49230769230769234,0.007692307692307665,0.8,0.0,0.923076923076923,0.023076923076922995,0.923076923076923,0.02692307692307694
PRINCIPAL N=100,100,OOD_NEAR_masas_asimetricas_01,ood_near,masas_asimetricas,7,5.251258844060929,1,2,0.0023266580561568653,0.24615384615384617,0.05384615384615382,0.6615384615384615,0.16153846153846152,0.8307692307692307,0.03076923076923066,0.8307692307692307,0.06923076923076932,0.8307692307692307,0.11923076923076925
PRINCIPAL N=100,100,OOD_NEAR_masas_asimetricas_01,ood_near,masas_asimetricas,8,6.0014386789267755,1,2,0.0006581172846586213,0.2923076923076923,0.007692307692307665,0.6,0.09999999999999998,0.8,0.0,0.876923076923077,0.023076923076922995,0.876923076923077,0.07307692307692293
PRINCIPAL N=100,100,OOD_NEAR_masas_asimetricas_01,ood_near,masas_asimetricas,9,6.751618513792622,2,2,0.0038099517010088983,0.2615384615384616,0.03846153846153838,0.5230769230769231,0.023076923076923106,0.8307692307692308,0.03076923076923077,0.8923076923076924,0.007692307692307665,0.8923076923076924,0.0576923076923076
PRINCIPAL N=100,100,OOD_NEAR_masas_asimetricas_01,ood_near,masas_asimetricas,10,7.501798348658469,1,2,0.0013279786346859558,0.3538461538461539,0.05384615384615393,0.6,0.09999999999999998,0.8,0.0,0.9538461538461538,0.053846153846153766,0.9538461538461538,0.0038461538461538325
PRINCIPAL N=100,100,OOD_NEAR_masas_asimetricas_02,ood_near,masas_asimetricas,1,0.9421951298066219,1,2,0.001802102374996311,0.35384615384615387,0.05384615384615388,0.5538461538461539,0.05384615384615388,0.8615384615384617,0.06153846153846165,0.9076923076923077,0.007692307692307665,0.9076923076923077,0.04230769230769227
PRINCIPAL N=100,100,OOD_NEAR_masas_asimetricas_02,ood_near,masas_asimetricas,2,1.8843902596132436,2,2,0.002737626276875278,0.24615384615384617,0.05384615384615382,0.5230769230769231,0.023076923076923106,0.7230769230769232,0.07692307692307687,0.8307692307692308,0.0692307692307692,0.8307692307692308,0.11923076923076914
PRINCIPAL N=100,100,OOD_NEAR_masas_asimetricas_02,ood_near,masas_asimetricas,3,2.8265853894198654,1,2,0.0019287568318140894,0.35384615384615387,0.05384615384615388,0.5692307692307692,0.0692307692307692,0.8923076923076924,0.09230769230769231,0.923076923076923,0.023076923076922995,0.923076923076923,0.02692307692307694
PRINCIPAL N=100,100,OOD_NEAR_masas_asimetricas_02,ood_near,masas_asimetricas,4,3.768780519226487,2,2,0.0016805951047322086,0.2615384615384615,0.03846153846153849,0.47692307692307684,0.02307692307692316,0.8615384615384617,0.06153846153846165,0.923076923076923,0.023076923076922995,0.923076923076923,0.02692307692307694
PRINCIPAL N=100,100,OOD_NEAR_masas_asimetricas_02,ood_near,masas_asimetricas,5,4.710975649033109,1,2,0.00258675637359847,0.35384615384615387,0.05384615384615388,0.5076923076923077,0.007692307692307665,0.8923076923076924,0.09230769230769231,1.0,0.09999999999999998,1.0,0.050000000000000044
PRINCIPAL N=100,100,OOD_NEAR_masas_asimetricas_02,ood_near,masas_asimetricas,6,5.653170778839732,1,2,0.0013181849540903523,0.3076923076923077,0.0076923076923077205,0.5076923076923078,0.007692307692307776,0.7538461538461538,0.04615384615384621,1.0,0.09999999999999998,1.0,0.050000000000000044
PRINCIPAL N=100,100,OOD_NEAR_masas_asimetricas_02,ood_near,masas_asimetricas,7,6.595365908646353,2,2,0.005053441142484934,0.3692307692307692,0.0692307692307692,0.5538461538461539,0.05384615384615388,0.8307692307692307,0.03076923076923066,0.9538461538461538,0.053846153846153766,0.9538461538461538,0.0038461538461538325
PRINCIPAL N=100,100,OOD_NEAR_masas_asimetricas_02,ood_near,masas_asimetricas,8,7.537561038452974,1,2,0.0013296765835704564,0.2923076923076923,0.007692307692307665,0.4461538461538462,0.05384615384615382,0.9076923076923077,0.10769230769230764,1.0,0.09999999999999998,1.0,0.050000000000000044
PRINCIPAL N=100,100,OOD_NEAR_masas_asimetricas_02,ood_near,masas_asimetricas,9,8.479756168259597,1,2,0.0031457113667687094,0.3538461538461538,0.05384615384615382,0.5538461538461539,0.05384615384615388,0.8461538461538461,0.0461538461538461,0.876923076923077,0.023076923076922995,0.876923076923077,0.07307692307692293
PRINCIPAL N=100,100,OOD_NEAR_masas_asimetricas_02,ood_near,masas_asimetricas,10,9.421951298066219,1,2,0.0022965189684618493,0.23076923076923078,0.0692307692307692,0.5538461538461539,0.05384615384615388,0.8615384615384615,0.06153846153846143,1.0,0.09999999999999998,1.0,0.050000000000000044
PRINCIPAL N=100,100,OOD_NEAR_masas_asimetricas_03,ood_near,masas_asimetricas,1,0.7865285243780283,1,2,0.002792657341166851,0.36923076923076925,0.06923076923076926,0.4461538461538462,0.05384615384615382,0.8461538461538464,0.04615384615384632,0.9384615384615385,0.038461538461538436,0.9384615384615385,0.011538461538461497
PRINCIPAL N=100,100,OOD_NEAR_masas_asimetricas_03,ood_near,masas_asimetricas,2,1.5730570487560565,1,2,0.00606968095136666,0.3384615384615385,0.03846153846153849,0.6153846153846154,0.11538461538461542,0.7692307692307693,0.03076923076923077,0.876923076923077,0.023076923076922995,0.876923076923077,0.07307692307692293
PRINCIPAL N=100,100,OOD_NEAR_masas_asimetricas_03,ood_near,masas_asimetricas,3,2.3595855731340847,1,2,0.0025019427279205737,0.38461538461538464,0.08461538461538465,0.4923076923076922,0.007692307692307776,0.7846153846153846,0.015384615384615441,0.8923076923076924,0.007692307692307665,0.8923076923076924,0.0576923076923076
PRINCIPAL N=100,100,OOD_NEAR_masas_asimetricas_03,ood_near,masas_asimetricas,4,3.146114097512113,1,2,0.005022500614736217,0.3076923076923077,0.0076923076923077205,0.5538461538461539,0.05384615384615388,0.8153846153846154,0.01538461538461533,0.923076923076923,0.023076923076922995,0.923076923076923,0.02692307692307694
PRINCIPAL N=100,100,OOD_NEAR_masas_asimetricas_03,ood_near,masas_asimetricas,5,3.932642621890141,1,2,0.0016170940035563474,0.2615384615384616,0.03846153846153838,0.46153846153846156,0.038461538461538436,0.8153846153846154,0.01538461538461533,0.9538461538461538,0.053846153846153766,0.9538461538461538,0.0038461538461538325
PRINCIPAL N=100,100,OOD_NEAR_masas_asimetricas_03,ood_near,masas_asimetricas,6,4.719171146268169,1,2,0.0029103013290556,0.38461538461538464,0.08461538461538465,0.6153846153846154,0.11538461538461542,0.8615384615384615,0.06153846153846143,0.9384615384615385,0.038461538461538436,0.9384615384615385,0.011538461538461497
PRINCIPAL N=100,100,OOD_NEAR_masas_asimetricas_03,ood_near,masas_asimetricas,7,5.505699670646198,1,2,0.002299977314947025,0.3538461538461538,0.05384615384615382,0.6153846153846154,0.11538461538461542,0.7538461538461538,0.04615384615384621,0.8923076923076924,0.007692307692307665,0.8923076923076924,0.0576923076923076
PRINCIPAL N=100,100,OOD_NEAR_masas_asimetricas_03,ood_near,masas_asimetricas,8,6.292228195024227,1,2,0.0020766923789968658,0.26153846153846155,0.038461538461538436,0.4461538461538462,0.05384615384615382,0.8307692307692308,0.03076923076923077,0.923076923076923,0.023076923076922995,0.923076923076923,0.02692307692307694
PRINCIPAL N=100,100,OOD_NEAR_masas_asimetricas_03,ood_near,masas_asimetricas,9,7.0787567194022545,1,2,0.003744856697191758,0.23076923076923075,0.06923076923076923,0.46153846153846156,0.038461538461538436,0.8307692307692307,0.03076923076923066,0.876923076923077,0.023076923076922995,0.876923076923077,0.07307692307692293
PRINCIPAL N=100,100,OOD_NEAR_masas_asimetricas_03,ood_near,masas_asimetricas,10,7.865285243780283,1,2,0.0014059139479206556,0.2923076923076923,0.007692307692307665,0.4769230769230769,0.023076923076923106,0.7692307692307692,0.030769230769230882,0.9538461538461538,0.053846153846153766,0.9538461538461538,0.0038461538461538325
PRINCIPAL N=100,100,OOD_FAR_separatriz_00,ood_far,separatriz,1,0.560161757991949,1,2,0.0006013557659501474,0.27692307692307694,0.02307692307692305,0.4461538461538462,0.05384615384615382,0.7076923076923077,0.09230769230769231,0.9230769230769231,0.023076923076923106,0.9230769230769231,0.026923076923076827
PRINCIPAL N=100,100,OOD_FAR_separatriz_00,ood_far,separatriz,2,1.120323515983898,1,2,0.0017899782075295446,0.4769230769230769,0.1769230769230769,0.6769230769230768,0.17692307692307685,0.8615384615384615,0.06153846153846143,0.9692307692307693,0.06923076923076932,0.9692307692307693,0.019230769230769384
PRINCIPAL N=100,100,OOD_FAR_separatriz_00,ood_far,separatriz,3,1.680485273975847,1,2,0.0011721557131021193,0.23076923076923078,0.0692307692307692,0.476923076923077,0.023076923076922995,0.6923076923076923,0.10769230769230775,0.876923076923077,0.023076923076922995,0.876923076923077,0.07307692307692293
PRINCIPAL N=100,100,OOD_FAR_separatriz_00,ood_far,separatriz,4,2.240647031967796,1,2,0.0016802671726172294,0.49230769230769234,0.19230769230769235,0.6307692307692307,0.13076923076923075,0.8923076923076924,0.09230769230769231,0.9230769230769231,0.023076923076923106,0.9230769230769231,0.026923076923076827
PRINCIPAL N=100,100,OOD_FAR_separatriz_00,ood_far,separatriz,5,2.800808789959745,1,2,0.0016890720511195066,0.23076923076923075,0.06923076923076923,0.6307692307692307,0.13076923076923075,0.7692307692307693,0.03076923076923077,0.8615384615384615,0.03846153846153855,0.8615384615384615,0.08846153846153848
PRINCIPAL N=100,100,OOD_FAR_separatriz_00,ood_far,separatriz,6,3.3609705479516943,1,2,0.0016866660475131987,0.43076923076923085,0.13076923076923086,0.5692307692307692,0.0692307692307692,0.9538461538461538,0.15384615384615374,0.9538461538461538,0.053846153846153766,0.9538461538461538,0.0038461538461538325
PRINCIPAL N=100,100,OOD_FAR_separatriz_00,ood_far,separatriz,7,3.921132305943643,1,2,0.0019628278557681012,0.3846153846153847,0.0846153846153847,0.6769230769230768,0.17692307692307685,0.8615384615384615,0.06153846153846143,0.9076923076923077,0.007692307692307665,0.9076923076923077,0.04230769230769227
PRINCIPAL N=100,100,OOD_FAR_separatriz_00,ood_far,separatriz,8,4.481294063935592,1,2,0.0016958177429214484,0.43076923076923085,0.13076923076923086,0.5692307692307692,0.0692307692307692,0.9384615384615385,0.1384615384615384,0.9692307692307691,0.0692307692307691,0.9692307692307691,0.019230769230769162
PRINCIPAL N=100,100,OOD_FAR_separatriz_00,ood_far,separatriz,9,5.041455821927541,1,2,0.0020837094689123373,0.5692307692307692,0.2692307692307692,0.6461538461538462,0.1461538461538462,0.8923076923076924,0.09230769230769231,0.9692307692307693,0.06923076923076932,0.9692307692307693,0.019230769230769384
PRINCIPAL N=100,100,OOD_FAR_separatriz_00,ood_far,separatriz,10,5.60161757991949,1,2,0.001715550285410821,0.43076923076923085,0.13076923076923086,0.5692307692307692,0.0692307692307692,0.9384615384615385,0.1384615384615384,0.9692307692307691,0.0692307692307691,0.9692307692307691,0.019230769230769162
PRINCIPAL N=100,100,OOD_FAR_separatriz_01,ood_far,separatriz,1,0.5566347864814842,1,2,0.0011403211627969158,0.3538461538461538,0.05384615384615382,0.5846153846153846,0.08461538461538465,0.8461538461538461,0.0461538461538461,0.9538461538461538,0.053846153846153766,0.9538461538461538,0.0038461538461538325
PRINCIPAL N=100,100,OOD_FAR_separatriz_01,ood_far,separatriz,2,1.1132695729629685,1,2,0.00045059060309044516,0.35384615384615387,0.05384615384615388,0.4923076923076922,0.007692307692307776,0.8,0.0,0.9230769230769231,0.023076923076923106,0.9230769230769231,0.026923076923076827
PRINCIPAL N=100,100,OOD_FAR_separatriz_01,ood_far,separatriz,3,1.6699043594444527,1,2,0.0003244609305714562,0.30769230769230765,0.007692307692307665,0.5538461538461539,0.05384615384615388,0.8461538461538461,0.0461538461538461,0.9384615384615385,0.038461538461538436,0.9384615384615385,0.011538461538461497
PRINCIPAL N=100,100,OOD_FAR_separatriz_01,ood_far,separatriz,4,2.226539145925937,1,2,0.000381740009286037,0.16923076923076924,0.13076923076923075,0.2923076923076923,0.20769230769230768,0.8153846153846155,0.015384615384615441,0.8153846153846155,0.08461538461538454,0.8153846153846155,0.13461538461538447
PRINCIPAL N=100,100,OOD_FAR_separatriz_01,ood_far,separatriz,5,2.783173932407421,1,2,0.0003369493465031978,0.3076923076923077,0.0076923076923077205,0.5538461538461539,0.05384615384615388,0.8923076923076924,0.09230769230769231,1.0,0.09999999999999998,1.0,0.050000000000000044
PRINCIPAL N=100,100,OOD_FAR_separatriz_01,ood_far,separatriz,6,3.3398087188889054,1,2,0.00040699629931609753,0.18461538461538463,0.11538461538461536,0.46153846153846156,0.038461538461538436,0.8307692307692308,0.03076923076923077,0.9076923076923077,0.007692307692307665,0.9076923076923077,0.04230769230769227
PRINCIPAL N=100,100,OOD_FAR_separatriz_01,ood_far,separatriz,7,3.8964435053703896,1,2,0.0004631831848448405,0.30769230769230776,0.007692307692307776,0.6923076923076923,0.1923076923076923,0.8923076923076924,0.09230769230769231,0.9846153846153847,0.08461538461538465,0.9846153846153847,0.034615384615384714
PRINCIPAL N=100,100,OOD_FAR_separatriz_01,ood_far,separatriz,8,4.453078291851874,1,2,0.0004296434276824454,0.23076923076923075,0.06923076923076923,0.5538461538461539,0.05384615384615388,0.8153846153846155,0.015384615384615441,0.9692307692307693,0.06923076923076932,0.9692307692307693,0.019230769230769384
PRINCIPAL N=100,100,OOD_FAR_separatriz_01,ood_far,separatriz,9,5.009713078333358,1,2,0.0004991233680930775,0.3384615384615385,0.03846153846153849,0.4615384615384615,0.03846153846153849,0.8923076923076924,0.09230769230769231,0.9846153846153847,0.08461538461538465,0.9846153846153847,0.034615384615384714
PRINCIPAL N=100,100,OOD_FAR_separatriz_01,ood_far,separatriz,10,5.566347864814842,1,2,0.00044649803092857907,0.24615384615384617,0.05384615384615382,0.5846153846153846,0.08461538461538465,0.8615384615384617,0.06153846153846165,0.9692307692307693,0.06923076923076932,0.9692307692307693,0.019230769230769384
PRINCIPAL N=100,100,OOD_FAR_separatriz_02,ood_far,separatriz,1,0.5612747153107003,1,2,0.0010455931697248746,0.13846153846153847,0.16153846153846152,0.3230769230769231,0.1769230769230769,0.7384615384615385,0.06153846153846154,0.876923076923077,0.023076923076922995,0.876923076923077,0.07307692307692293
PRINCIPAL N=100,100,OOD_FAR_separatriz_02,ood_far,separatriz,2,1.1225494306214006,1,2,0.0006421689256900593,0.20000000000000004,0.09999999999999995,0.36923076923076925,0.13076923076923075,0.7076923076923076,0.09230769230769242,0.8307692307692307,0.06923076923076932,0.8307692307692307,0.11923076923076925
PRINCIPAL N=100,100,OOD_FAR_separatriz_02,ood_far,separatriz,3,1.6838241459321008,1,2,0.0007214506228237833,0.4461538461538462,0.1461538461538462,0.7384615384615385,0.2384615384615385,0.9076923076923077,0.10769230769230764,0.9384615384615385,0.038461538461538436,0.9384615384615385,0.011538461538461497
PRINCIPAL N=100,100,OOD_FAR_separatriz_02,ood_far,separatriz,4,2.245098861242801,1,2,0.0006419754873611523,0.2,0.09999999999999998,0.36923076923076925,0.13076923076923075,0.6923076923076923,0.10769230769230775,0.8153846153846154,0.08461538461538465,0.8153846153846154,0.13461538461538458
PRINCIPAL N=100,100,OOD_FAR_separatriz_02,ood_far,separatriz,5,2.8063735765535016,1,2,0.00023611570387916612,0.3230769230769231,0.023076923076923106,0.44615384615384623,0.053846153846153766,0.9384615384615385,0.1384615384615384,0.9692307692307693,0.06923076923076932,0.9692307692307693,0.019230769230769384
PRINCIPAL N=100,100,OOD_FAR_separatriz_02,ood_far,separatriz,6,3.367648291864202,1,2,0.0006428575035218783,0.2,0.09999999999999998,0.36923076923076925,0.13076923076923075,0.6923076923076923,0.10769230769230775,0.8153846153846154,0.08461538461538465,0.8153846153846154,0.13461538461538458
PRINCIPAL N=100,100,OOD_FAR_separatriz_02,ood_far,separatriz,7,3.9289230071749017,1,2,0.00020116997721002255,0.2615384615384616,0.03846153846153838,0.4461538461538462,0.05384615384615382,0.9076923076923077,0.10769230769230764,0.9692307692307693,0.06923076923076932,0.9692307692307693,0.019230769230769384
PRINCIPAL N=100,100,OOD_FAR_separatriz_02,ood_far,separatriz,8,4.490197722485602,1,2,0.0006421262608811565,0.2,0.09999999999999998,0.36923076923076925,0.13076923076923075,0.6923076923076923,0.10769230769230775,0.8153846153846154,0.08461538461538465,0.8153846153846154,0.13461538461538458
PRINCIPAL N=100,100,OOD_FAR_separatriz_02,ood_far,separatriz,9,5.051472437796303,1,2,0.00029868886096300187,0.15384615384615383,0.14615384615384616,0.46153846153846156,0.038461538461538436,0.9076923076923077,0.10769230769230764,0.9538461538461538,0.053846153846153766,0.9538461538461538,0.0038461538461538325
PRINCIPAL N=100,100,OOD_FAR_separatriz_02,ood_far,separatriz,10,5.612747153107003,1,2,0.0006406708722150134,0.2,0.09999999999999998,0.36923076923076925,0.13076923076923075,0.6923076923076923,0.10769230769230775,0.8153846153846154,0.08461538461538465,0.8153846153846154,0.13461538461538458
PRINCIPAL N=100,100,OOD_FAR_separatriz_03,ood_far,separatriz,1,0.5621716527502312,1,2,0.0017152872220868552,0.27692307692307694,0.02307692307692305,0.43076923076923085,0.06923076923076915,0.8153846153846154,0.01538461538461533,0.9230769230769231,0.023076923076923106,0.9230769230769231,0.026923076923076827
PRINCIPAL N=100,100,OOD_FAR_separatriz_03,ood_far,separatriz,2,1.1243433055004624,1,2,0.002185599288915838,0.27692307692307694,0.02307692307692305,0.38461538461538464,0.11538461538461536,0.7846153846153847,0.01538461538461533,0.923076923076923,0.023076923076922995,0.923076923076923,0.02692307692307694
PRINCIPAL N=100,100,OOD_FAR_separatriz_03,ood_far,separatriz,3,1.6865149582506935,1,2,0.0013374559601101999,0.26153846153846155,0.038461538461538436,0.4461538461538462,0.05384615384615382,0.8153846153846155,0.015384615384615441,0.8615384615384615,0.03846153846153855,0.8615384615384615,0.08846153846153848
PRINCIPAL N=100,100,OOD_FAR_separatriz_03,ood_far,separatriz,4,2.2486866110009247,1,2,0.0024068926134216346,0.27692307692307694,0.02307692307692305,0.36923076923076925,0.13076923076923075,0.8,0.0,0.9692307692307693,0.06923076923076932,0.9692307692307693,0.019230769230769384
PRINCIPAL N=100,100,OOD_FAR_separatriz_03,ood_far,separatriz,5,2.8108582637511557,1,2,0.0022063567044698336,0.26153846153846155,0.038461538461538436,0.43076923076923074,0.06923076923076926,0.8153846153846155,0.015384615384615441,0.8615384615384615,0.03846153846153855,0.8615384615384615,0.08846153846153848
PRINCIPAL N=100,100,OOD_FAR_separatriz_03,ood_far,separatriz,6,3.3730299165013866,1,2,0.002563229045829312,0.2615384615384615,0.03846153846153849,0.36923076923076925,0.13076923076923075,0.8,0.0,0.8923076923076924,0.007692307692307665,0.8923076923076924,0.0576923076923076
PRINCIPAL N=100,100,OOD_FAR_separatriz_03,ood_far,separatriz,7,3.9352015692516185,1,2,0.0025973507744416805,0.2615384615384616,0.03846153846153838,0.3846153846153846,0.11538461538461542,0.8,0.0,0.8615384615384615,0.03846153846153855,0.8615384615384615,0.08846153846153848
PRINCIPAL N=100,100,OOD_FAR_separatriz_03,ood_far,separatriz,8,4.497373222001849,1,2,0.002715283758184359,0.2615384615384615,0.03846153846153849,0.38461538461538464,0.11538461538461536,0.8,0.0,0.9846153846153847,0.08461538461538465,0.9846153846153847,0.034615384615384714
PRINCIPAL N=100,100,OOD_FAR_separatriz_03,ood_far,separatriz,9,5.05954487475208,1,2,0.002617171411865858,0.2615384615384615,0.03846153846153849,0.43076923076923074,0.06923076923076926,0.7846153846153847,0.01538461538461533,0.8615384615384615,0.03846153846153855,0.8615384615384615,0.08846153846153848
PRINCIPAL N=100,100,OOD_FAR_separatriz_03,ood_far,separatriz,10,5.621716527502311,1,2,0.0028537447332307856,0.2615384615384615,0.03846153846153849,0.3692307692307692,0.1307692307692308,0.8307692307692308,0.03076923076923077,0.9076923076923077,0.007692307692307665,0.9076923076923077,0.04230769230769227
PRINCIPAL N=100,100,OOD_FAR_encuentro_violento_00,ood_far,encuentro_violento,1,0.4029832822545892,2,2,0.00418745118528256,0.27692307692307694,0.02307692307692305,0.4000000000000001,0.09999999999999992,0.8461538461538461,0.0461538461538461,0.9230769230769231,0.023076923076923106,0.9230769230769231,0.026923076923076827
PRINCIPAL N=100,100,OOD_FAR_encuentro_violento_00,ood_far,encuentro_violento,2,0.8059665645091783,2,2,0.5286972683529925,0.2,0.09999999999999998,0.43076923076923085,0.06923076923076915,0.9692307692307693,0.1692307692307693,1.0,0.09999999999999998,1.0,0.050000000000000044
PRINCIPAL N=100,100,OOD_FAR_encuentro_violento_00,ood_far,encuentro_violento,3,1.2089498467637674,2,2,0.007031212065023837,0.2615384615384616,0.03846153846153838,0.676923076923077,0.17692307692307696,0.8461538461538461,0.0461538461538461,0.8923076923076924,0.007692307692307665,0.8923076923076924,0.0576923076923076
PRINCIPAL N=100,100,OOD_FAR_encuentro_violento_00,ood_far,encuentro_violento,4,1.6119331290183565,2,2,0.007495520997149732,0.27692307692307694,0.02307692307692305,0.5538461538461539,0.05384615384615388,0.7846153846153846,0.015384615384615441,0.923076923076923,0.023076923076922995,0.923076923076923,0.02692307692307694
PRINCIPAL N=100,100,OOD_FAR_encuentro_violento_00,ood_far,encuentro_violento,5,2.014916411272946,2,2,0.20720557450978,0.2,0.09999999999999998,0.3692307692307692,0.1307692307692308,0.7384615384615384,0.06153846153846165,0.8461538461538461,0.05384615384615388,0.8461538461538461,0.10384615384615381
PRINCIPAL N=100,100,OOD_FAR_encuentro_violento_00,ood_far,encuentro_violento,6,2.417899693527535,2,2,0.01786798049591253,0.3230769230769231,0.023076923076923106,0.6615384615384615,0.16153846153846152,0.9538461538461538,0.15384615384615374,0.9692307692307693,0.06923076923076932,0.9692307692307693,0.019230769230769384
PRINCIPAL N=100,100,OOD_FAR_encuentro_violento_00,ood_far,encuentro_violento,7,2.820882975782124,2,2,0.011888491378102972,0.24615384615384617,0.05384615384615382,0.6153846153846153,0.11538461538461531,0.8923076923076924,0.09230769230769231,0.9384615384615385,0.038461538461538436,0.9384615384615385,0.011538461538461497
PRINCIPAL N=100,100,OOD_FAR_encuentro_violento_00,ood_far,encuentro_violento,8,3.223866258036713,2,2,0.09373131285536038,0.18461538461538463,0.11538461538461536,0.2923076923076923,0.20769230769230768,0.7384615384615385,0.06153846153846154,0.8307692307692308,0.0692307692307692,0.8307692307692308,0.11923076923076914
PRINCIPAL N=100,100,OOD_FAR_encuentro_violento_00,ood_far,encuentro_violento,9,3.6268495402913024,2,2,0.026311993686125024,0.4461538461538462,0.1461538461538462,0.6461538461538461,0.14615384615384608,0.9538461538461538,0.15384615384615374,0.9692307692307693,0.06923076923076932,0.9692307692307693,0.019230769230769384
PRINCIPAL N=100,100,OOD_FAR_encuentro_violento_00,ood_far,encuentro_violento,10,4.029832822545892,2,2,0.010184484104674832,0.3076923076923077,0.0076923076923077205,0.49230769230769234,0.007692307692307665,0.9538461538461538,0.15384615384615374,1.0,0.09999999999999998,1.0,0.050000000000000044
PRINCIPAL N=100,100,OOD_FAR_encuentro_violento_01,ood_far,encuentro_violento,1,0.2897329888251865,2,2,0.06155495973264021,0.3846153846153846,0.08461538461538459,0.5384615384615385,0.03846153846153855,0.9384615384615385,0.1384615384615384,0.9538461538461538,0.053846153846153766,0.9538461538461538,0.0038461538461538325
PRINCIPAL N=100,100,OOD_FAR_encuentro_violento_01,ood_far,encuentro_violento,2,0.579465977650373,2,2,0.009088753893361935,0.2923076923076923,0.007692307692307665,0.5230769230769231,0.023076923076923106,0.8153846153846155,0.015384615384615441,0.9076923076923077,0.007692307692307665,0.9076923076923077,0.04230769230769227
PRINCIPAL N=100,100,OOD_FAR_encuentro_violento_01,ood_far,encuentro_violento,3,0.8691989664755595,2,2,0.03777658375454555,0.3846153846153847,0.0846153846153847,0.4923076923076922,0.007692307692307776,0.8615384615384615,0.06153846153846143,0.9538461538461538,0.053846153846153766,0.9538461538461538,0.0038461538461538325
PRINCIPAL N=100,100,OOD_FAR_encuentro_violento_01,ood_far,encuentro_violento,4,1.158931955300746,2,2,0.020117132883945406,0.2615384615384616,0.03846153846153838,0.5692307692307692,0.0692307692307692,0.8,0.0,0.923076923076923,0.023076923076922995,0.923076923076923,0.02692307692307694
PRINCIPAL N=100,100,OOD_FAR_encuentro_violento_01,ood_far,encuentro_violento,5,1.4486649441259325,2,2,0.022142902748743264,0.26153846153846155,0.038461538461538436,0.4769230769230769,0.023076923076923106,0.8923076923076924,0.09230769230769231,0.9538461538461538,0.053846153846153766,0.9538461538461538,0.0038461538461538325
PRINCIPAL N=100,100,OOD_FAR_encuentro_violento_01,ood_far,encuentro_violento,6,1.738397932951119,2,2,0.0196973429792656,0.27692307692307694,0.02307692307692305,0.5846153846153846,0.08461538461538465,0.8923076923076924,0.09230769230769231,0.9076923076923077,0.007692307692307665,0.9076923076923077,0.04230769230769227
PRINCIPAL N=100,100,OOD_FAR_encuentro_violento_01,ood_far,encuentro_violento,7,2.0281309217763055,2,2,0.02342799734738053,0.2923076923076923,0.007692307692307665,0.5846153846153845,0.08461538461538454,0.8615384615384615,0.06153846153846143,0.9230769230769231,0.023076923076923106,0.9230769230769231,0.026923076923076827
PRINCIPAL N=100,100,OOD_FAR_encuentro_violento_01,ood_far,encuentro_violento,8,2.317863910601492,2,2,0.018701915830109272,0.26153846153846155,0.038461538461538436,0.41538461538461535,0.08461538461538465,0.8307692307692307,0.03076923076923066,0.9538461538461538,0.053846153846153766,0.9538461538461538,0.0038461538461538325
PRINCIPAL N=100,100,OOD_FAR_encuentro_violento_01,ood_far,encuentro_violento,9,2.6075968994266785,2,2,0.03347643379736616,0.21538461538461542,0.08461538461538456,0.4769230769230769,0.023076923076923106,0.8615384615384617,0.06153846153846165,0.9538461538461538,0.053846153846153766,0.9538461538461538,0.0038461538461538325
PRINCIPAL N=100,100,OOD_FAR_encuentro_violento_01,ood_far,encuentro_violento,10,2.897329888251865,2,2,0.0298808458473138,0.27692307692307694,0.02307692307692305,0.4,0.09999999999999998,0.7692307692307693,0.03076923076923077,0.8615384615384615,0.03846153846153855,0.8615384615384615,0.08846153846153848
PRINCIPAL N=100,100,OOD_FAR_encuentro_violento_02,ood_far,encuentro_violento,1,0.4384302918925199,3,3,0.003546897259732356,0.24615384615384617,0.05384615384615382,0.5230769230769231,0.023076923076923106,0.9384615384615385,0.1384615384615384,0.9692307692307693,0.06923076923076932,0.9692307692307693,0.019230769230769384
PRINCIPAL N=100,100,OOD_FAR_encuentro_violento_02,ood_far,encuentro_violento,2,0.8768605837850398,3,3,0.02680970290629713,0.2615384615384616,0.03846153846153838,0.476923076923077,0.023076923076922995,0.8615384615384615,0.06153846153846143,0.9076923076923077,0.007692307692307665,0.9076923076923077,0.04230769230769227
PRINCIPAL N=100,100,OOD_FAR_encuentro_violento_02,ood_far,encuentro_violento,3,1.3152908756775599,3,3,0.0257443126195142,0.2615384615384615,0.03846153846153849,0.43076923076923085,0.06923076923076915,0.876923076923077,0.07692307692307698,0.9692307692307693,0.06923076923076932,0.9692307692307693,0.019230769230769384
PRINCIPAL N=100,100,OOD_FAR_encuentro_violento_02,ood_far,encuentro_violento,4,1.7537211675700797,3,3,0.022281785022227742,0.23076923076923075,0.06923076923076923,0.5076923076923077,0.007692307692307665,0.8461538461538461,0.0461538461538461,0.9076923076923077,0.007692307692307665,0.9076923076923077,0.04230769230769227
PRINCIPAL N=100,100,OOD_FAR_encuentro_violento_02,ood_far,encuentro_violento,5,2.1921514594625995,3,3,0.014489963286828108,0.2923076923076923,0.007692307692307665,0.5846153846153846,0.08461538461538465,0.876923076923077,0.07692307692307698,0.9538461538461538,0.053846153846153766,0.9538461538461538,0.0038461538461538325
PRINCIPAL N=100,100,OOD_FAR_encuentro_violento_02,ood_far,encuentro_violento,6,2.6305817513551193,3,3,0.008713854735151443,0.3384615384615385,0.03846153846153849,0.5846153846153846,0.08461538461538465,0.8461538461538461,0.0461538461538461,0.9692307692307693,0.06923076923076932,0.9692307692307693,0.019230769230769384
PRINCIPAL N=100,100,OOD_FAR_encuentro_violento_02,ood_far,encuentro_violento,7,3.0690120432476395,3,3,0.005997191815311264,0.30769230769230765,0.007692307692307665,0.6153846153846153,0.11538461538461531,0.8307692307692307,0.03076923076923066,0.9692307692307693,0.06923076923076932,0.9692307692307693,0.019230769230769384
PRINCIPAL N=100,100,OOD_FAR_encuentro_violento_02,ood_far,encuentro_violento,8,3.5074423351401594,3,3,0.006150777370479463,0.2923076923076923,0.007692307692307665,0.6153846153846153,0.11538461538461531,0.9692307692307693,0.1692307692307693,1.0,0.09999999999999998,1.0,0.050000000000000044
PRINCIPAL N=100,100,OOD_FAR_encuentro_violento_02,ood_far,encuentro_violento,9,3.945872627032679,3,3,0.0031911148382526245,0.3230769230769231,0.023076923076923106,0.5692307692307692,0.0692307692307692,0.9076923076923077,0.10769230769230764,0.9384615384615385,0.038461538461538436,0.9384615384615385,0.011538461538461497
PRINCIPAL N=100,100,OOD_FAR_encuentro_violento_02,ood_far,encuentro_violento,10,4.384302918925199,3,3,0.003369150208239803,0.3076923076923077,0.0076923076923077205,0.4153846153846154,0.08461538461538459,0.8,0.0,0.8615384615384615,0.03846153846153855,0.8615384615384615,0.08846153846153848
PRINCIPAL N=100,100,OOD_FAR_encuentro_violento_03,ood_far,encuentro_violento,1,0.3049076340024614,3,3,0.003739161614514501,0.32307692307692304,0.02307692307692305,0.6,0.09999999999999998,0.9076923076923077,0.10769230769230764,0.9538461538461538,0.053846153846153766,0.9538461538461538,0.0038461538461538325
PRINCIPAL N=100,100,OOD_FAR_encuentro_violento_03,ood_far,encuentro_violento,2,0.6098152680049229,3,3,0.004038470470391164,0.2923076923076923,0.007692307692307665,0.4769230769230769,0.023076923076923106,0.876923076923077,0.07692307692307698,0.9384615384615385,0.038461538461538436,0.9384615384615385,0.011538461538461497
PRINCIPAL N=100,100,OOD_FAR_encuentro_violento_03,ood_far,encuentro_violento,3,0.9147229020073844,4,4,0.00014072504940955988,0.30769230769230765,0.007692307692307665,0.5846153846153845,0.08461538461538454,0.8769230769230768,0.07692307692307676,0.9538461538461538,0.053846153846153766,0.9538461538461538,0.0038461538461538325
PRINCIPAL N=100,100,OOD_FAR_encuentro_violento_03,ood_far,encuentro_violento,4,1.2196305360098458,3,3,0.00260930227778218,0.27692307692307694,0.02307692307692305,0.4769230769230769,0.023076923076923106,0.7538461538461539,0.0461538461538461,0.8307692307692307,0.06923076923076932,0.8307692307692307,0.11923076923076925
PRINCIPAL N=100,100,OOD_FAR_encuentro_violento_03,ood_far,encuentro_violento,5,1.5245381700123073,4,4,0.0004836277987391114,0.35384615384615387,0.05384615384615388,0.5538461538461539,0.05384615384615388,0.8307692307692308,0.03076923076923077,0.8461538461538461,0.05384615384615388,0.8461538461538461,0.10384615384615381
PRINCIPAL N=100,100,OOD_FAR_encuentro_violento_03,ood_far,encuentro_violento,6,1.8294458040147688,4,4,0.0009008667679661307,0.2923076923076923,0.007692307692307665,0.49230769230769234,0.007692307692307665,0.7076923076923076,0.09230769230769242,0.876923076923077,0.023076923076922995,0.876923076923077,0.07307692307692293
PRINCIPAL N=100,100,OOD_FAR_encuentro_violento_03,ood_far,encuentro_violento,7,2.13435343801723,5,5,0.0004866995250009555,0.35384615384615387,0.05384615384615388,0.5692307692307693,0.06923076923076932,0.8923076923076924,0.09230769230769231,0.9384615384615385,0.038461538461538436,0.9384615384615385,0.011538461538461497
PRINCIPAL N=100,100,OOD_FAR_encuentro_violento_03,ood_far,encuentro_violento,8,2.4392610720196917,5,5,0.00014875433909491203,0.3384615384615385,0.03846153846153849,0.6153846153846154,0.11538461538461542,0.8307692307692308,0.03076923076923077,0.9076923076923077,0.007692307692307665,0.9076923076923077,0.04230769230769227
PRINCIPAL N=100,100,OOD_FAR_encuentro_violento_03,ood_far,encuentro_violento,9,2.744168706022153,5,5,0.00014884110417471874,0.3384615384615384,0.038461538461538436,0.6153846153846153,0.11538461538461531,0.8615384615384617,0.06153846153846165,0.9384615384615385,0.038461538461538436,0.9384615384615385,0.011538461538461497
PRINCIPAL N=100,100,OOD_FAR_encuentro_violento_03,ood_far,encuentro_violento,10,3.049076340024614,5,5,6.406820987668565e-05,0.3384615384615385,0.03846153846153849,0.5538461538461539,0.05384615384615388,0.7846153846153847,0.01538461538461533,0.9230769230769231,0.023076923076923106,0.9230769230769231,0.026923076923076827
PRINCIPAL N=100,100,OOD_FAR_escape_temprano_00,ood_far,escape_temprano,1,0.7830244004640371,1,2,0.0017548565828947441,0.2,0.09999999999999998,0.5384615384615385,0.03846153846153855,0.8,0.0,0.876923076923077,0.023076923076922995,0.876923076923077,0.07307692307692293
PRINCIPAL N=100,100,OOD_FAR_escape_temprano_00,ood_far,escape_temprano,2,1.5660488009280742,1,2,0.0012208924456901201,0.35384615384615387,0.05384615384615388,0.5692307692307692,0.0692307692307692,0.8,0.0,0.9076923076923077,0.007692307692307665,0.9076923076923077,0.04230769230769227
PRINCIPAL N=100,100,OOD_FAR_escape_temprano_00,ood_far,escape_temprano,3,2.349073201392111,1,2,0.002011914210793607,0.4,0.10000000000000003,0.6461538461538462,0.1461538461538462,0.9076923076923077,0.10769230769230764,0.9384615384615385,0.038461538461538436,0.9384615384615385,0.011538461538461497
PRINCIPAL N=100,100,OOD_FAR_escape_temprano_00,ood_far,escape_temprano,4,3.1320976018561484,1,2,0.001327937575774546,0.27692307692307694,0.02307692307692305,0.5230769230769231,0.023076923076923106,0.8461538461538461,0.0461538461538461,0.923076923076923,0.023076923076922995,0.923076923076923,0.02692307692307694
PRINCIPAL N=100,100,OOD_FAR_escape_temprano_00,ood_far,escape_temprano,5,3.9151220023201856,1,2,0.0021766002068351435,0.35384615384615387,0.05384615384615388,0.6153846153846154,0.11538461538461542,0.8615384615384617,0.06153846153846165,0.9692307692307691,0.0692307692307691,0.9692307692307691,0.019230769230769162
PRINCIPAL N=100,100,OOD_FAR_escape_temprano_00,ood_far,escape_temprano,6,4.698146402784222,1,2,0.0014259823052336594,0.3384615384615385,0.03846153846153849,0.5230769230769231,0.023076923076923106,0.8923076923076924,0.09230769230769231,0.9384615384615385,0.038461538461538436,0.9384615384615385,0.011538461538461497
PRINCIPAL N=100,100,OOD_FAR_escape_temprano_00,ood_far,escape_temprano,7,5.48117080324826,1,2,0.002083370946714257,0.35384615384615387,0.05384615384615388,0.6153846153846154,0.11538461538461542,0.8769230769230768,0.07692307692307676,0.9076923076923077,0.007692307692307665,0.9076923076923077,0.04230769230769227
PRINCIPAL N=100,100,OOD_FAR_escape_temprano_00,ood_far,escape_temprano,8,6.264195203712297,1,2,0.001508971596202288,0.3230769230769231,0.023076923076923106,0.5846153846153845,0.08461538461538454,0.8923076923076924,0.09230769230769231,0.9384615384615385,0.038461538461538436,0.9384615384615385,0.011538461538461497
PRINCIPAL N=100,100,OOD_FAR_escape_temprano_00,ood_far,escape_temprano,9,7.047219604176334,1,2,0.0020566646695046446,0.4,0.10000000000000003,0.6461538461538462,0.1461538461538462,0.8461538461538461,0.0461538461538461,0.9076923076923077,0.007692307692307665,0.9076923076923077,0.04230769230769227
PRINCIPAL N=100,100,OOD_FAR_escape_temprano_00,ood_far,escape_temprano,10,7.830244004640371,1,2,0.0015985251052890593,0.4461538461538462,0.1461538461538462,0.6,0.09999999999999998,0.9076923076923077,0.10769230769230764,0.9384615384615385,0.038461538461538436,0.9384615384615385,0.011538461538461497
PRINCIPAL N=100,100,OOD_FAR_escape_temprano_01,ood_far,escape_temprano,1,0.7656515789155334,1,2,0.0003262460053091997,0.26153846153846155,0.038461538461538436,0.5846153846153846,0.08461538461538465,0.9230769230769231,0.12307692307692308,0.9384615384615385,0.038461538461538436,0.9384615384615385,0.011538461538461497
PRINCIPAL N=100,100,OOD_FAR_escape_temprano_01,ood_far,escape_temprano,2,1.5313031578310667,1,2,0.0005514550839068409,0.4,0.10000000000000003,0.6,0.09999999999999998,0.8615384615384615,0.06153846153846143,0.923076923076923,0.023076923076922995,0.923076923076923,0.02692307692307694
PRINCIPAL N=100,100,OOD_FAR_escape_temprano_01,ood_far,escape_temprano,3,2.2969547367466,1,2,0.0006466999745058144,0.3384615384615385,0.03846153846153849,0.6769230769230768,0.17692307692307685,0.8923076923076924,0.09230769230769231,0.8923076923076924,0.007692307692307665,0.8923076923076924,0.0576923076923076
PRINCIPAL N=100,100,OOD_FAR_escape_temprano_01,ood_far,escape_temprano,4,3.0626063156621335,1,2,0.0005227494273043164,0.43076923076923074,0.13076923076923075,0.5538461538461539,0.05384615384615388,0.8307692307692308,0.03076923076923077,0.9076923076923077,0.007692307692307665,0.9076923076923077,0.04230769230769227
PRINCIPAL N=100,100,OOD_FAR_escape_temprano_01,ood_far,escape_temprano,5,3.828257894577667,1,2,0.0007402912119449992,0.21538461538461542,0.08461538461538456,0.4615384615384615,0.03846153846153849,0.8153846153846155,0.015384615384615441,0.9384615384615385,0.038461538461538436,0.9384615384615385,0.011538461538461497
PRINCIPAL N=100,100,OOD_FAR_escape_temprano_01,ood_far,escape_temprano,6,4.5939094734932,1,2,0.0005538259571035771,0.3384615384615385,0.03846153846153849,0.6615384615384616,0.16153846153846163,0.9384615384615385,0.1384615384615384,0.953846153846154,0.05384615384615399,0.953846153846154,0.0038461538461540545
PRINCIPAL N=100,100,OOD_FAR_escape_temprano_01,ood_far,escape_temprano,7,5.359561052408734,1,2,0.0005945597183313952,0.35384615384615387,0.05384615384615388,0.5846153846153846,0.08461538461538465,0.8923076923076924,0.09230769230769231,0.923076923076923,0.023076923076922995,0.923076923076923,0.02692307692307694
PRINCIPAL N=100,100,OOD_FAR_escape_temprano_01,ood_far,escape_temprano,8,6.125212631324267,1,2,0.0005965255490355955,0.3846153846153847,0.0846153846153847,0.676923076923077,0.17692307692307696,0.9384615384615385,0.1384615384615384,0.9846153846153847,0.08461538461538465,0.9846153846153847,0.034615384615384714
PRINCIPAL N=100,100,OOD_FAR_escape_temprano_01,ood_far,escape_temprano,9,6.8908642102398,1,2,0.0005786957892843659,0.20000000000000004,0.09999999999999995,0.3538461538461538,0.1461538461538462,0.7076923076923076,0.09230769230769242,0.8153846153846154,0.08461538461538465,0.8153846153846154,0.13461538461538458
PRINCIPAL N=100,100,OOD_FAR_escape_temprano_01,ood_far,escape_temprano,10,7.656515789155334,1,2,0.000639009277001916,0.3230769230769231,0.023076923076923106,0.676923076923077,0.17692307692307696,0.9384615384615385,0.1384615384615384,0.9846153846153847,0.08461538461538465,0.9846153846153847,0.034615384615384714
PRINCIPAL N=100,100,OOD_FAR_escape_temprano_02,ood_far,escape_temprano,1,0.804522877107785,1,2,0.0010421613715560526,0.3538461538461538,0.05384615384615382,0.46153846153846156,0.038461538461538436,0.8153846153846154,0.01538461538461533,0.8461538461538461,0.05384615384615388,0.8461538461538461,0.10384615384615381
PRINCIPAL N=100,100,OOD_FAR_escape_temprano_02,ood_far,escape_temprano,2,1.60904575421557,1,2,0.0003855604442670068,0.3384615384615385,0.03846153846153849,0.4769230769230769,0.023076923076923106,0.8307692307692308,0.03076923076923077,0.876923076923077,0.023076923076922995,0.876923076923077,0.07307692307692293
PRINCIPAL N=100,100,OOD_FAR_escape_temprano_02,ood_far,escape_temprano,3,2.413568631323355,1,2,0.0004997650179849362,0.38461538461538464,0.08461538461538465,0.6,0.09999999999999998,0.8615384615384617,0.06153846153846165,0.8615384615384617,0.038461538461538325,0.8615384615384617,0.08846153846153826
PRINCIPAL N=100,100,OOD_FAR_escape_temprano_02,ood_far,escape_temprano,4,3.21809150843114,1,2,0.0003157179670935136,0.3846153846153847,0.0846153846153847,0.5692307692307692,0.0692307692307692,0.7384615384615385,0.06153846153846154,0.7846153846153847,0.11538461538461531,0.7846153846153847,0.16538461538461524
PRINCIPAL N=100,100,OOD_FAR_escape_temprano_02,ood_far,escape_temprano,5,4.022614385538925,1,2,0.000761701753744883,0.3230769230769231,0.023076923076923106,0.6307692307692307,0.13076923076923075,0.9076923076923077,0.10769230769230764,0.9076923076923077,0.007692307692307665,0.9076923076923077,0.04230769230769227
PRINCIPAL N=100,100,OOD_FAR_escape_temprano_02,ood_far,escape_temprano,6,4.82713726264671,1,2,0.0003057816490658821,0.27692307692307694,0.02307692307692305,0.5538461538461539,0.05384615384615388,0.7692307692307692,0.030769230769230882,0.8153846153846154,0.08461538461538465,0.8153846153846154,0.13461538461538458
PRINCIPAL N=100,100,OOD_FAR_escape_temprano_02,ood_far,escape_temprano,7,5.631660139754495,1,2,0.0007175901208755423,0.3384615384615385,0.03846153846153849,0.5384615384615385,0.03846153846153855,0.9230769230769231,0.12307692307692308,0.9846153846153847,0.08461538461538465,0.9846153846153847,0.034615384615384714
PRINCIPAL N=100,100,OOD_FAR_escape_temprano_02,ood_far,escape_temprano,8,6.43618301686228,1,2,0.00031220294473987485,0.2615384615384616,0.03846153846153838,0.5384615384615385,0.03846153846153855,0.8,0.0,0.8153846153846154,0.08461538461538465,0.8153846153846154,0.13461538461538458
PRINCIPAL N=100,100,OOD_FAR_escape_temprano_02,ood_far,escape_temprano,9,7.240705893970065,1,2,0.0005639409906561949,0.24615384615384617,0.05384615384615382,0.5230769230769232,0.023076923076923217,0.8615384615384617,0.06153846153846165,0.876923076923077,0.023076923076922995,0.876923076923077,0.07307692307692293
PRINCIPAL N=100,100,OOD_FAR_escape_temprano_02,ood_far,escape_temprano,10,8.04522877107785,1,2,0.00032120684258466923,0.23076923076923075,0.06923076923076923,0.523076923076923,0.023076923076922995,0.8,0.0,0.8153846153846154,0.08461538461538465,0.8153846153846154,0.13461538461538458
PRINCIPAL N=100,100,OOD_FAR_escape_temprano_03,ood_far,escape_temprano,1,0.7902209538842365,1,2,0.0013367893241551577,0.27692307692307694,0.02307692307692305,0.5538461538461539,0.05384615384615388,0.8307692307692308,0.03076923076923077,0.9076923076923077,0.007692307692307665,0.9076923076923077,0.04230769230769227
PRINCIPAL N=100,100,OOD_FAR_escape_temprano_03,ood_far,escape_temprano,2,1.5804419077684733,1,2,0.0008112332866744053,0.2461538461538461,0.05384615384615388,0.4769230769230769,0.023076923076923106,0.7538461538461538,0.04615384615384621,0.9384615384615385,0.038461538461538436,0.9384615384615385,0.011538461538461497
PRINCIPAL N=100,100,OOD_FAR_escape_temprano_03,ood_far,escape_temprano,3,2.37066286165271,1,2,0.0005482519225469636,0.2461538461538461,0.05384615384615388,0.5692307692307692,0.0692307692307692,0.9230769230769231,0.12307692307692308,0.953846153846154,0.05384615384615399,0.953846153846154,0.0038461538461540545
PRINCIPAL N=100,100,OOD_FAR_escape_temprano_03,ood_far,escape_temprano,4,3.1608838155369465,1,2,0.0007773403040371058,0.21538461538461537,0.08461538461538462,0.49230769230769234,0.007692307692307665,0.8461538461538464,0.04615384615384632,0.9538461538461538,0.053846153846153766,0.9538461538461538,0.0038461538461538325
PRINCIPAL N=100,100,OOD_FAR_escape_temprano_03,ood_far,escape_temprano,5,3.951104769421183,1,2,0.0006029927255165232,0.2461538461538461,0.05384615384615388,0.5538461538461539,0.05384615384615388,0.8615384615384615,0.06153846153846143,0.9692307692307693,0.06923076923076932,0.9692307692307693,0.019230769230769384
PRINCIPAL N=100,100,OOD_FAR_escape_temprano_03,ood_far,escape_temprano,6,4.74132572330542,1,2,0.0008108566785994682,0.2,0.09999999999999998,0.5384615384615385,0.03846153846153855,0.8153846153846155,0.015384615384615441,0.9384615384615385,0.038461538461538436,0.9384615384615385,0.011538461538461497
PRINCIPAL N=100,100,OOD_FAR_escape_temprano_03,ood_far,escape_temprano,7,5.531546677189656,1,2,0.0007424120575680503,0.23076923076923078,0.0692307692307692,0.5692307692307692,0.0692307692307692,0.8615384615384615,0.06153846153846143,0.9692307692307693,0.06923076923076932,0.9692307692307693,0.019230769230769384
PRINCIPAL N=100,100,OOD_FAR_escape_temprano_03,ood_far,escape_temprano,8,6.321767631073892,1,2,0.0008465054756323729,0.18461538461538463,0.11538461538461536,0.4923076923076922,0.007692307692307776,0.8153846153846155,0.015384615384615441,0.9384615384615385,0.038461538461538436,0.9384615384615385,0.011538461538461497
PRINCIPAL N=100,100,OOD_FAR_escape_temprano_03,ood_far,escape_temprano,9,7.111988584958129,1,2,0.0008112495148985446,0.23076923076923078,0.0692307692307692,0.5692307692307692,0.0692307692307692,0.8615384615384615,0.06153846153846143,0.9692307692307693,0.06923076923076932,0.9692307692307693,0.019230769230769384
PRINCIPAL N=100,100,OOD_FAR_escape_temprano_03,ood_far,escape_temprano,10,7.902209538842365,1,2,0.0008966932938895046,0.2461538461538461,0.05384615384615388,0.523076923076923,0.023076923076922995,0.8307692307692307,0.03076923076923066,0.9384615384615385,0.038461538461538436,0.9384615384615385,0.011538461538461497
PRINCIPAL N=100,100,OOD_FAR_masas_extremas_00,ood_far,masas_extremas,1,0.4039323870261927,1,2,0.0039435065176988745,0.4,0.10000000000000003,0.6153846153846154,0.11538461538461542,0.876923076923077,0.07692307692307698,0.9846153846153847,0.08461538461538465,0.9846153846153847,0.034615384615384714
PRINCIPAL N=100,100,OOD_FAR_masas_extremas_00,ood_far,masas_extremas,2,0.8078647740523854,1,2,0.0032640018282991136,0.3384615384615384,0.038461538461538436,0.676923076923077,0.17692307692307696,0.9538461538461538,0.15384615384615374,0.9846153846153847,0.08461538461538465,0.9846153846153847,0.034615384615384714
PRINCIPAL N=100,100,OOD_FAR_masas_extremas_00,ood_far,masas_extremas,3,1.2117971610785783,1,2,0.0031664324289713505,0.46153846153846156,0.16153846153846158,0.6307692307692306,0.13076923076923064,0.8307692307692308,0.03076923076923077,0.9384615384615385,0.038461538461538436,0.9384615384615385,0.011538461538461497
PRINCIPAL N=100,100,OOD_FAR_masas_extremas_00,ood_far,masas_extremas,4,1.6157295481047709,1,2,0.00336071009274529,0.3384615384615385,0.03846153846153849,0.49230769230769234,0.007692307692307665,0.8307692307692307,0.03076923076923066,0.876923076923077,0.023076923076922995,0.876923076923077,0.07307692307692293
PRINCIPAL N=100,100,OOD_FAR_masas_extremas_00,ood_far,masas_extremas,5,2.0196619351309635,1,2,0.003776893235519613,0.4,0.10000000000000003,0.5692307692307692,0.0692307692307692,0.8153846153846154,0.01538461538461533,0.9538461538461538,0.053846153846153766,0.9538461538461538,0.0038461538461538325
PRINCIPAL N=100,100,OOD_FAR_masas_extremas_00,ood_far,masas_extremas,6,2.423594322157156,1,2,0.002967477828184806,0.3230769230769231,0.023076923076923106,0.5230769230769231,0.023076923076923106,0.8,0.0,0.8615384615384617,0.038461538461538325,0.8615384615384617,0.08846153846153826
PRINCIPAL N=100,100,OOD_FAR_masas_extremas_00,ood_far,masas_extremas,7,2.827526709183349,1,2,0.003779176088430037,0.4461538461538462,0.1461538461538462,0.6153846153846153,0.11538461538461531,0.8615384615384615,0.06153846153846143,0.9384615384615385,0.038461538461538436,0.9384615384615385,0.011538461538461497
PRINCIPAL N=100,100,OOD_FAR_masas_extremas_00,ood_far,masas_extremas,8,3.2314590962095417,1,2,0.0030147474266159816,0.3230769230769231,0.023076923076923106,0.5230769230769231,0.023076923076923106,0.7846153846153847,0.01538461538461533,0.8615384615384615,0.03846153846153855,0.8615384615384615,0.08846153846153848
PRINCIPAL N=100,100,OOD_FAR_masas_extremas_00,ood_far,masas_extremas,9,3.6353914832357344,1,2,0.0038488949094315035,0.4,0.10000000000000003,0.6307692307692309,0.13076923076923086,0.8615384615384615,0.06153846153846143,0.8923076923076924,0.007692307692307665,0.8923076923076924,0.0576923076923076
PRINCIPAL N=100,100,OOD_FAR_masas_extremas_00,ood_far,masas_extremas,10,4.039323870261927,1,2,0.0034345650534271946,0.29230769230769227,0.0076923076923077205,0.6,0.09999999999999998,0.8615384615384617,0.06153846153846165,0.9076923076923078,0.007692307692307776,0.9076923076923078,0.04230769230769216
PRINCIPAL N=100,100,OOD_FAR_masas_extremas_01,ood_far,masas_extremas,1,0.4031805459574681,1,2,0.0005122298332960186,0.36923076923076925,0.06923076923076926,0.6923076923076923,0.1923076923076923,0.9230769230769231,0.12307692307692308,0.9692307692307693,0.06923076923076932,0.9692307692307693,0.019230769230769384
PRINCIPAL N=100,100,OOD_FAR_masas_extremas_01,ood_far,masas_extremas,2,0.8063610919149362,1,2,0.0035909677526929015,0.24615384615384617,0.05384615384615382,0.4153846153846154,0.08461538461538459,0.8307692307692308,0.03076923076923077,0.9230769230769231,0.023076923076923106,0.9230769230769231,0.026923076923076827
PRINCIPAL N=100,100,OOD_FAR_masas_extremas_01,ood_far,masas_extremas,3,1.2095416378724044,1,2,0.002134920376615774,0.23076923076923078,0.0692307692307692,0.49230769230769234,0.007692307692307665,0.8153846153846154,0.01538461538461533,0.9230769230769231,0.023076923076923106,0.9230769230769231,0.026923076923076827
PRINCIPAL N=100,100,OOD_FAR_masas_extremas_01,ood_far,masas_extremas,4,1.6127221838298724,1,2,0.004231533119831333,0.24615384615384617,0.05384615384615382,0.4615384615384615,0.03846153846153849,0.8307692307692308,0.03076923076923077,0.9230769230769231,0.023076923076923106,0.9230769230769231,0.026923076923076827
PRINCIPAL N=100,100,OOD_FAR_masas_extremas_01,ood_far,masas_extremas,5,2.0159027297873404,1,2,0.00250322895615379,0.24615384615384617,0.05384615384615382,0.4769230769230769,0.023076923076923106,0.8307692307692308,0.03076923076923077,0.9230769230769231,0.023076923076923106,0.9230769230769231,0.026923076923076827
PRINCIPAL N=100,100,OOD_FAR_masas_extremas_01,ood_far,masas_extremas,6,2.4190832757448084,1,2,0.003913804939993723,0.24615384615384617,0.05384615384615382,0.4615384615384615,0.03846153846153849,0.8461538461538461,0.0461538461538461,0.9692307692307693,0.06923076923076932,0.9692307692307693,0.019230769230769384
PRINCIPAL N=100,100,OOD_FAR_masas_extremas_01,ood_far,masas_extremas,7,2.822263821702277,1,2,0.0028594553337160282,0.24615384615384617,0.05384615384615382,0.46153846153846156,0.038461538461538436,0.8615384615384617,0.06153846153846165,0.9692307692307693,0.06923076923076932,0.9692307692307693,0.019230769230769384
PRINCIPAL N=100,100,OOD_FAR_masas_extremas_01,ood_far,masas_extremas,8,3.225444367659745,1,2,0.003580770201686647,0.36923076923076925,0.06923076923076926,0.5846153846153846,0.08461538461538465,0.8461538461538461,0.0461538461538461,0.9076923076923077,0.007692307692307665,0.9076923076923077,0.04230769230769227
PRINCIPAL N=100,100,OOD_FAR_masas_extremas_01,ood_far,masas_extremas,9,3.628624913617213,1,2,0.0032770909297855635,0.24615384615384617,0.05384615384615382,0.4461538461538462,0.05384615384615382,0.8615384615384617,0.06153846153846165,0.9692307692307693,0.06923076923076932,0.9692307692307693,0.019230769230769384
PRINCIPAL N=100,100,OOD_FAR_masas_extremas_01,ood_far,masas_extremas,10,4.031805459574681,1,2,0.004101937827768352,0.24615384615384617,0.05384615384615382,0.4615384615384615,0.03846153846153849,0.8307692307692308,0.03076923076923077,0.9230769230769231,0.023076923076923106,0.9230769230769231,0.026923076923076827
PRINCIPAL N=100,100,OOD_FAR_masas_extremas_02,ood_far,masas_extremas,1,0.6055344268403091,1,2,0.0013799140796724029,0.2923076923076923,0.007692307692307665,0.41538461538461535,0.08461538461538465,0.8307692307692308,0.03076923076923077,0.923076923076923,0.023076923076922995,0.923076923076923,0.02692307692307694
PRINCIPAL N=100,100,OOD_FAR_masas_extremas_02,ood_far,masas_extremas,2,1.2110688536806182,1,2,0.0014280043176817167,0.3384615384615385,0.03846153846153849,0.5384615384615384,0.038461538461538436,0.876923076923077,0.07692307692307698,0.9538461538461538,0.053846153846153766,0.9538461538461538,0.0038461538461538325
PRINCIPAL N=100,100,OOD_FAR_masas_extremas_02,ood_far,masas_extremas,3,1.8166032805209273,1,2,0.0024299026133152444,0.3384615384615385,0.03846153846153849,0.5538461538461539,0.05384615384615388,0.8615384615384617,0.06153846153846165,0.9384615384615385,0.038461538461538436,0.9384615384615385,0.011538461538461497
PRINCIPAL N=100,100,OOD_FAR_masas_extremas_02,ood_far,masas_extremas,4,2.4221377073612365,1,2,0.0015296657957295848,0.3230769230769231,0.023076923076923106,0.5230769230769231,0.023076923076923106,0.8615384615384617,0.06153846153846165,0.9230769230769231,0.023076923076923106,0.9230769230769231,0.026923076923076827
PRINCIPAL N=100,100,OOD_FAR_masas_extremas_02,ood_far,masas_extremas,5,3.027672134201546,1,2,0.0013514100745772707,0.3384615384615385,0.03846153846153849,0.6,0.09999999999999998,0.8615384615384615,0.06153846153846143,0.9384615384615385,0.038461538461538436,0.9384615384615385,0.011538461538461497
PRINCIPAL N=100,100,OOD_FAR_masas_extremas_02,ood_far,masas_extremas,6,3.633206561041855,1,2,0.001109474560629953,0.4,0.10000000000000003,0.6461538461538462,0.1461538461538462,0.8615384615384615,0.06153846153846143,0.9384615384615385,0.038461538461538436,0.9384615384615385,0.011538461538461497
PRINCIPAL N=100,100,OOD_FAR_masas_extremas_02,ood_far,masas_extremas,7,4.238740987882164,1,2,0.0014152063831554046,0.3538461538461538,0.05384615384615382,0.5692307692307692,0.0692307692307692,0.8923076923076924,0.09230769230769231,0.923076923076923,0.023076923076922995,0.923076923076923,0.02692307692307694
PRINCIPAL N=100,100,OOD_FAR_masas_extremas_02,ood_far,masas_extremas,8,4.844275414722473,1,2,0.0016975873728681773,0.3538461538461538,0.05384615384615382,0.6,0.09999999999999998,0.876923076923077,0.07692307692307698,0.9692307692307693,0.06923076923076932,0.9692307692307693,0.019230769230769384
PRINCIPAL N=100,100,OOD_FAR_masas_extremas_02,ood_far,masas_extremas,9,5.449809841562782,1,2,0.000774879685030432,0.3076923076923077,0.0076923076923077205,0.5538461538461539,0.05384615384615388,0.7692307692307693,0.03076923076923077,0.923076923076923,0.023076923076922995,0.923076923076923,0.02692307692307694
PRINCIPAL N=100,100,OOD_FAR_masas_extremas_02,ood_far,masas_extremas,10,6.055344268403092,1,2,0.0015744701519119636,0.35384615384615387,0.05384615384615388,0.5846153846153845,0.08461538461538454,0.8923076923076924,0.09230769230769231,0.923076923076923,0.023076923076922995,0.923076923076923,0.02692307692307694
PRINCIPAL N=100,100,OOD_FAR_masas_extremas_03,ood_far,masas_extremas,1,0.477650591694929,1,2,0.0008197661376069052,0.3846153846153847,0.0846153846153847,0.5846153846153846,0.08461538461538465,0.9538461538461538,0.15384615384615374,1.0,0.09999999999999998,1.0,0.050000000000000044
PRINCIPAL N=100,100,OOD_FAR_masas_extremas_03,ood_far,masas_extremas,2,0.9553011833898579,1,2,0.0019387486135553466,0.27692307692307694,0.02307692307692305,0.36923076923076925,0.13076923076923075,0.876923076923077,0.07692307692307698,0.9538461538461538,0.053846153846153766,0.9538461538461538,0.0038461538461538325
PRINCIPAL N=100,100,OOD_FAR_masas_extremas_03,ood_far,masas_extremas,3,1.4329517750847869,1,2,0.0026927365658153,0.3076923076923077,0.0076923076923077205,0.5230769230769231,0.023076923076923106,0.8461538461538461,0.0461538461538461,0.9384615384615385,0.038461538461538436,0.9384615384615385,0.011538461538461497
PRINCIPAL N=100,100,OOD_FAR_masas_extremas_03,ood_far,masas_extremas,4,1.9106023667797158,1,2,0.0021321476510312736,0.3384615384615385,0.03846153846153849,0.5538461538461539,0.05384615384615388,0.7538461538461538,0.04615384615384621,0.8615384615384615,0.03846153846153855,0.8615384615384615,0.08846153846153848
PRINCIPAL N=100,100,OOD_FAR_masas_extremas_03,ood_far,masas_extremas,5,2.388252958474645,1,2,0.0017545821797141949,0.3384615384615385,0.03846153846153849,0.4615384615384615,0.03846153846153849,0.8461538461538461,0.0461538461538461,0.9384615384615385,0.038461538461538436,0.9384615384615385,0.011538461538461497
PRINCIPAL N=100,100,OOD_FAR_masas_extremas_03,ood_far,masas_extremas,6,2.865903550169574,1,2,0.0017648337475161997,0.23076923076923078,0.0692307692307692,0.5230769230769231,0.023076923076923106,0.8615384615384617,0.06153846153846165,0.9846153846153847,0.08461538461538465,0.9846153846153847,0.034615384615384714
PRINCIPAL N=100,100,OOD_FAR_masas_extremas_03,ood_far,masas_extremas,7,3.343554141864503,1,2,0.0011854779481633917,0.18461538461538463,0.11538461538461536,0.523076923076923,0.023076923076922995,0.7538461538461538,0.04615384615384621,0.8615384615384615,0.03846153846153855,0.8615384615384615,0.08846153846153848
PRINCIPAL N=100,100,OOD_FAR_masas_extremas_03,ood_far,masas_extremas,8,3.8212047335594317,1,2,0.0019501035394335398,0.4,0.10000000000000003,0.5846153846153846,0.08461538461538465,0.9230769230769231,0.12307692307692308,1.0,0.09999999999999998,1.0,0.050000000000000044
PRINCIPAL N=100,100,OOD_FAR_masas_extremas_03,ood_far,masas_extremas,9,4.298855325254361,1,2,0.00168998794745093,0.21538461538461542,0.08461538461538456,0.523076923076923,0.023076923076922995,0.7538461538461538,0.04615384615384621,0.8153846153846155,0.08461538461538454,0.8153846153846155,0.13461538461538447
PRINCIPAL N=100,100,OOD_FAR_masas_extremas_03,ood_far,masas_extremas,10,4.77650591694929,1,2,0.002290602917726369,0.30769230769230765,0.007692307692307665,0.5692307692307692,0.0692307692307692,0.9230769230769231,0.12307692307692308,1.0,0.09999999999999998,1.0,0.050000000000000044
PRINCIPAL N=100,100,OOD_FAR_no_virializado_00,ood_far,no_virializado,1,1.5,8,8,1.5561290543325235e-07,0.3384615384615385,0.03846153846153849,0.6,0.09999999999999998,0.9384615384615385,0.1384615384615384,0.9692307692307693,0.06923076923076932,0.9692307692307693,0.019230769230769384
PRINCIPAL N=100,100,OOD_FAR_no_virializado_00,ood_far,no_virializado,2,3.0,7,7,5.724377723290372e-07,0.3692307692307692,0.0692307692307692,0.5538461538461539,0.05384615384615388,0.9076923076923077,0.10769230769230764,0.923076923076923,0.023076923076922995,0.923076923076923,0.02692307692307694
PRINCIPAL N=100,100,OOD_FAR_no_virializado_00,ood_far,no_virializado,3,4.5,7,7,3.3714209116164277e-07,0.4153846153846154,0.11538461538461542,0.6307692307692307,0.13076923076923075,0.8153846153846154,0.01538461538461533,0.923076923076923,0.023076923076922995,0.923076923076923,0.02692307692307694
PRINCIPAL N=100,100,OOD_FAR_no_virializado_00,ood_far,no_virializado,4,6.0,5,5,1.0519785694582578e-05,0.4,0.10000000000000003,0.6,0.09999999999999998,0.8923076923076924,0.09230769230769231,0.9538461538461538,0.053846153846153766,0.9538461538461538,0.0038461538461538325
PRINCIPAL N=100,100,OOD_FAR_no_virializado_00,ood_far,no_virializado,5,7.5,1,2,0.0013749593793464779,0.18461538461538463,0.11538461538461536,0.4,0.09999999999999998,0.8615384615384615,0.06153846153846143,0.8923076923076924,0.007692307692307665,0.8923076923076924,0.0576923076923076
PRINCIPAL N=100,100,OOD_FAR_no_virializado_00,ood_far,no_virializado,6,9.0,3,3,0.0004212513920072352,0.3538461538461538,0.05384615384615382,0.5076923076923077,0.007692307692307665,0.7384615384615384,0.06153846153846165,0.876923076923077,0.023076923076922995,0.876923076923077,0.07307692307692293
PRINCIPAL N=100,100,OOD_FAR_no_virializado_00,ood_far,no_virializado,7,10.5,5,5,2.2008314044060786e-05,0.3846153846153847,0.0846153846153847,0.5846153846153846,0.08461538461538465,0.8,0.0,0.9538461538461538,0.053846153846153766,0.9538461538461538,0.0038461538461538325
PRINCIPAL N=100,100,OOD_FAR_no_virializado_00,ood_far,no_virializado,8,12.0,6,6,4.837268385048377e-06,0.43076923076923085,0.13076923076923086,0.5692307692307693,0.06923076923076932,0.7384615384615385,0.06153846153846154,0.876923076923077,0.023076923076922995,0.876923076923077,0.07307692307692293
PRINCIPAL N=100,100,OOD_FAR_no_virializado_00,ood_far,no_virializado,9,13.5,6,6,8.05743330787106e-06,0.3538461538461538,0.05384615384615382,0.5538461538461539,0.05384615384615388,0.876923076923077,0.07692307692307698,0.876923076923077,0.023076923076922995,0.876923076923077,0.07307692307692293
PRINCIPAL N=100,100,OOD_FAR_no_virializado_00,ood_far,no_virializado,10,15.0,6,6,9.851579994009696e-06,0.35384615384615387,0.05384615384615388,0.5846153846153846,0.08461538461538465,0.7538461538461539,0.0461538461538461,0.8923076923076924,0.007692307692307665,0.8923076923076924,0.0576923076923076
PRINCIPAL N=100,100,OOD_FAR_no_virializado_01,ood_far,no_virializado,1,1.5,8,8,1.623964674007862e-07,0.35384615384615387,0.05384615384615388,0.5846153846153845,0.08461538461538454,0.7846153846153847,0.01538461538461533,0.876923076923077,0.023076923076922995,0.876923076923077,0.07307692307692293
PRINCIPAL N=100,100,OOD_FAR_no_virializado_01,ood_far,no_virializado,2,3.0,8,8,2.160385287996597e-05,0.3230769230769231,0.023076923076923106,0.5384615384615385,0.03846153846153855,0.8615384615384617,0.06153846153846165,0.9230769230769231,0.023076923076923106,0.9230769230769231,0.026923076923076827
PRINCIPAL N=100,100,OOD_FAR_no_virializado_01,ood_far,no_virializado,3,4.5,7,7,4.4572155239268305e-05,0.2,0.09999999999999998,0.4461538461538462,0.05384615384615382,0.8153846153846154,0.01538461538461533,0.9230769230769231,0.023076923076923106,0.9230769230769231,0.026923076923076827
PRINCIPAL N=100,100,OOD_FAR_no_virializado_01,ood_far,no_virializado,4,6.0,7,7,2.1260149958821734e-05,0.23076923076923078,0.0692307692307692,0.41538461538461535,0.08461538461538465,0.8461538461538461,0.0461538461538461,0.8923076923076924,0.007692307692307665,0.8923076923076924,0.0576923076923076
PRINCIPAL N=100,100,OOD_FAR_no_virializado_01,ood_far,no_virializado,5,7.5,6,6,1.144646441245449e-05,0.3384615384615385,0.03846153846153849,0.46153846153846156,0.038461538461538436,0.7538461538461539,0.0461538461538461,0.876923076923077,0.023076923076922995,0.876923076923077,0.07307692307692293
PRINCIPAL N=100,100,OOD_FAR_no_virializado_01,ood_far,no_virializado,6,9.0,5,5,5.810753309337477e-05,0.27692307692307694,0.02307692307692305,0.49230769230769234,0.007692307692307665,0.7538461538461538,0.04615384615384621,0.876923076923077,0.023076923076922995,0.876923076923077,0.07307692307692293
PRINCIPAL N=100,100,OOD_FAR_no_virializado_01,ood_far,no_virializado,7,10.5,7,7,1.6302125076278125e-05,0.24615384615384617,0.05384615384615382,0.3384615384615385,0.16153846153846152,0.6923076923076923,0.10769230769230775,0.9076923076923077,0.007692307692307665,0.9076923076923077,0.04230769230769227
PRINCIPAL N=100,100,OOD_FAR_no_virializado_01,ood_far,no_virializado,8,12.0,6,6,6.665459810631673e-05,0.4153846153846154,0.11538461538461542,0.5846153846153845,0.08461538461538454,0.8615384615384617,0.06153846153846165,0.9538461538461538,0.053846153846153766,0.9538461538461538,0.0038461538461538325
PRINCIPAL N=100,100,OOD_FAR_no_virializado_01,ood_far,no_virializado,9,13.5,6,6,9.489260969285702e-05,0.3230769230769231,0.023076923076923106,0.6000000000000001,0.10000000000000009,0.8,0.0,0.9538461538461538,0.053846153846153766,0.9538461538461538,0.0038461538461538325
PRINCIPAL N=100,100,OOD_FAR_no_virializado_01,ood_far,no_virializado,10,15.0,4,4,9.01809033724759e-05,0.27692307692307694,0.02307692307692305,0.4461538461538462,0.05384615384615382,0.6923076923076923,0.10769230769230775,0.8923076923076924,0.007692307692307665,0.8923076923076924,0.0576923076923076
PRINCIPAL N=100,100,OOD_FAR_no_virializado_02,ood_far,no_virializado,1,1.5,2,2,0.00334597000979645,0.27692307692307694,0.02307692307692305,0.4615384615384615,0.03846153846153849,0.7846153846153846,0.015384615384615441,0.8461538461538461,0.05384615384615388,0.8461538461538461,0.10384615384615381
PRINCIPAL N=100,100,OOD_FAR_no_virializado_02,ood_far,no_virializado,2,3.0,1,2,0.0012938286436745875,0.46153846153846156,0.16153846153846158,0.676923076923077,0.17692307692307696,0.8923076923076924,0.09230769230769231,0.8923076923076924,0.007692307692307665,0.8923076923076924,0.0576923076923076
PRINCIPAL N=100,100,OOD_FAR_no_virializado_02,ood_far,no_virializado,3,4.5,1,2,0.0013951387453152266,0.23076923076923075,0.06923076923076923,0.46153846153846156,0.038461538461538436,0.7692307692307694,0.03076923076923066,0.7846153846153847,0.11538461538461531,0.7846153846153847,0.16538461538461524
PRINCIPAL N=100,100,OOD_FAR_no_virializado_02,ood_far,no_virializado,4,6.0,1,2,0.0013248155019773915,0.16923076923076924,0.13076923076923075,0.5846153846153845,0.08461538461538454,0.876923076923077,0.07692307692307698,0.9846153846153847,0.08461538461538465,0.9846153846153847,0.034615384615384714
PRINCIPAL N=100,100,OOD_FAR_no_virializado_02,ood_far,no_virializado,5,7.5,1,2,0.001083666871476664,0.2923076923076923,0.007692307692307665,0.5692307692307692,0.0692307692307692,0.9230769230769231,0.12307692307692308,0.9846153846153847,0.08461538461538465,0.9846153846153847,0.034615384615384714
PRINCIPAL N=100,100,OOD_FAR_no_virializado_02,ood_far,no_virializado,6,9.0,2,2,0.0025582008995161986,0.24615384615384617,0.05384615384615382,0.5538461538461539,0.05384615384615388,0.876923076923077,0.07692307692307698,0.8923076923076924,0.007692307692307665,0.8923076923076924,0.0576923076923076
PRINCIPAL N=100,100,OOD_FAR_no_virializado_02,ood_far,no_virializado,7,10.5,2,2,0.0009769901102424166,0.3230769230769231,0.023076923076923106,0.6,0.09999999999999998,0.9076923076923077,0.10769230769230764,0.9384615384615385,0.038461538461538436,0.9384615384615385,0.011538461538461497
PRINCIPAL N=100,100,OOD_FAR_no_virializado_02,ood_far,no_virializado,8,12.0,1,2,0.0013339518123802754,0.3076923076923077,0.0076923076923077205,0.5230769230769231,0.023076923076923106,0.8923076923076924,0.09230769230769231,0.9076923076923077,0.007692307692307665,0.9076923076923077,0.04230769230769227
PRINCIPAL N=100,100,OOD_FAR_no_virializado_02,ood_far,no_virializado,9,13.5,1,2,0.0013388178896525074,0.2923076923076923,0.007692307692307665,0.5384615384615385,0.03846153846153855,0.9076923076923077,0.10769230769230764,0.9846153846153847,0.08461538461538465,0.9846153846153847,0.034615384615384714
PRINCIPAL N=100,100,OOD_FAR_no_virializado_02,ood_far,no_virializado,10,15.0,1,2,0.0012947761962431845,0.24615384615384617,0.05384615384615382,0.6,0.09999999999999998,0.9230769230769231,0.12307692307692308,0.9846153846153847,0.08461538461538465,0.9846153846153847,0.034615384615384714
PRINCIPAL N=100,100,OOD_FAR_no_virializado_03,ood_far,no_virializado,1,1.5,1,2,0.0024722042180842113,0.3076923076923077,0.0076923076923077205,0.5384615384615385,0.03846153846153855,0.7846153846153847,0.01538461538461533,0.8923076923076924,0.007692307692307665,0.8923076923076924,0.0576923076923076
PRINCIPAL N=100,100,OOD_FAR_no_virializado_03,ood_far,no_virializado,2,3.0,4,4,3.6037099860421175e-05,0.4,0.10000000000000003,0.6307692307692307,0.13076923076923075,0.7846153846153847,0.01538461538461533,0.8923076923076924,0.007692307692307665,0.8923076923076924,0.0576923076923076
PRINCIPAL N=100,100,OOD_FAR_no_virializado_03,ood_far,no_virializado,3,4.5,3,3,0.0007233941419575483,0.4461538461538462,0.1461538461538462,0.6307692307692309,0.13076923076923086,0.876923076923077,0.07692307692307698,0.8923076923076924,0.007692307692307665,0.8923076923076924,0.0576923076923076
PRINCIPAL N=100,100,OOD_FAR_no_virializado_03,ood_far,no_virializado,4,6.0,2,2,0.0027794004357864525,0.3076923076923077,0.0076923076923077205,0.4769230769230769,0.023076923076923106,0.876923076923077,0.07692307692307698,0.9692307692307693,0.06923076923076932,0.9692307692307693,0.019230769230769384
PRINCIPAL N=100,100,OOD_FAR_no_virializado_03,ood_far,no_virializado,5,7.5,2,2,0.0017452694033328563,0.16923076923076924,0.13076923076923075,0.3076923076923077,0.1923076923076923,0.7692307692307694,0.03076923076923066,0.9692307692307693,0.06923076923076932,0.9692307692307693,0.019230769230769384
PRINCIPAL N=100,100,OOD_FAR_no_virializado_03,ood_far,no_virializado,6,9.0,2,2,0.003199493185039663,0.26153846153846155,0.038461538461538436,0.5230769230769231,0.023076923076923106,0.9230769230769231,0.12307692307692308,0.9384615384615385,0.038461538461538436,0.9384615384615385,0.011538461538461497
PRINCIPAL N=100,100,OOD_FAR_no_virializado_03,ood_far,no_virializado,7,10.5,2,2,0.003880829859082324,0.43076923076923074,0.13076923076923075,0.6461538461538462,0.1461538461538462,0.9230769230769231,0.12307692307692308,0.9384615384615385,0.038461538461538436,0.9384615384615385,0.011538461538461497
PRINCIPAL N=100,100,OOD_FAR_no_virializado_03,ood_far,no_virializado,8,12.0,1,2,0.0017825612704064474,0.5076923076923077,0.20769230769230768,0.7076923076923077,0.20769230769230773,0.8461538461538461,0.0461538461538461,0.9384615384615385,0.038461538461538436,0.9384615384615385,0.011538461538461497
PRINCIPAL N=100,100,OOD_FAR_no_virializado_03,ood_far,no_virializado,9,13.5,1,2,0.0014866650316560145,0.4769230769230769,0.1769230769230769,0.6923076923076923,0.1923076923076923,0.9230769230769231,0.12307692307692308,0.9384615384615385,0.038461538461538436,0.9384615384615385,0.011538461538461497
PRINCIPAL N=100,100,OOD_FAR_no_virializado_03,ood_far,no_virializado,10,15.0,2,2,0.0006480204680987384,0.2923076923076923,0.007692307692307665,0.4615384615384615,0.03846153846153849,0.8615384615384615,0.06153846153846143,0.9538461538461538,0.053846153846153766,0.9538461538461538,0.0038461538461538325
PRINCIPAL N=200,200,ID_figura_ocho_00,in_distribution,figura_ocho,1,1.5,4,4,2.3691006970825468e-05,0.36923076923076925,0.06923076923076926,0.523076923076923,0.023076923076922995,0.9076923076923077,0.10769230769230764,0.9692307692307693,0.06923076923076932,0.9692307692307693,0.019230769230769384
PRINCIPAL N=200,200,ID_figura_ocho_00,in_distribution,figura_ocho,2,3.0,2,2,0.00638074541283694,0.3384615384615385,0.03846153846153849,0.5538461538461539,0.05384615384615388,0.8923076923076924,0.09230769230769231,0.9538461538461538,0.053846153846153766,0.9538461538461538,0.0038461538461538325
PRINCIPAL N=200,200,ID_figura_ocho_00,in_distribution,figura_ocho,3,4.5,2,2,0.004954992618556734,0.15384615384615388,0.1461538461538461,0.35384615384615387,0.14615384615384613,0.8923076923076924,0.09230769230769231,0.9538461538461538,0.053846153846153766,0.9538461538461538,0.0038461538461538325
PRINCIPAL N=200,200,ID_figura_ocho_00,in_distribution,figura_ocho,4,6.0,2,2,0.004122594564169442,0.12307692307692308,0.1769230769230769,0.3846153846153847,0.11538461538461531,0.876923076923077,0.07692307692307698,0.9538461538461538,0.053846153846153766,0.9538461538461538,0.0038461538461538325
PRINCIPAL N=200,200,ID_figura_ocho_00,in_distribution,figura_ocho,5,7.5,2,2,0.005923128864848265,0.4153846153846154,0.11538461538461542,0.6307692307692307,0.13076923076923075,0.8615384615384615,0.06153846153846143,0.9384615384615385,0.038461538461538436,0.9384615384615385,0.011538461538461497
PRINCIPAL N=200,200,ID_figura_ocho_00,in_distribution,figura_ocho,6,9.0,2,2,0.007127398387244781,0.2,0.09999999999999998,0.4615384615384615,0.03846153846153849,0.8615384615384615,0.06153846153846143,0.9384615384615385,0.038461538461538436,0.9384615384615385,0.011538461538461497
PRINCIPAL N=200,200,ID_figura_ocho_00,in_distribution,figura_ocho,7,10.5,2,2,0.004509581642573925,0.16923076923076924,0.13076923076923075,0.4153846153846154,0.08461538461538459,0.8307692307692308,0.03076923076923077,0.9076923076923077,0.007692307692307665,0.9076923076923077,0.04230769230769227
PRINCIPAL N=200,200,ID_figura_ocho_00,in_distribution,figura_ocho,8,12.0,2,2,0.005645672949548824,0.21538461538461542,0.08461538461538456,0.4461538461538462,0.05384615384615382,0.8153846153846155,0.015384615384615441,0.9076923076923077,0.007692307692307665,0.9076923076923077,0.04230769230769227
PRINCIPAL N=200,200,ID_figura_ocho_00,in_distribution,figura_ocho,9,13.5,2,2,0.00615423102461248,0.15384615384615388,0.1461538461538461,0.35384615384615387,0.14615384615384613,0.8615384615384615,0.06153846153846143,0.9538461538461538,0.053846153846153766,0.9538461538461538,0.0038461538461538325
PRINCIPAL N=200,200,ID_figura_ocho_00,in_distribution,figura_ocho,10,15.0,2,2,0.006061767746745389,0.2,0.09999999999999998,0.4461538461538462,0.05384615384615382,0.8307692307692308,0.03076923076923077,0.9076923076923077,0.007692307692307665,0.9076923076923077,0.04230769230769227
PRINCIPAL N=200,200,ID_figura_ocho_01,in_distribution,figura_ocho,1,1.5,5,5,4.021942015306963e-06,0.27692307692307694,0.02307692307692305,0.4769230769230769,0.023076923076923106,0.9076923076923077,0.10769230769230764,0.9692307692307693,0.06923076923076932,0.9692307692307693,0.019230769230769384
PRINCIPAL N=200,200,ID_figura_ocho_01,in_distribution,figura_ocho,2,3.0,3,3,0.0005407043146670139,0.21538461538461542,0.08461538461538456,0.46153846153846156,0.038461538461538436,0.8153846153846154,0.01538461538461533,0.8923076923076924,0.007692307692307665,0.8923076923076924,0.0576923076923076
PRINCIPAL N=200,200,ID_figura_ocho_01,in_distribution,figura_ocho,3,4.5,2,2,0.00564853600368488,0.27692307692307694,0.02307692307692305,0.5846153846153845,0.08461538461538454,0.8923076923076924,0.09230769230769231,0.9846153846153847,0.08461538461538465,0.9846153846153847,0.034615384615384714
PRINCIPAL N=200,200,ID_figura_ocho_01,in_distribution,figura_ocho,4,6.0,2,2,0.002453304145647325,0.2,0.09999999999999998,0.36923076923076925,0.13076923076923075,0.8615384615384617,0.06153846153846165,0.9076923076923077,0.007692307692307665,0.9076923076923077,0.04230769230769227
PRINCIPAL N=200,200,ID_figura_ocho_01,in_distribution,figura_ocho,5,7.5,2,2,0.006187701678321125,0.3384615384615385,0.03846153846153849,0.676923076923077,0.17692307692307696,0.9230769230769231,0.12307692307692308,0.9846153846153847,0.08461538461538465,0.9846153846153847,0.034615384615384714
PRINCIPAL N=200,200,ID_figura_ocho_01,in_distribution,figura_ocho,6,9.0,2,2,0.003083845094442186,0.16923076923076924,0.13076923076923075,0.523076923076923,0.023076923076922995,0.8615384615384617,0.06153846153846165,0.9538461538461538,0.053846153846153766,0.9538461538461538,0.0038461538461538325
PRINCIPAL N=200,200,ID_figura_ocho_01,in_distribution,figura_ocho,7,10.5,2,2,0.006023476633100911,0.36923076923076925,0.06923076923076926,0.5384615384615385,0.03846153846153855,0.9384615384615385,0.1384615384615384,0.9538461538461538,0.053846153846153766,0.9538461538461538,0.0038461538461538325
PRINCIPAL N=200,200,ID_figura_ocho_01,in_distribution,figura_ocho,8,12.0,2,2,0.00451615489746474,0.24615384615384617,0.05384615384615382,0.43076923076923085,0.06923076923076915,0.8615384615384617,0.06153846153846165,0.9384615384615385,0.038461538461538436,0.9384615384615385,0.011538461538461497
PRINCIPAL N=200,200,ID_figura_ocho_01,in_distribution,figura_ocho,9,13.5,2,2,0.004035108525580896,0.38461538461538464,0.08461538461538465,0.6615384615384615,0.16153846153846152,0.8923076923076925,0.09230769230769242,0.9692307692307693,0.06923076923076932,0.9692307692307693,0.019230769230769384
PRINCIPAL N=200,200,ID_figura_ocho_01,in_distribution,figura_ocho,10,15.0,2,2,0.0028796128248066177,0.3076923076923077,0.0076923076923077205,0.4923076923076922,0.007692307692307776,0.8923076923076924,0.09230769230769231,0.9538461538461538,0.053846153846153766,0.9538461538461538,0.0038461538461538325
PRINCIPAL N=200,200,ID_figura_ocho_02,in_distribution,figura_ocho,1,1.5,6,6,1.3318083259988633e-06,0.3230769230769231,0.023076923076923106,0.6,0.09999999999999998,0.8461538461538461,0.0461538461538461,0.9230769230769231,0.023076923076923106,0.9230769230769231,0.026923076923076827
PRINCIPAL N=200,200,ID_figura_ocho_02,in_distribution,figura_ocho,2,3.0,2,2,0.0036338232071956383,0.35384615384615387,0.05384615384615388,0.5846153846153846,0.08461538461538465,0.8307692307692308,0.03076923076923077,0.8461538461538461,0.05384615384615388,0.8461538461538461,0.10384615384615381
PRINCIPAL N=200,200,ID_figura_ocho_02,in_distribution,figura_ocho,3,4.5,2,2,0.006408053794025269,0.3384615384615385,0.03846153846153849,0.5384615384615385,0.03846153846153855,0.876923076923077,0.07692307692307698,0.9692307692307691,0.0692307692307691,0.9692307692307691,0.019230769230769162
PRINCIPAL N=200,200,ID_figura_ocho_02,in_distribution,figura_ocho,4,6.0,2,2,0.004241213805862601,0.29230769230769227,0.0076923076923077205,0.4461538461538462,0.05384615384615382,0.8461538461538461,0.0461538461538461,0.9384615384615385,0.038461538461538436,0.9384615384615385,0.011538461538461497
PRINCIPAL N=200,200,ID_figura_ocho_02,in_distribution,figura_ocho,5,7.5,2,2,0.004682111769320937,0.2923076923076923,0.007692307692307665,0.5076923076923077,0.007692307692307665,0.8461538461538461,0.0461538461538461,0.9384615384615385,0.038461538461538436,0.9384615384615385,0.011538461538461497
PRINCIPAL N=200,200,ID_figura_ocho_02,in_distribution,figura_ocho,6,9.0,2,2,0.004260752237224778,0.26153846153846155,0.038461538461538436,0.5076923076923077,0.007692307692307665,0.8153846153846155,0.015384615384615441,0.9230769230769231,0.023076923076923106,0.9230769230769231,0.026923076923076827
PRINCIPAL N=200,200,ID_figura_ocho_02,in_distribution,figura_ocho,7,10.5,2,2,0.004244373148045367,0.26153846153846155,0.038461538461538436,0.5230769230769231,0.023076923076923106,0.8615384615384615,0.06153846153846143,0.9230769230769231,0.023076923076923106,0.9230769230769231,0.026923076923076827
PRINCIPAL N=200,200,ID_figura_ocho_02,in_distribution,figura_ocho,8,12.0,2,2,0.004780453453893803,0.3230769230769231,0.023076923076923106,0.6307692307692309,0.13076923076923086,0.8923076923076924,0.09230769230769231,0.9076923076923077,0.007692307692307665,0.9076923076923077,0.04230769230769227
PRINCIPAL N=200,200,ID_figura_ocho_02,in_distribution,figura_ocho,9,13.5,2,2,0.004272625595234787,0.3230769230769231,0.023076923076923106,0.5846153846153846,0.08461538461538465,0.8461538461538461,0.0461538461538461,0.9384615384615385,0.038461538461538436,0.9384615384615385,0.011538461538461497
PRINCIPAL N=200,200,ID_figura_ocho_02,in_distribution,figura_ocho,10,15.0,2,2,0.0068237366810555335,0.29230769230769227,0.0076923076923077205,0.5846153846153846,0.08461538461538465,0.7384615384615385,0.06153846153846154,0.8461538461538461,0.05384615384615388,0.8461538461538461,0.10384615384615381
PRINCIPAL N=200,200,ID_figura_ocho_03,in_distribution,figura_ocho,1,1.5,4,4,8.28680545494489e-06,0.24615384615384617,0.05384615384615382,0.6615384615384615,0.16153846153846152,0.8615384615384617,0.06153846153846165,0.9384615384615385,0.038461538461538436,0.9384615384615385,0.011538461538461497
PRINCIPAL N=200,200,ID_figura_ocho_03,in_distribution,figura_ocho,2,3.0,2,2,0.0021220788991225597,0.2923076923076923,0.007692307692307665,0.6,0.09999999999999998,0.876923076923077,0.07692307692307698,0.9384615384615385,0.038461538461538436,0.9384615384615385,0.011538461538461497
PRINCIPAL N=200,200,ID_figura_ocho_03,in_distribution,figura_ocho,3,4.5,2,2,0.005680696061788515,0.21538461538461542,0.08461538461538456,0.5692307692307693,0.06923076923076932,0.8923076923076924,0.09230769230769231,0.9692307692307693,0.06923076923076932,0.9692307692307693,0.019230769230769384
PRINCIPAL N=200,200,ID_figura_ocho_03,in_distribution,figura_ocho,4,6.0,2,2,0.004455337678411601,0.3384615384615385,0.03846153846153849,0.6153846153846154,0.11538461538461542,0.9076923076923077,0.10769230769230764,0.9384615384615385,0.038461538461538436,0.9384615384615385,0.011538461538461497
PRINCIPAL N=200,200,ID_figura_ocho_03,in_distribution,figura_ocho,5,7.5,2,2,0.006182589265445517,0.5230769230769231,0.22307692307692312,0.6923076923076923,0.1923076923076923,0.8461538461538461,0.0461538461538461,0.9384615384615385,0.038461538461538436,0.9384615384615385,0.011538461538461497
PRINCIPAL N=200,200,ID_figura_ocho_03,in_distribution,figura_ocho,6,9.0,2,2,0.0022977197143661428,0.49230769230769234,0.19230769230769235,0.6615384615384615,0.16153846153846152,0.876923076923077,0.07692307692307698,0.9076923076923078,0.007692307692307776,0.9076923076923078,0.04230769230769216
PRINCIPAL N=200,200,ID_figura_ocho_03,in_distribution,figura_ocho,7,10.5,2,2,0.0029683705327933517,0.24615384615384617,0.05384615384615382,0.3846153846153847,0.11538461538461531,0.9076923076923077,0.10769230769230764,0.9692307692307693,0.06923076923076932,0.9692307692307693,0.019230769230769384
PRINCIPAL N=200,200,ID_figura_ocho_03,in_distribution,figura_ocho,8,12.0,2,2,0.005641849091744802,0.27692307692307694,0.02307692307692305,0.3692307692307692,0.1307692307692308,0.8615384615384617,0.06153846153846165,0.9076923076923077,0.007692307692307665,0.9076923076923077,0.04230769230769227
PRINCIPAL N=200,200,ID_figura_ocho_03,in_distribution,figura_ocho,9,13.5,2,2,0.006557214378030876,0.2,0.09999999999999998,0.4153846153846154,0.08461538461538459,0.8461538461538461,0.0461538461538461,0.9538461538461538,0.053846153846153766,0.9538461538461538,0.0038461538461538325
PRINCIPAL N=200,200,ID_figura_ocho_03,in_distribution,figura_ocho,10,15.0,2,2,0.0022096974387851346,0.2,0.09999999999999998,0.4461538461538462,0.05384615384615382,0.8923076923076924,0.09230769230769231,0.9384615384615385,0.038461538461538436,0.9384615384615385,0.011538461538461497
PRINCIPAL N=200,200,ID_jerarquico_00,in_distribution,jerarquico,1,0.471266491421797,1,2,0.00032176926640697007,0.16923076923076924,0.13076923076923075,0.5076923076923077,0.007692307692307665,0.7846153846153847,0.01538461538461533,1.0,0.09999999999999998,1.0,0.050000000000000044
PRINCIPAL N=200,200,ID_jerarquico_00,in_distribution,jerarquico,2,0.942532982843594,1,2,0.00020368239037943004,0.24615384615384617,0.05384615384615382,0.5846153846153846,0.08461538461538465,0.8153846153846154,0.01538461538461533,1.0,0.09999999999999998,1.0,0.050000000000000044
PRINCIPAL N=200,200,ID_jerarquico_00,in_distribution,jerarquico,3,1.413799474265391,1,2,0.00035387759518240835,0.3230769230769231,0.023076923076923106,0.7538461538461539,0.25384615384615394,0.9076923076923077,0.10769230769230764,0.9692307692307693,0.06923076923076932,0.9692307692307693,0.019230769230769384
PRINCIPAL N=200,200,ID_jerarquico_00,in_distribution,jerarquico,4,1.8850659656871882,1,2,0.00016107578279687482,0.27692307692307694,0.02307692307692305,0.6307692307692307,0.13076923076923075,0.8461538461538461,0.0461538461538461,1.0,0.09999999999999998,1.0,0.050000000000000044
PRINCIPAL N=200,200,ID_jerarquico_00,in_distribution,jerarquico,5,2.3563324571089854,1,2,0.00045994760441421013,0.30769230769230776,0.007692307692307776,0.5076923076923077,0.007692307692307665,0.9076923076923077,0.10769230769230764,0.9384615384615385,0.038461538461538436,0.9384615384615385,0.011538461538461497
PRINCIPAL N=200,200,ID_jerarquico_00,in_distribution,jerarquico,6,2.8275989485307824,1,2,0.00016651665590426313,0.23076923076923078,0.0692307692307692,0.6307692307692307,0.13076923076923075,0.8153846153846154,0.01538461538461533,1.0,0.09999999999999998,1.0,0.050000000000000044
PRINCIPAL N=200,200,ID_jerarquico_00,in_distribution,jerarquico,7,3.2988654399525794,1,2,0.00033978258634085944,0.3538461538461539,0.05384615384615393,0.5538461538461539,0.05384615384615388,0.9384615384615385,0.1384615384615384,1.0,0.09999999999999998,1.0,0.050000000000000044
PRINCIPAL N=200,200,ID_jerarquico_00,in_distribution,jerarquico,8,3.7701319313743764,1,2,0.00016780093711713878,0.23076923076923078,0.0692307692307692,0.6,0.09999999999999998,0.8153846153846154,0.01538461538461533,1.0,0.09999999999999998,1.0,0.050000000000000044
PRINCIPAL N=200,200,ID_jerarquico_00,in_distribution,jerarquico,9,4.241398422796173,1,2,0.00028966034067924194,0.3076923076923077,0.0076923076923077205,0.6153846153846153,0.11538461538461531,0.8923076923076924,0.09230769230769231,1.0,0.09999999999999998,1.0,0.050000000000000044
PRINCIPAL N=200,200,ID_jerarquico_00,in_distribution,jerarquico,10,4.71266491421797,1,2,0.00016655073633656164,0.23076923076923078,0.0692307692307692,0.6,0.09999999999999998,0.8153846153846154,0.01538461538461533,1.0,0.09999999999999998,1.0,0.050000000000000044
PRINCIPAL N=200,200,ID_jerarquico_01,in_distribution,jerarquico,1,0.4416475528509517,1,2,0.0006278887210968326,0.2615384615384616,0.03846153846153838,0.4461538461538462,0.05384615384615382,0.9076923076923077,0.10769230769230764,1.0,0.09999999999999998,1.0,0.050000000000000044
PRINCIPAL N=200,200,ID_jerarquico_01,in_distribution,jerarquico,2,0.8832951057019034,1,2,0.00011030346957831058,0.27692307692307694,0.02307692307692305,0.5846153846153846,0.08461538461538465,0.9076923076923077,0.10769230769230764,0.9538461538461538,0.053846153846153766,0.9538461538461538,0.0038461538461538325
PRINCIPAL N=200,200,ID_jerarquico_01,in_distribution,jerarquico,3,1.324942658552855,1,2,0.00013587484069886411,0.2615384615384616,0.03846153846153838,0.5076923076923077,0.007692307692307665,0.876923076923077,0.07692307692307698,0.9538461538461538,0.053846153846153766,0.9538461538461538,0.0038461538461538325
PRINCIPAL N=200,200,ID_jerarquico_01,in_distribution,jerarquico,4,1.7665902114038068,1,2,0.00014921377038131834,0.38461538461538464,0.08461538461538465,0.6153846153846154,0.11538461538461542,0.9076923076923077,0.10769230769230764,0.9538461538461538,0.053846153846153766,0.9538461538461538,0.0038461538461538325
PRINCIPAL N=200,200,ID_jerarquico_01,in_distribution,jerarquico,5,2.2082377642547586,1,2,8.470304993196841e-05,0.21538461538461542,0.08461538461538456,0.4,0.09999999999999998,0.8923076923076924,0.09230769230769231,0.9538461538461538,0.053846153846153766,0.9538461538461538,0.0038461538461538325
PRINCIPAL N=200,200,ID_jerarquico_01,in_distribution,jerarquico,6,2.6498853171057104,1,2,0.0001773111656328961,0.4,0.10000000000000003,0.6153846153846154,0.11538461538461542,0.9076923076923077,0.10769230769230764,0.9538461538461538,0.053846153846153766,0.9538461538461538,0.0038461538461538325
PRINCIPAL N=200,200,ID_jerarquico_01,in_distribution,jerarquico,7,3.0915328699566618,1,2,0.0001212797276299123,0.2923076923076923,0.007692307692307665,0.6153846153846154,0.11538461538461542,0.9076923076923077,0.10769230769230764,0.9538461538461538,0.053846153846153766,0.9538461538461538,0.0038461538461538325
PRINCIPAL N=200,200,ID_jerarquico_01,in_distribution,jerarquico,8,3.5331804228076136,1,2,0.0001927524919921631,0.4,0.10000000000000003,0.6307692307692309,0.13076923076923086,0.8923076923076924,0.09230769230769231,0.9538461538461538,0.053846153846153766,0.9538461538461538,0.0038461538461538325
PRINCIPAL N=200,200,ID_jerarquico_01,in_distribution,jerarquico,9,3.9748279756585654,1,2,8.596818026614996e-05,0.3384615384615385,0.03846153846153849,0.6307692307692307,0.13076923076923075,0.9076923076923077,0.10769230769230764,0.9538461538461538,0.053846153846153766,0.9538461538461538,0.0038461538461538325
PRINCIPAL N=200,200,ID_jerarquico_01,in_distribution,jerarquico,10,4.416475528509517,1,2,0.0002004792440525324,0.4,0.10000000000000003,0.6,0.09999999999999998,0.8923076923076924,0.09230769230769231,0.9538461538461538,0.053846153846153766,0.9538461538461538,0.0038461538461538325
PRINCIPAL N=200,200,ID_jerarquico_02,in_distribution,jerarquico,1,0.36917309782390384,1,2,0.0006145234425557698,0.35384615384615387,0.05384615384615388,0.5846153846153845,0.08461538461538454,0.9076923076923077,0.10769230769230764,0.9384615384615385,0.038461538461538436,0.9384615384615385,0.011538461538461497
PRINCIPAL N=200,200,ID_jerarquico_02,in_distribution,jerarquico,2,0.7383461956478077,1,2,0.0006262414612387484,0.2923076923076923,0.007692307692307665,0.5692307692307693,0.06923076923076932,0.8923076923076924,0.09230769230769231,0.9846153846153847,0.08461538461538465,0.9846153846153847,0.034615384615384714
PRINCIPAL N=200,200,ID_jerarquico_02,in_distribution,jerarquico,3,1.1075192934717115,1,2,0.0001987578017516852,0.35384615384615387,0.05384615384615388,0.6153846153846153,0.11538461538461531,0.8923076923076924,0.09230769230769231,0.9538461538461538,0.053846153846153766,0.9538461538461538,0.0038461538461538325
PRINCIPAL N=200,200,ID_jerarquico_02,in_distribution,jerarquico,4,1.4766923912956154,1,2,0.000555492336982672,0.30769230769230765,0.007692307692307665,0.5384615384615385,0.03846153846153855,0.8923076923076924,0.09230769230769231,0.9846153846153847,0.08461538461538465,0.9846153846153847,0.034615384615384714
PRINCIPAL N=200,200,ID_jerarquico_02,in_distribution,jerarquico,5,1.8458654891195192,1,2,0.00016178283363118778,0.32307692307692315,0.02307692307692316,0.5076923076923077,0.007692307692307665,0.9230769230769231,0.12307692307692308,0.9384615384615385,0.038461538461538436,0.9384615384615385,0.011538461538461497
PRINCIPAL N=200,200,ID_jerarquico_02,in_distribution,jerarquico,6,2.215038586943423,1,2,0.0005328064351387379,0.30769230769230765,0.007692307692307665,0.5538461538461539,0.05384615384615388,0.8923076923076924,0.09230769230769231,0.9846153846153847,0.08461538461538465,0.9846153846153847,0.034615384615384714
PRINCIPAL N=200,200,ID_jerarquico_02,in_distribution,jerarquico,7,2.584211684767327,1,2,0.0002614272048237913,0.2615384615384616,0.03846153846153838,0.5230769230769231,0.023076923076923106,0.8307692307692308,0.03076923076923077,0.9076923076923077,0.007692307692307665,0.9076923076923077,0.04230769230769227
PRINCIPAL N=200,200,ID_jerarquico_02,in_distribution,jerarquico,8,2.9533847825912307,1,2,0.0005219108949550719,0.30769230769230765,0.007692307692307665,0.5384615384615385,0.03846153846153855,0.8923076923076924,0.09230769230769231,0.9846153846153847,0.08461538461538465,0.9846153846153847,0.034615384615384714
PRINCIPAL N=200,200,ID_jerarquico_02,in_distribution,jerarquico,9,3.3225578804151343,1,2,0.00023220893001854522,0.3384615384615385,0.03846153846153849,0.6153846153846153,0.11538461538461531,0.8615384615384617,0.06153846153846165,0.9538461538461538,0.053846153846153766,0.9538461538461538,0.0038461538461538325
PRINCIPAL N=200,200,ID_jerarquico_02,in_distribution,jerarquico,10,3.6917309782390384,1,2,0.0005279714772418998,0.2923076923076923,0.007692307692307665,0.5076923076923077,0.007692307692307665,0.8923076923076924,0.09230769230769231,0.9846153846153847,0.08461538461538465,0.9846153846153847,0.034615384615384714
PRINCIPAL N=200,200,ID_jerarquico_03,in_distribution,jerarquico,1,0.4524831053122072,1,2,0.0006808694003627264,0.3538461538461539,0.05384615384615393,0.6,0.09999999999999998,0.8615384615384617,0.06153846153846165,0.9692307692307693,0.06923076923076932,0.9692307692307693,0.019230769230769384
PRINCIPAL N=200,200,ID_jerarquico_03,in_distribution,jerarquico,2,0.9049662106244144,1,2,8.36138092266644e-05,0.26153846153846155,0.038461538461538436,0.43076923076923085,0.06923076923076915,0.8461538461538461,0.0461538461538461,0.9846153846153847,0.08461538461538465,0.9846153846153847,0.034615384615384714
PRINCIPAL N=200,200,ID_jerarquico_03,in_distribution,jerarquico,3,1.3574493159366217,1,2,0.00020041113378886565,0.4461538461538462,0.1461538461538462,0.6,0.09999999999999998,0.8615384615384615,0.06153846153846143,1.0,0.09999999999999998,1.0,0.050000000000000044
PRINCIPAL N=200,200,ID_jerarquico_03,in_distribution,jerarquico,4,1.8099324212488288,1,2,7.06083088613705e-05,0.24615384615384617,0.05384615384615382,0.3846153846153846,0.11538461538461542,0.8461538461538461,0.0461538461538461,0.9846153846153847,0.08461538461538465,0.9846153846153847,0.034615384615384714
PRINCIPAL N=200,200,ID_jerarquico_03,in_distribution,jerarquico,5,2.262415526561036,1,2,6.286985542933816e-05,0.5076923076923077,0.20769230769230768,0.7230769230769231,0.22307692307692306,0.8307692307692308,0.03076923076923077,0.8769230769230768,0.023076923076923217,0.8769230769230768,0.07307692307692315
PRINCIPAL N=200,200,ID_jerarquico_03,in_distribution,jerarquico,6,2.7148986318732433,1,2,7.016596276218171e-05,0.24615384615384617,0.05384615384615382,0.3230769230769231,0.1769230769230769,0.8461538461538461,0.0461538461538461,0.9846153846153847,0.08461538461538465,0.9846153846153847,0.034615384615384714
PRINCIPAL N=200,200,ID_jerarquico_03,in_distribution,jerarquico,7,3.1673817371854507,1,2,3.1593052057367295e-05,0.23076923076923078,0.0692307692307692,0.5538461538461539,0.05384615384615388,0.9384615384615385,0.1384615384615384,0.9692307692307693,0.06923076923076932,0.9692307692307693,0.019230769230769384
PRINCIPAL N=200,200,ID_jerarquico_03,in_distribution,jerarquico,8,3.6198648424976576,1,2,7.62813040958169e-05,0.24615384615384617,0.05384615384615382,0.3230769230769231,0.1769230769230769,0.8461538461538461,0.0461538461538461,0.9846153846153847,0.08461538461538465,0.9846153846153847,0.034615384615384714
PRINCIPAL N=200,200,ID_jerarquico_03,in_distribution,jerarquico,9,4.072347947809865,1,2,0.0008075902578731211,0.23076923076923078,0.0692307692307692,0.6,0.09999999999999998,0.8153846153846155,0.015384615384615441,0.8307692307692308,0.0692307692307692,0.8307692307692308,0.11923076923076914
PRINCIPAL N=200,200,ID_jerarquico_03,in_distribution,jerarquico,10,4.524831053122072,2,2,0.00011318789191597737,0.30769230769230776,0.007692307692307776,0.46153846153846156,0.038461538461538436,0.8615384615384615,0.06153846153846143,0.9692307692307693,0.06923076923076932,0.9692307692307693,0.019230769230769384
PRINCIPAL N=200,200,ID_resonancia_00,in_distribution,resonancia,1,0.39678810308029255,1,2,0.0012789631188591893,0.2615384615384616,0.03846153846153838,0.4769230769230769,0.023076923076923106,0.7846153846153847,0.01538461538461533,0.9076923076923077,0.007692307692307665,0.9076923076923077,0.04230769230769227
PRINCIPAL N=200,200,ID_resonancia_00,in_distribution,resonancia,2,0.7935762061605851,2,2,0.000774322718022366,0.18461538461538463,0.11538461538461536,0.41538461538461535,0.08461538461538465,0.8,0.0,0.923076923076923,0.023076923076922995,0.923076923076923,0.02692307692307694
PRINCIPAL N=200,200,ID_resonancia_00,in_distribution,resonancia,3,1.1903643092408775,2,2,0.003859908009688687,0.2923076923076923,0.007692307692307665,0.5076923076923077,0.007692307692307665,0.7692307692307694,0.03076923076923066,0.9076923076923077,0.007692307692307665,0.9076923076923077,0.04230769230769227
PRINCIPAL N=200,200,ID_resonancia_00,in_distribution,resonancia,4,1.5871524123211702,1,2,0.00042037617243168257,0.4,0.10000000000000003,0.5076923076923077,0.007692307692307665,0.7692307692307693,0.03076923076923077,0.876923076923077,0.023076923076922995,0.876923076923077,0.07307692307692293
PRINCIPAL N=200,200,ID_resonancia_00,in_distribution,resonancia,5,1.9839405154014629,1,2,9.221302004674919e-05,0.41538461538461535,0.11538461538461536,0.4923076923076922,0.007692307692307776,0.9076923076923077,0.10769230769230764,0.9692307692307693,0.06923076923076932,0.9692307692307693,0.019230769230769384
PRINCIPAL N=200,200,ID_resonancia_00,in_distribution,resonancia,6,2.3807286184817555,1,2,0.00019445737612444673,0.18461538461538463,0.11538461538461536,0.3384615384615385,0.16153846153846152,0.9538461538461538,0.15384615384615374,0.9846153846153847,0.08461538461538465,0.9846153846153847,0.034615384615384714
PRINCIPAL N=200,200,ID_resonancia_00,in_distribution,resonancia,7,2.7775167215620478,2,2,0.0004976421486010544,0.3846153846153847,0.0846153846153847,0.5076923076923077,0.007692307692307665,0.676923076923077,0.12307692307692308,0.8307692307692308,0.0692307692307692,0.8307692307692308,0.11923076923076914
PRINCIPAL N=200,200,ID_resonancia_00,in_distribution,resonancia,8,3.1743048246423404,2,2,0.000722479971286916,0.3230769230769231,0.023076923076923106,0.5384615384615384,0.038461538461538436,0.8,0.0,0.9384615384615385,0.038461538461538436,0.9384615384615385,0.011538461538461497
PRINCIPAL N=200,200,ID_resonancia_00,in_distribution,resonancia,9,3.571092927722633,2,2,0.0001686552069199661,0.3538461538461538,0.05384615384615382,0.5384615384615384,0.038461538461538436,0.6923076923076924,0.10769230769230764,0.8769230769230768,0.023076923076923217,0.8769230769230768,0.07307692307692315
PRINCIPAL N=200,200,ID_resonancia_00,in_distribution,resonancia,10,3.9678810308029258,2,2,0.0005340927968357839,0.3384615384615385,0.03846153846153849,0.5384615384615384,0.038461538461538436,0.8,0.0,0.9384615384615385,0.038461538461538436,0.9384615384615385,0.011538461538461497
PRINCIPAL N=200,200,ID_resonancia_01,in_distribution,resonancia,1,0.43580603477803204,1,2,0.0014009386861647964,0.3384615384615385,0.03846153846153849,0.6307692307692309,0.13076923076923086,0.9384615384615385,0.1384615384615384,0.9846153846153847,0.08461538461538465,0.9846153846153847,0.034615384615384714
PRINCIPAL N=200,200,ID_resonancia_01,in_distribution,resonancia,2,0.8716120695560641,1,2,0.0006985565498658699,0.24615384615384617,0.05384615384615382,0.5230769230769231,0.023076923076923106,0.8461538461538461,0.0461538461538461,0.9076923076923077,0.007692307692307665,0.9076923076923077,0.04230769230769227
PRINCIPAL N=200,200,ID_resonancia_01,in_distribution,resonancia,3,1.3074181043340962,1,2,0.0007221716001623215,0.43076923076923074,0.13076923076923075,0.6307692307692309,0.13076923076923086,0.8923076923076924,0.09230769230769231,0.9384615384615385,0.038461538461538436,0.9384615384615385,0.011538461538461497
PRINCIPAL N=200,200,ID_resonancia_01,in_distribution,resonancia,4,1.7432241391121281,1,2,0.0003775055829168824,0.3384615384615385,0.03846153846153849,0.5538461538461539,0.05384615384615388,0.7692307692307693,0.03076923076923077,0.9076923076923077,0.007692307692307665,0.9076923076923077,0.04230769230769227
PRINCIPAL N=200,200,ID_resonancia_01,in_distribution,resonancia,5,2.17903017389016,1,2,0.0004271060544188644,0.23076923076923078,0.0692307692307692,0.36923076923076925,0.13076923076923075,0.7230769230769232,0.07692307692307687,0.9384615384615385,0.038461538461538436,0.9384615384615385,0.011538461538461497
PRINCIPAL N=200,200,ID_resonancia_01,in_distribution,resonancia,6,2.614836208668192,1,2,0.00034223109846690127,0.4461538461538462,0.1461538461538462,0.6615384615384616,0.16153846153846163,0.9230769230769231,0.12307692307692308,0.9230769230769231,0.023076923076923106,0.9230769230769231,0.026923076923076827
PRINCIPAL N=200,200,ID_resonancia_01,in_distribution,resonancia,7,3.0506422434462244,2,2,0.00014255982549861548,0.4461538461538462,0.1461538461538462,0.6615384615384615,0.16153846153846152,0.9230769230769231,0.12307692307692308,0.9384615384615385,0.038461538461538436,0.9384615384615385,0.011538461538461497
PRINCIPAL N=200,200,ID_resonancia_01,in_distribution,resonancia,8,3.4864482782242563,1,2,0.00019821570813426622,0.46153846153846156,0.16153846153846158,0.6615384615384615,0.16153846153846152,0.9230769230769231,0.12307692307692308,0.9384615384615385,0.038461538461538436,0.9384615384615385,0.011538461538461497
PRINCIPAL N=200,200,ID_resonancia_01,in_distribution,resonancia,9,3.922254313002288,1,2,0.00013497683160461436,0.16923076923076924,0.13076923076923075,0.4,0.09999999999999998,0.8307692307692308,0.03076923076923077,0.9384615384615385,0.038461538461538436,0.9384615384615385,0.011538461538461497
PRINCIPAL N=200,200,ID_resonancia_01,in_distribution,resonancia,10,4.35806034778032,3,3,0.0004481349916568133,0.27692307692307694,0.02307692307692305,0.4,0.09999999999999998,0.7692307692307692,0.030769230769230882,0.9384615384615385,0.038461538461538436,0.9384615384615385,0.011538461538461497
PRINCIPAL N=200,200,ID_resonancia_02,in_distribution,resonancia,1,0.36225977028621276,1,2,0.0025207347657894455,0.3076923076923077,0.0076923076923077205,0.5076923076923077,0.007692307692307665,0.8615384615384615,0.06153846153846143,0.9384615384615385,0.038461538461538436,0.9384615384615385,0.011538461538461497
PRINCIPAL N=200,200,ID_resonancia_02,in_distribution,resonancia,2,0.7245195405724254,2,2,0.0018036752569142278,0.15384615384615385,0.14615384615384613,0.4769230769230769,0.023076923076923106,0.7692307692307694,0.03076923076923066,0.9384615384615385,0.038461538461538436,0.9384615384615385,0.011538461538461497
PRINCIPAL N=200,200,ID_resonancia_02,in_distribution,resonancia,3,1.086779310858638,2,2,0.0014462260435787948,0.3384615384615385,0.03846153846153849,0.5692307692307692,0.0692307692307692,0.8153846153846154,0.01538461538461533,0.8615384615384615,0.03846153846153855,0.8615384615384615,0.08846153846153848
PRINCIPAL N=200,200,ID_resonancia_02,in_distribution,resonancia,4,1.4490390811448508,2,2,0.0011963927935498993,0.27692307692307694,0.02307692307692305,0.5230769230769231,0.023076923076923106,0.8769230769230768,0.07692307692307676,0.9538461538461538,0.053846153846153766,0.9538461538461538,0.0038461538461538325
PRINCIPAL N=200,200,ID_resonancia_02,in_distribution,resonancia,5,1.8112988514310635,2,2,0.0012557976036022718,0.30769230769230776,0.007692307692307776,0.4461538461538462,0.05384615384615382,0.9076923076923077,0.10769230769230764,0.9692307692307693,0.06923076923076932,0.9692307692307693,0.019230769230769384
PRINCIPAL N=200,200,ID_resonancia_02,in_distribution,resonancia,6,2.173558621717276,1,2,0.0012130773101915616,0.30769230769230765,0.007692307692307665,0.49230769230769234,0.007692307692307665,0.8153846153846154,0.01538461538461533,0.9076923076923077,0.007692307692307665,0.9076923076923077,0.04230769230769227
PRINCIPAL N=200,200,ID_resonancia_02,in_distribution,resonancia,7,2.535818392003489,1,2,0.0004870529613948533,0.2923076923076923,0.007692307692307665,0.6,0.09999999999999998,0.8153846153846154,0.01538461538461533,0.9076923076923077,0.007692307692307665,0.9076923076923077,0.04230769230769227
PRINCIPAL N=200,200,ID_resonancia_02,in_distribution,resonancia,8,2.898078162289702,1,2,2.8399057001688705e-05,0.21538461538461542,0.08461538461538456,0.523076923076923,0.023076923076922995,0.8615384615384615,0.06153846153846143,0.9846153846153847,0.08461538461538465,0.9846153846153847,0.034615384615384714
PRINCIPAL N=200,200,ID_resonancia_02,in_distribution,resonancia,9,3.2603379325759145,1,2,0.000543243534367264,0.2923076923076923,0.007692307692307665,0.4923076923076922,0.007692307692307776,0.8461538461538461,0.0461538461538461,0.9384615384615385,0.038461538461538436,0.9384615384615385,0.011538461538461497
PRINCIPAL N=200,200,ID_resonancia_02,in_distribution,resonancia,10,3.6225977028621275,2,2,0.0007820700286093731,0.2615384615384616,0.03846153846153838,0.4769230769230769,0.023076923076923106,0.876923076923077,0.07692307692307698,0.9538461538461538,0.053846153846153766,0.9538461538461538,0.0038461538461538325
PRINCIPAL N=200,200,ID_resonancia_03,in_distribution,resonancia,1,0.3923686895518708,1,2,0.0013016811539001527,0.24615384615384617,0.05384615384615382,0.4153846153846154,0.08461538461538459,0.8153846153846154,0.01538461538461533,0.8923076923076924,0.007692307692307665,0.8923076923076924,0.0576923076923076
PRINCIPAL N=200,200,ID_resonancia_03,in_distribution,resonancia,2,0.7847373791037415,2,2,0.005987003364704781,0.23076923076923078,0.0692307692307692,0.6,0.09999999999999998,0.8923076923076924,0.09230769230769231,0.9076923076923077,0.007692307692307665,0.9076923076923077,0.04230769230769227
PRINCIPAL N=200,200,ID_resonancia_03,in_distribution,resonancia,3,1.1771060686556123,1,2,0.0009503302097682066,0.26153846153846155,0.038461538461538436,0.43076923076923074,0.06923076923076926,0.8307692307692308,0.03076923076923077,0.9846153846153847,0.08461538461538465,0.9846153846153847,0.034615384615384714
PRINCIPAL N=200,200,ID_resonancia_03,in_distribution,resonancia,4,1.569474758207483,1,2,0.0006928160873714258,0.26153846153846155,0.038461538461538436,0.5076923076923078,0.007692307692307776,0.8153846153846154,0.01538461538461533,0.9692307692307693,0.06923076923076932,0.9692307692307693,0.019230769230769384
PRINCIPAL N=200,200,ID_resonancia_03,in_distribution,resonancia,5,1.9618434477593538,2,2,0.0012701263054011082,0.27692307692307694,0.02307692307692305,0.4769230769230769,0.023076923076923106,0.9076923076923077,0.10769230769230764,0.9230769230769231,0.023076923076923106,0.9230769230769231,0.026923076923076827
PRINCIPAL N=200,200,ID_resonancia_03,in_distribution,resonancia,6,2.3542121373112246,2,2,0.002669394180685597,0.21538461538461542,0.08461538461538456,0.4615384615384615,0.03846153846153849,0.876923076923077,0.07692307692307698,0.876923076923077,0.023076923076922995,0.876923076923077,0.07307692307692293
PRINCIPAL N=200,200,ID_resonancia_03,in_distribution,resonancia,7,2.7465808268630956,1,2,0.0016922299796832455,0.4,0.10000000000000003,0.6307692307692306,0.13076923076923064,0.876923076923077,0.07692307692307698,0.9384615384615385,0.038461538461538436,0.9384615384615385,0.011538461538461497
PRINCIPAL N=200,200,ID_resonancia_03,in_distribution,resonancia,8,3.138949516414966,2,2,0.0005685383608627087,0.24615384615384617,0.05384615384615382,0.4769230769230769,0.023076923076923106,0.8307692307692308,0.03076923076923077,0.8923076923076924,0.007692307692307665,0.8923076923076924,0.0576923076923076
PRINCIPAL N=200,200,ID_resonancia_03,in_distribution,resonancia,9,3.531318205966837,2,2,0.0001013830974193856,0.2923076923076923,0.007692307692307665,0.5538461538461539,0.05384615384615388,0.8461538461538461,0.0461538461538461,0.9384615384615385,0.038461538461538436,0.9384615384615385,0.011538461538461497
PRINCIPAL N=200,200,ID_resonancia_03,in_distribution,resonancia,10,3.923686895518708,4,4,6.209213856127873e-07,0.27692307692307694,0.02307692307692305,0.49230769230769234,0.007692307692307665,0.8307692307692308,0.03076923076923077,0.9384615384615385,0.038461538461538436,0.9384615384615385,0.011538461538461497
PRINCIPAL N=200,200,ID_euler_colineal_00,in_distribution,euler_colineal,1,1.5,1,2,0.0011130226028113362,0.18461538461538463,0.11538461538461536,0.4461538461538462,0.05384615384615382,0.8615384615384615,0.06153846153846143,0.9538461538461538,0.053846153846153766,0.9538461538461538,0.0038461538461538325
PRINCIPAL N=200,200,ID_euler_colineal_00,in_distribution,euler_colineal,2,3.0,2,2,1.3571832216552435e-05,0.21538461538461542,0.08461538461538456,0.5076923076923077,0.007692307692307665,0.9076923076923077,0.10769230769230764,0.953846153846154,0.05384615384615399,0.953846153846154,0.0038461538461540545
PRINCIPAL N=200,200,ID_euler_colineal_00,in_distribution,euler_colineal,3,4.5,3,3,5.944052804853468e-07,0.23076923076923078,0.0692307692307692,0.46153846153846156,0.038461538461538436,0.8461538461538461,0.0461538461538461,0.9384615384615385,0.038461538461538436,0.9384615384615385,0.011538461538461497
PRINCIPAL N=200,200,ID_euler_colineal_00,in_distribution,euler_colineal,4,6.0,3,3,0.0014916052901609916,0.26153846153846155,0.038461538461538436,0.5846153846153846,0.08461538461538465,0.8769230769230768,0.07692307692307676,0.9076923076923077,0.007692307692307665,0.9076923076923077,0.04230769230769227
PRINCIPAL N=200,200,ID_euler_colineal_00,in_distribution,euler_colineal,5,7.5,7,7,2.027080878576007e-15,0.21538461538461537,0.08461538461538462,0.4615384615384615,0.03846153846153849,0.8923076923076924,0.09230769230769231,0.953846153846154,0.05384615384615399,0.953846153846154,0.0038461538461540545
PRINCIPAL N=200,200,ID_euler_colineal_00,in_distribution,euler_colineal,6,9.0,8,8,5.9379660608495e-05,0.21538461538461537,0.08461538461538462,0.4,0.09999999999999998,0.723076923076923,0.0769230769230771,0.8923076923076924,0.007692307692307665,0.8923076923076924,0.0576923076923076
PRINCIPAL N=200,200,ID_euler_colineal_00,in_distribution,euler_colineal,7,10.5,8,8,2.9669126677941783e-06,0.3384615384615385,0.03846153846153849,0.5846153846153845,0.08461538461538454,0.8307692307692308,0.03076923076923077,0.876923076923077,0.023076923076922995,0.876923076923077,0.07307692307692293
PRINCIPAL N=200,200,ID_euler_colineal_00,in_distribution,euler_colineal,8,12.0,8,8,7.474243456265373e-06,0.23076923076923075,0.06923076923076923,0.5076923076923077,0.007692307692307665,0.7692307692307693,0.03076923076923077,0.8153846153846154,0.08461538461538465,0.8153846153846154,0.13461538461538458
PRINCIPAL N=200,200,ID_euler_colineal_00,in_distribution,euler_colineal,9,13.5,9,9,5.774267983734312e-06,0.4461538461538462,0.1461538461538462,0.6000000000000001,0.10000000000000009,0.8615384615384617,0.06153846153846165,0.9538461538461538,0.053846153846153766,0.9538461538461538,0.0038461538461538325
PRINCIPAL N=200,200,ID_euler_colineal_00,in_distribution,euler_colineal,10,15.0,8,8,5.330695855018309e-06,0.36923076923076925,0.06923076923076926,0.5538461538461539,0.05384615384615388,0.8615384615384617,0.06153846153846165,0.9692307692307693,0.06923076923076932,0.9692307692307693,0.019230769230769384
PRINCIPAL N=200,200,ID_euler_colineal_01,in_distribution,euler_colineal,1,1.5,2,2,0.00021251741087171408,0.2615384615384616,0.03846153846153838,0.41538461538461535,0.08461538461538465,0.7846153846153847,0.01538461538461533,0.8923076923076924,0.007692307692307665,0.8923076923076924,0.0576923076923076
PRINCIPAL N=200,200,ID_euler_colineal_01,in_distribution,euler_colineal,2,3.0,2,2,0.045178816499804306,0.27692307692307694,0.02307692307692305,0.6307692307692309,0.13076923076923086,0.8307692307692308,0.03076923076923077,0.9538461538461538,0.053846153846153766,0.9538461538461538,0.0038461538461538325
PRINCIPAL N=200,200,ID_euler_colineal_01,in_distribution,euler_colineal,3,4.5,3,3,0.12394424950622585,0.2615384615384616,0.03846153846153838,0.41538461538461535,0.08461538461538465,0.876923076923077,0.07692307692307698,0.9846153846153847,0.08461538461538465,0.9846153846153847,0.034615384615384714
PRINCIPAL N=200,200,ID_euler_colineal_01,in_distribution,euler_colineal,4,6.0,4,4,0.0005185789034038711,0.2615384615384616,0.03846153846153838,0.41538461538461535,0.08461538461538465,0.876923076923077,0.07692307692307698,0.9846153846153847,0.08461538461538465,0.9846153846153847,0.034615384615384714
PRINCIPAL N=200,200,ID_euler_colineal_01,in_distribution,euler_colineal,5,7.5,5,5,8.544920748101381e-06,0.24615384615384617,0.05384615384615382,0.41538461538461535,0.08461538461538465,0.876923076923077,0.07692307692307698,0.9846153846153847,0.08461538461538465,0.9846153846153847,0.034615384615384714
PRINCIPAL N=200,200,ID_euler_colineal_01,in_distribution,euler_colineal,6,9.0,7,7,1.1803270728003743e-08,0.23076923076923075,0.06923076923076923,0.41538461538461535,0.08461538461538465,0.876923076923077,0.07692307692307698,0.9846153846153847,0.08461538461538465,0.9846153846153847,0.034615384615384714
PRINCIPAL N=200,200,ID_euler_colineal_01,in_distribution,euler_colineal,7,10.5,7,7,7.284083682584408e-05,0.3384615384615385,0.03846153846153849,0.6307692307692309,0.13076923076923086,0.7846153846153847,0.01538461538461533,0.8615384615384617,0.038461538461538325,0.8615384615384617,0.08846153846153826
PRINCIPAL N=200,200,ID_euler_colineal_01,in_distribution,euler_colineal,8,12.0,7,7,3.961721977307569e-06,0.2923076923076923,0.007692307692307665,0.6,0.09999999999999998,0.8615384615384617,0.06153846153846165,0.9692307692307693,0.06923076923076932,0.9692307692307693,0.019230769230769384
PRINCIPAL N=200,200,ID_euler_colineal_01,in_distribution,euler_colineal,9,13.5,6,6,1.5957906692644352e-05,0.36923076923076925,0.06923076923076926,0.49230769230769234,0.007692307692307665,0.7692307692307693,0.03076923076923077,0.9076923076923077,0.007692307692307665,0.9076923076923077,0.04230769230769227
PRINCIPAL N=200,200,ID_euler_colineal_01,in_distribution,euler_colineal,10,15.0,6,6,1.2289369565222588e-05,0.35384615384615387,0.05384615384615388,0.6461538461538463,0.1461538461538463,0.876923076923077,0.07692307692307698,0.9230769230769231,0.023076923076923106,0.9230769230769231,0.026923076923076827
PRINCIPAL N=200,200,ID_euler_colineal_02,in_distribution,euler_colineal,1,1.5,1,2,0.0006780300191109974,0.3230769230769231,0.023076923076923106,0.6153846153846154,0.11538461538461542,0.8923076923076924,0.09230769230769231,0.9384615384615385,0.038461538461538436,0.9384615384615385,0.011538461538461497
PRINCIPAL N=200,200,ID_euler_colineal_02,in_distribution,euler_colineal,2,3.0,1,2,0.00032272256420215006,0.3230769230769231,0.023076923076923106,0.5846153846153846,0.08461538461538465,0.8307692307692307,0.03076923076923066,0.8615384615384615,0.03846153846153855,0.8615384615384615,0.08846153846153848
PRINCIPAL N=200,200,ID_euler_colineal_02,in_distribution,euler_colineal,3,4.5,2,2,0.0013120819796439947,0.3230769230769231,0.023076923076923106,0.6,0.09999999999999998,0.8307692307692307,0.03076923076923066,0.8615384615384615,0.03846153846153855,0.8615384615384615,0.08846153846153848
PRINCIPAL N=200,200,ID_euler_colineal_02,in_distribution,euler_colineal,4,6.0,5,5,4.273942226547255e-06,0.3230769230769231,0.023076923076923106,0.6,0.09999999999999998,0.8307692307692307,0.03076923076923066,0.876923076923077,0.023076923076922995,0.876923076923077,0.07307692307692293
PRINCIPAL N=200,200,ID_euler_colineal_02,in_distribution,euler_colineal,5,7.5,5,5,0.001289990781779733,0.2923076923076923,0.007692307692307665,0.5076923076923077,0.007692307692307665,0.8769230769230768,0.07692307692307676,0.9692307692307693,0.06923076923076932,0.9692307692307693,0.019230769230769384
PRINCIPAL N=200,200,ID_euler_colineal_02,in_distribution,euler_colineal,6,9.0,7,7,0.0012458530787508065,0.30769230769230765,0.007692307692307665,0.676923076923077,0.17692307692307696,0.9692307692307693,0.1692307692307693,0.9692307692307693,0.06923076923076932,0.9692307692307693,0.019230769230769384
PRINCIPAL N=200,200,ID_euler_colineal_02,in_distribution,euler_colineal,7,10.5,8,8,8.262816245056591e-05,0.27692307692307694,0.02307692307692305,0.5230769230769231,0.023076923076923106,0.8923076923076924,0.09230769230769231,0.8923076923076924,0.007692307692307665,0.8923076923076924,0.0576923076923076
PRINCIPAL N=200,200,ID_euler_colineal_02,in_distribution,euler_colineal,8,12.0,8,8,1.336587184799671e-05,0.30769230769230776,0.007692307692307776,0.49230769230769234,0.007692307692307665,0.876923076923077,0.07692307692307698,0.9076923076923077,0.007692307692307665,0.9076923076923077,0.04230769230769227
PRINCIPAL N=200,200,ID_euler_colineal_02,in_distribution,euler_colineal,9,13.5,7,7,0.00010124983326106195,0.38461538461538464,0.08461538461538465,0.49230769230769234,0.007692307692307665,0.9538461538461538,0.15384615384615374,0.9692307692307693,0.06923076923076932,0.9692307692307693,0.019230769230769384
PRINCIPAL N=200,200,ID_euler_colineal_02,in_distribution,euler_colineal,10,15.0,7,7,2.252810906847909e-05,0.15384615384615388,0.1461538461538461,0.46153846153846156,0.038461538461538436,0.8615384615384617,0.06153846153846165,0.9538461538461538,0.053846153846153766,0.9538461538461538,0.0038461538461538325
PRINCIPAL N=200,200,ID_euler_colineal_03,in_distribution,euler_colineal,1,1.5,1,2,0.0008507999699452408,0.21538461538461537,0.08461538461538462,0.4153846153846154,0.08461538461538459,0.8923076923076924,0.09230769230769231,0.9076923076923077,0.007692307692307665,0.9076923076923077,0.04230769230769227
PRINCIPAL N=200,200,ID_euler_colineal_03,in_distribution,euler_colineal,2,3.0,2,2,0.0009778061602955758,0.24615384615384617,0.05384615384615382,0.4461538461538462,0.05384615384615382,0.8615384615384615,0.06153846153846143,0.876923076923077,0.023076923076922995,0.876923076923077,0.07307692307692293
PRINCIPAL N=200,200,ID_euler_colineal_03,in_distribution,euler_colineal,3,4.5,3,3,1.8347781341153557e-07,0.3076923076923077,0.0076923076923077205,0.43076923076923085,0.06923076923076915,0.876923076923077,0.07692307692307698,0.9538461538461538,0.053846153846153766,0.9538461538461538,0.0038461538461538325
PRINCIPAL N=200,200,ID_euler_colineal_03,in_distribution,euler_colineal,4,6.0,3,3,4.7447105175315754e-06,0.23076923076923078,0.0692307692307692,0.41538461538461535,0.08461538461538465,0.7846153846153847,0.01538461538461533,0.876923076923077,0.023076923076922995,0.876923076923077,0.07307692307692293
PRINCIPAL N=200,200,ID_euler_colineal_03,in_distribution,euler_colineal,5,7.5,5,5,6.588553044693667e-08,0.16923076923076924,0.13076923076923075,0.49230769230769234,0.007692307692307665,0.9230769230769231,0.12307692307692308,0.9384615384615385,0.038461538461538436,0.9384615384615385,0.011538461538461497
PRINCIPAL N=200,200,ID_euler_colineal_03,in_distribution,euler_colineal,6,9.0,6,6,0.00022830588537449368,0.2,0.09999999999999998,0.5692307692307692,0.0692307692307692,0.8923076923076924,0.09230769230769231,0.9230769230769231,0.023076923076923106,0.9230769230769231,0.026923076923076827
PRINCIPAL N=200,200,ID_euler_colineal_03,in_distribution,euler_colineal,7,10.5,8,8,3.078116863430983e-05,0.27692307692307694,0.02307692307692305,0.5076923076923078,0.007692307692307776,0.9076923076923077,0.10769230769230764,0.9384615384615385,0.038461538461538436,0.9384615384615385,0.011538461538461497
PRINCIPAL N=200,200,ID_euler_colineal_03,in_distribution,euler_colineal,8,12.0,8,8,0.0001742650065060985,0.49230769230769234,0.19230769230769235,0.7384615384615384,0.2384615384615384,0.9384615384615385,0.1384615384615384,0.9538461538461538,0.053846153846153766,0.9538461538461538,0.0038461538461538325
PRINCIPAL N=200,200,ID_euler_colineal_03,in_distribution,euler_colineal,9,13.5,8,8,5.3799259925218425e-05,0.3692307692307692,0.0692307692307692,0.5076923076923078,0.007692307692307776,0.876923076923077,0.07692307692307698,0.9076923076923077,0.007692307692307665,0.9076923076923077,0.04230769230769227
PRINCIPAL N=200,200,ID_euler_colineal_03,in_distribution,euler_colineal,10,15.0,8,8,3.429200104957884e-05,0.4769230769230769,0.1769230769230769,0.6153846153846154,0.11538461538461542,0.9230769230769231,0.12307692307692308,0.9692307692307691,0.0692307692307691,0.9692307692307691,0.019230769230769162
PRINCIPAL N=200,200,ID_masas_asimetricas_00,in_distribution,masas_asimetricas,1,0.7047131801114512,1,2,0.0007554752066111102,0.3230769230769231,0.023076923076923106,0.6307692307692307,0.13076923076923075,0.8923076923076924,0.09230769230769231,0.9538461538461538,0.053846153846153766,0.9538461538461538,0.0038461538461538325
PRINCIPAL N=200,200,ID_masas_asimetricas_00,in_distribution,masas_asimetricas,2,1.4094263602229025,1,2,0.0011115723942368653,0.2923076923076923,0.007692307692307665,0.676923076923077,0.17692307692307696,0.876923076923077,0.07692307692307698,0.9384615384615385,0.038461538461538436,0.9384615384615385,0.011538461538461497
PRINCIPAL N=200,200,ID_masas_asimetricas_00,in_distribution,masas_asimetricas,3,2.114139540334354,1,2,0.0006721922816910605,0.26153846153846155,0.038461538461538436,0.5076923076923078,0.007692307692307776,0.8769230769230768,0.07692307692307676,0.9384615384615385,0.038461538461538436,0.9384615384615385,0.011538461538461497
PRINCIPAL N=200,200,ID_masas_asimetricas_00,in_distribution,masas_asimetricas,4,2.818852720445805,1,2,0.0003127253791719878,0.35384615384615387,0.05384615384615388,0.6307692307692309,0.13076923076923086,0.9076923076923077,0.10769230769230764,0.9538461538461538,0.053846153846153766,0.9538461538461538,0.0038461538461538325
PRINCIPAL N=200,200,ID_masas_asimetricas_00,in_distribution,masas_asimetricas,5,3.523565900557256,1,2,0.001106818111684892,0.24615384615384617,0.05384615384615382,0.5538461538461539,0.05384615384615388,0.8461538461538461,0.0461538461538461,0.8923076923076924,0.007692307692307665,0.8923076923076924,0.0576923076923076
PRINCIPAL N=200,200,ID_masas_asimetricas_00,in_distribution,masas_asimetricas,6,4.228279080668707,1,2,0.0007450001377877087,0.4153846153846154,0.11538461538461542,0.6307692307692309,0.13076923076923086,0.8461538461538461,0.0461538461538461,0.9538461538461538,0.053846153846153766,0.9538461538461538,0.0038461538461538325
PRINCIPAL N=200,200,ID_masas_asimetricas_00,in_distribution,masas_asimetricas,7,4.932992260780159,1,2,0.0008215184518128509,0.35384615384615387,0.05384615384615388,0.6461538461538462,0.1461538461538462,0.876923076923077,0.07692307692307698,0.923076923076923,0.023076923076922995,0.923076923076923,0.02692307692307694
PRINCIPAL N=200,200,ID_masas_asimetricas_00,in_distribution,masas_asimetricas,8,5.63770544089161,1,2,0.0006016843237529994,0.23076923076923078,0.0692307692307692,0.5076923076923077,0.007692307692307665,0.8153846153846154,0.01538461538461533,0.953846153846154,0.05384615384615399,0.953846153846154,0.0038461538461540545
PRINCIPAL N=200,200,ID_masas_asimetricas_00,in_distribution,masas_asimetricas,9,6.342418621003061,1,2,0.0009183579202351143,0.3384615384615385,0.03846153846153849,0.6461538461538462,0.1461538461538462,0.876923076923077,0.07692307692307698,0.9076923076923077,0.007692307692307665,0.9076923076923077,0.04230769230769227
PRINCIPAL N=200,200,ID_masas_asimetricas_00,in_distribution,masas_asimetricas,10,7.047131801114512,1,2,0.0009086893990557282,0.2923076923076923,0.007692307692307665,0.5384615384615385,0.03846153846153855,0.8,0.0,0.9230769230769231,0.023076923076923106,0.9230769230769231,0.026923076923076827
PRINCIPAL N=200,200,ID_masas_asimetricas_01,in_distribution,masas_asimetricas,1,0.8978404335466046,1,2,0.001670262723519201,0.24615384615384617,0.05384615384615382,0.5538461538461539,0.05384615384615388,0.8307692307692307,0.03076923076923066,0.8923076923076924,0.007692307692307665,0.8923076923076924,0.0576923076923076
PRINCIPAL N=200,200,ID_masas_asimetricas_01,in_distribution,masas_asimetricas,2,1.7956808670932092,2,2,0.006285678506468241,0.27692307692307694,0.02307692307692305,0.5384615384615384,0.038461538461538436,0.8307692307692308,0.03076923076923077,0.9076923076923077,0.007692307692307665,0.9076923076923077,0.04230769230769227
PRINCIPAL N=200,200,ID_masas_asimetricas_01,in_distribution,masas_asimetricas,3,2.6935213006398135,1,2,0.001313796780703827,0.21538461538461537,0.08461538461538462,0.4461538461538462,0.05384615384615382,0.8153846153846154,0.01538461538461533,0.8923076923076924,0.007692307692307665,0.8923076923076924,0.0576923076923076
PRINCIPAL N=200,200,ID_masas_asimetricas_01,in_distribution,masas_asimetricas,4,3.5913617341864184,2,2,0.004010572838905506,0.2923076923076923,0.007692307692307665,0.5230769230769231,0.023076923076923106,0.8307692307692308,0.03076923076923077,0.9230769230769231,0.023076923076923106,0.9230769230769231,0.026923076923076827
PRINCIPAL N=200,200,ID_masas_asimetricas_01,in_distribution,masas_asimetricas,5,4.489202167733023,1,2,0.0011696553328393634,0.24615384615384617,0.05384615384615382,0.4,0.09999999999999998,0.8307692307692308,0.03076923076923077,0.876923076923077,0.023076923076922995,0.876923076923077,0.07307692307692293
PRINCIPAL N=200,200,ID_masas_asimetricas_01,in_distribution,masas_asimetricas,6,5.387042601279627,1,2,0.0006487604934207026,0.2923076923076923,0.007692307692307665,0.5692307692307692,0.0692307692307692,0.7538461538461538,0.04615384615384621,0.876923076923077,0.023076923076922995,0.876923076923077,0.07307692307692293
PRINCIPAL N=200,200,ID_masas_asimetricas_01,in_distribution,masas_asimetricas,7,6.2848830348262315,1,2,0.0010841501862534331,0.2923076923076923,0.007692307692307665,0.676923076923077,0.17692307692307696,0.9076923076923077,0.10769230769230764,0.9538461538461538,0.053846153846153766,0.9538461538461538,0.0038461538461538325
PRINCIPAL N=200,200,ID_masas_asimetricas_01,in_distribution,masas_asimetricas,8,7.182723468372836,1,2,0.00042635014841462145,0.38461538461538464,0.08461538461538465,0.6461538461538462,0.1461538461538462,0.9076923076923077,0.10769230769230764,0.9538461538461538,0.053846153846153766,0.9538461538461538,0.0038461538461538325
PRINCIPAL N=200,200,ID_masas_asimetricas_01,in_distribution,masas_asimetricas,9,8.08056390191944,2,2,0.0022611893584708427,0.2,0.09999999999999998,0.4,0.09999999999999998,0.8307692307692308,0.03076923076923077,0.876923076923077,0.023076923076922995,0.876923076923077,0.07307692307692293
PRINCIPAL N=200,200,ID_masas_asimetricas_01,in_distribution,masas_asimetricas,10,8.978404335466045,1,2,0.0008434256431684295,0.3538461538461538,0.05384615384615382,0.6923076923076923,0.1923076923076923,0.876923076923077,0.07692307692307698,0.9692307692307693,0.06923076923076932,0.9692307692307693,0.019230769230769384
PRINCIPAL N=200,200,ID_masas_asimetricas_02,in_distribution,masas_asimetricas,1,0.7202847052220581,1,2,0.0016355089196375583,0.23076923076923078,0.0692307692307692,0.5538461538461539,0.05384615384615388,0.8153846153846155,0.015384615384615441,0.923076923076923,0.023076923076922995,0.923076923076923,0.02692307692307694
PRINCIPAL N=200,200,ID_masas_asimetricas_02,in_distribution,masas_asimetricas,2,1.4405694104441162,1,2,0.0015891370407025648,0.3076923076923077,0.0076923076923077205,0.5230769230769231,0.023076923076923106,0.8000000000000002,1.1102230246251565e-16,0.9230769230769231,0.023076923076923106,0.9230769230769231,0.026923076923076827
PRINCIPAL N=200,200,ID_masas_asimetricas_02,in_distribution,masas_asimetricas,3,2.1608541156661745,1,2,0.001210050545735113,0.3230769230769231,0.023076923076923106,0.5846153846153845,0.08461538461538454,0.9846153846153847,0.18461538461538463,0.9846153846153847,0.08461538461538465,0.9846153846153847,0.034615384615384714
PRINCIPAL N=200,200,ID_masas_asimetricas_02,in_distribution,masas_asimetricas,4,2.8811388208882325,1,2,0.001591455842903672,0.3230769230769231,0.023076923076923106,0.5538461538461539,0.05384615384615388,0.8461538461538461,0.0461538461538461,0.923076923076923,0.023076923076922995,0.923076923076923,0.02692307692307694
PRINCIPAL N=200,200,ID_masas_asimetricas_02,in_distribution,masas_asimetricas,5,3.6014235261102905,1,2,0.0015478976679119307,0.2923076923076923,0.007692307692307665,0.5692307692307692,0.0692307692307692,0.7846153846153847,0.01538461538461533,0.876923076923077,0.023076923076922995,0.876923076923077,0.07307692307692293
PRINCIPAL N=200,200,ID_masas_asimetricas_02,in_distribution,masas_asimetricas,6,4.321708231332349,1,2,0.0008248707788953938,0.38461538461538464,0.08461538461538465,0.5230769230769231,0.023076923076923106,0.8461538461538461,0.0461538461538461,0.923076923076923,0.023076923076922995,0.923076923076923,0.02692307692307694
PRINCIPAL N=200,200,ID_masas_asimetricas_02,in_distribution,masas_asimetricas,7,5.041992936554407,1,2,0.0014923029701979329,0.3076923076923077,0.0076923076923077205,0.4769230769230769,0.023076923076923106,0.8615384615384615,0.06153846153846143,0.9384615384615385,0.038461538461538436,0.9384615384615385,0.011538461538461497
PRINCIPAL N=200,200,ID_masas_asimetricas_02,in_distribution,masas_asimetricas,8,5.762277641776465,1,2,0.0008165334706602004,0.3230769230769231,0.023076923076923106,0.5846153846153846,0.08461538461538465,0.9846153846153847,0.18461538461538463,0.9846153846153847,0.08461538461538465,0.9846153846153847,0.034615384615384714
PRINCIPAL N=200,200,ID_masas_asimetricas_02,in_distribution,masas_asimetricas,9,6.482562346998523,2,2,0.002186270231125705,0.3076923076923077,0.0076923076923077205,0.6,0.09999999999999998,0.9538461538461538,0.15384615384615374,0.9846153846153847,0.08461538461538465,0.9846153846153847,0.034615384615384714
PRINCIPAL N=200,200,ID_masas_asimetricas_02,in_distribution,masas_asimetricas,10,7.202847052220581,1,2,0.0012315624726853824,0.3230769230769231,0.023076923076923106,0.5538461538461539,0.05384615384615388,0.8769230769230768,0.07692307692307676,0.9076923076923077,0.007692307692307665,0.9076923076923077,0.04230769230769227
PRINCIPAL N=200,200,ID_masas_asimetricas_03,in_distribution,masas_asimetricas,1,0.6831618610175212,1,2,0.0004859103046914568,0.3076923076923077,0.0076923076923077205,0.5384615384615385,0.03846153846153855,0.8,0.0,0.953846153846154,0.05384615384615399,0.953846153846154,0.0038461538461540545
PRINCIPAL N=200,200,ID_masas_asimetricas_03,in_distribution,masas_asimetricas,2,1.3663237220350424,1,2,0.0008985140525091218,0.32307692307692315,0.02307692307692316,0.5846153846153846,0.08461538461538465,0.9076923076923077,0.10769230769230764,0.9384615384615385,0.038461538461538436,0.9384615384615385,0.011538461538461497
PRINCIPAL N=200,200,ID_masas_asimetricas_03,in_distribution,masas_asimetricas,3,2.0494855830525633,1,2,0.0008874366990483104,0.3384615384615385,0.03846153846153849,0.5384615384615385,0.03846153846153855,0.876923076923077,0.07692307692307698,0.9230769230769231,0.023076923076923106,0.9230769230769231,0.026923076923076827
PRINCIPAL N=200,200,ID_masas_asimetricas_03,in_distribution,masas_asimetricas,4,2.7326474440700848,1,2,0.0012459617075577937,0.21538461538461542,0.08461538461538456,0.5846153846153845,0.08461538461538454,0.8461538461538461,0.0461538461538461,0.8615384615384615,0.03846153846153855,0.8615384615384615,0.08846153846153848
PRINCIPAL N=200,200,ID_masas_asimetricas_03,in_distribution,masas_asimetricas,5,3.415809305087606,1,2,0.0007692755906780738,0.36923076923076925,0.06923076923076926,0.6,0.09999999999999998,0.9230769230769231,0.12307692307692308,0.953846153846154,0.05384615384615399,0.953846153846154,0.0038461538461540545
PRINCIPAL N=200,200,ID_masas_asimetricas_03,in_distribution,masas_asimetricas,6,4.098971166105128,1,2,0.0002747450687097215,0.3538461538461538,0.05384615384615382,0.5692307692307692,0.0692307692307692,0.8615384615384615,0.06153846153846143,0.9384615384615385,0.038461538461538436,0.9384615384615385,0.011538461538461497
PRINCIPAL N=200,200,ID_masas_asimetricas_03,in_distribution,masas_asimetricas,7,4.782133027122648,1,2,0.000868868894957426,0.3384615384615385,0.03846153846153849,0.6,0.09999999999999998,0.8923076923076924,0.09230769230769231,0.9384615384615385,0.038461538461538436,0.9384615384615385,0.011538461538461497
PRINCIPAL N=200,200,ID_masas_asimetricas_03,in_distribution,masas_asimetricas,8,5.4652948881401695,1,2,0.00033779089102848095,0.38461538461538464,0.08461538461538465,0.6,0.09999999999999998,0.876923076923077,0.07692307692307698,0.9692307692307693,0.06923076923076932,0.9692307692307693,0.019230769230769384
PRINCIPAL N=200,200,ID_masas_asimetricas_03,in_distribution,masas_asimetricas,9,6.148456749157691,1,2,0.0008976915681234609,0.3538461538461538,0.05384615384615382,0.46153846153846156,0.038461538461538436,0.8,0.0,0.876923076923077,0.023076923076922995,0.876923076923077,0.07307692307692293
PRINCIPAL N=200,200,ID_masas_asimetricas_03,in_distribution,masas_asimetricas,10,6.831618610175212,1,2,0.00046735523830558027,0.4,0.10000000000000003,0.5846153846153845,0.08461538461538454,0.8307692307692308,0.03076923076923077,0.9076923076923078,0.007692307692307776,0.9076923076923078,0.04230769230769216
PRINCIPAL N=200,200,OOD_NEAR_figura_ocho_00,ood_near,figura_ocho,1,1.5,2,2,0.002988570614571554,0.21538461538461542,0.08461538461538456,0.5692307692307692,0.0692307692307692,0.8307692307692308,0.03076923076923077,0.9384615384615385,0.038461538461538436,0.9384615384615385,0.011538461538461497
PRINCIPAL N=200,200,OOD_NEAR_figura_ocho_00,ood_near,figura_ocho,2,3.0,2,2,0.003374860971709663,0.26153846153846155,0.038461538461538436,0.43076923076923074,0.06923076923076926,0.8769230769230768,0.07692307692307676,0.9692307692307693,0.06923076923076932,0.9692307692307693,0.019230769230769384
PRINCIPAL N=200,200,OOD_NEAR_figura_ocho_00,ood_near,figura_ocho,3,4.5,2,2,0.0032415791946641187,0.2923076923076923,0.007692307692307665,0.3538461538461538,0.1461538461538462,0.7076923076923077,0.09230769230769231,0.923076923076923,0.023076923076922995,0.923076923076923,0.02692307692307694
PRINCIPAL N=200,200,OOD_NEAR_figura_ocho_00,ood_near,figura_ocho,4,6.0,2,2,0.0029249713101729704,0.4461538461538462,0.1461538461538462,0.6,0.09999999999999998,0.8923076923076924,0.09230769230769231,0.9538461538461538,0.053846153846153766,0.9538461538461538,0.0038461538461538325
PRINCIPAL N=200,200,OOD_NEAR_figura_ocho_00,ood_near,figura_ocho,5,7.5,2,2,0.004366397631379983,0.3384615384615384,0.038461538461538436,0.3846153846153846,0.11538461538461542,0.7384615384615385,0.06153846153846154,0.8615384615384615,0.03846153846153855,0.8615384615384615,0.08846153846153848
PRINCIPAL N=200,200,OOD_NEAR_figura_ocho_00,ood_near,figura_ocho,6,9.0,2,2,0.005753448459982678,0.3076923076923077,0.0076923076923077205,0.47692307692307684,0.02307692307692316,0.7846153846153847,0.01538461538461533,0.9384615384615385,0.038461538461538436,0.9384615384615385,0.011538461538461497
PRINCIPAL N=200,200,OOD_NEAR_figura_ocho_00,ood_near,figura_ocho,7,10.5,2,2,0.001845487590314529,0.3384615384615384,0.038461538461538436,0.676923076923077,0.17692307692307696,0.8615384615384615,0.06153846153846143,0.9230769230769231,0.023076923076923106,0.9230769230769231,0.026923076923076827
PRINCIPAL N=200,200,OOD_NEAR_figura_ocho_00,ood_near,figura_ocho,8,12.0,2,2,0.004037406646172281,0.18461538461538463,0.11538461538461536,0.5076923076923077,0.007692307692307665,0.8307692307692308,0.03076923076923077,0.9076923076923077,0.007692307692307665,0.9076923076923077,0.04230769230769227
PRINCIPAL N=200,200,OOD_NEAR_figura_ocho_00,ood_near,figura_ocho,9,13.5,2,2,0.002920391715244661,0.23076923076923078,0.0692307692307692,0.3692307692307693,0.1307692307692307,0.8,0.0,0.9384615384615385,0.038461538461538436,0.9384615384615385,0.011538461538461497
PRINCIPAL N=200,200,OOD_NEAR_figura_ocho_00,ood_near,figura_ocho,10,15.0,3,3,0.0003230288220409024,0.18461538461538463,0.11538461538461536,0.5076923076923077,0.007692307692307665,0.8923076923076924,0.09230769230769231,0.9230769230769231,0.023076923076923106,0.9230769230769231,0.026923076923076827
PRINCIPAL N=200,200,OOD_NEAR_figura_ocho_01,ood_near,figura_ocho,1,1.5,2,2,0.001668775285254459,0.3384615384615385,0.03846153846153849,0.7076923076923076,0.20769230769230762,0.9076923076923077,0.10769230769230764,0.953846153846154,0.05384615384615399,0.953846153846154,0.0038461538461540545
PRINCIPAL N=200,200,OOD_NEAR_figura_ocho_01,ood_near,figura_ocho,2,3.0,2,2,0.004388867306400343,0.4,0.10000000000000003,0.6461538461538463,0.1461538461538463,0.876923076923077,0.07692307692307698,0.9538461538461538,0.053846153846153766,0.9538461538461538,0.0038461538461538325
PRINCIPAL N=200,200,OOD_NEAR_figura_ocho_01,ood_near,figura_ocho,3,4.5,2,2,0.007465000567224307,0.4,0.10000000000000003,0.6461538461538461,0.14615384615384608,0.9076923076923077,0.10769230769230764,0.9230769230769231,0.023076923076923106,0.9230769230769231,0.026923076923076827
PRINCIPAL N=200,200,OOD_NEAR_figura_ocho_01,ood_near,figura_ocho,4,6.0,2,2,0.004201685370964831,0.26153846153846155,0.038461538461538436,0.46153846153846156,0.038461538461538436,0.8,0.0,0.9230769230769231,0.023076923076923106,0.9230769230769231,0.026923076923076827
PRINCIPAL N=200,200,OOD_NEAR_figura_ocho_01,ood_near,figura_ocho,5,7.5,2,2,0.005123668253342704,0.3076923076923077,0.0076923076923077205,0.6307692307692309,0.13076923076923086,0.8615384615384617,0.06153846153846165,0.8923076923076924,0.007692307692307665,0.8923076923076924,0.0576923076923076
PRINCIPAL N=200,200,OOD_NEAR_figura_ocho_01,ood_near,figura_ocho,6,9.0,2,2,0.004061759179843681,0.36923076923076925,0.06923076923076926,0.6307692307692309,0.13076923076923086,0.8,0.0,0.9384615384615385,0.038461538461538436,0.9384615384615385,0.011538461538461497
PRINCIPAL N=200,200,OOD_NEAR_figura_ocho_01,ood_near,figura_ocho,7,10.5,2,2,0.004694463366348834,0.27692307692307694,0.02307692307692305,0.49230769230769234,0.007692307692307665,0.8307692307692308,0.03076923076923077,0.9384615384615385,0.038461538461538436,0.9384615384615385,0.011538461538461497
PRINCIPAL N=200,200,OOD_NEAR_figura_ocho_01,ood_near,figura_ocho,8,12.0,2,2,0.0035887929431581292,0.21538461538461537,0.08461538461538462,0.4769230769230769,0.023076923076923106,0.7846153846153847,0.01538461538461533,0.8461538461538461,0.05384615384615388,0.8461538461538461,0.10384615384615381
PRINCIPAL N=200,200,OOD_NEAR_figura_ocho_01,ood_near,figura_ocho,9,13.5,2,2,0.005097100835251967,0.5076923076923078,0.2076923076923078,0.6153846153846154,0.11538461538461542,0.8615384615384617,0.06153846153846165,0.8923076923076924,0.007692307692307665,0.8923076923076924,0.0576923076923076
PRINCIPAL N=200,200,OOD_NEAR_figura_ocho_01,ood_near,figura_ocho,10,15.0,2,2,0.010359730322333626,0.41538461538461535,0.11538461538461536,0.5846153846153845,0.08461538461538454,0.8461538461538464,0.04615384615384632,0.9076923076923077,0.007692307692307665,0.9076923076923077,0.04230769230769227
PRINCIPAL N=200,200,OOD_NEAR_figura_ocho_02,ood_near,figura_ocho,1,1.5,5,5,2.354782725760111e-06,0.46153846153846156,0.16153846153846158,0.6153846153846153,0.11538461538461531,0.876923076923077,0.07692307692307698,0.9384615384615385,0.038461538461538436,0.9384615384615385,0.011538461538461497
PRINCIPAL N=200,200,OOD_NEAR_figura_ocho_02,ood_near,figura_ocho,2,3.0,2,2,0.0020364310584213927,0.27692307692307694,0.02307692307692305,0.49230769230769234,0.007692307692307665,0.7692307692307693,0.03076923076923077,0.9538461538461538,0.053846153846153766,0.9538461538461538,0.0038461538461538325
PRINCIPAL N=200,200,OOD_NEAR_figura_ocho_02,ood_near,figura_ocho,3,4.5,2,2,0.009390495691168472,0.4461538461538462,0.1461538461538462,0.5692307692307692,0.0692307692307692,0.8615384615384617,0.06153846153846165,0.923076923076923,0.023076923076922995,0.923076923076923,0.02692307692307694
PRINCIPAL N=200,200,OOD_NEAR_figura_ocho_02,ood_near,figura_ocho,4,6.0,2,2,0.0029936227415914137,0.3384615384615384,0.038461538461538436,0.5230769230769232,0.023076923076923217,0.8307692307692308,0.03076923076923077,0.8923076923076924,0.007692307692307665,0.8923076923076924,0.0576923076923076
PRINCIPAL N=200,200,OOD_NEAR_figura_ocho_02,ood_near,figura_ocho,5,7.5,2,2,0.008390224390572177,0.4153846153846154,0.11538461538461542,0.5384615384615385,0.03846153846153855,0.8307692307692307,0.03076923076923066,0.923076923076923,0.023076923076922995,0.923076923076923,0.02692307692307694
PRINCIPAL N=200,200,OOD_NEAR_figura_ocho_02,ood_near,figura_ocho,6,9.0,2,2,0.001647557166766562,0.3538461538461538,0.05384615384615382,0.5538461538461539,0.05384615384615388,0.8,0.0,0.9384615384615385,0.038461538461538436,0.9384615384615385,0.011538461538461497
PRINCIPAL N=200,200,OOD_NEAR_figura_ocho_02,ood_near,figura_ocho,7,10.5,2,2,0.005382818853042297,0.4,0.10000000000000003,0.6307692307692307,0.13076923076923075,0.8923076923076924,0.09230769230769231,0.9538461538461538,0.053846153846153766,0.9538461538461538,0.0038461538461538325
PRINCIPAL N=200,200,OOD_NEAR_figura_ocho_02,ood_near,figura_ocho,8,12.0,2,2,0.003555698448066397,0.3230769230769231,0.023076923076923106,0.49230769230769234,0.007692307692307665,0.7230769230769231,0.07692307692307698,0.8461538461538461,0.05384615384615388,0.8461538461538461,0.10384615384615381
PRINCIPAL N=200,200,OOD_NEAR_figura_ocho_02,ood_near,figura_ocho,9,13.5,2,2,0.007816275377049577,0.4,0.10000000000000003,0.6769230769230768,0.17692307692307685,0.9384615384615385,0.1384615384615384,0.9692307692307693,0.06923076923076932,0.9692307692307693,0.019230769230769384
PRINCIPAL N=200,200,OOD_NEAR_figura_ocho_02,ood_near,figura_ocho,10,15.0,2,2,0.0027679506340049054,0.38461538461538464,0.08461538461538465,0.6,0.09999999999999998,0.8307692307692308,0.03076923076923077,0.9230769230769231,0.023076923076923106,0.9230769230769231,0.026923076923076827
PRINCIPAL N=200,200,OOD_NEAR_figura_ocho_03,ood_near,figura_ocho,1,1.5,5,5,1.558090659150686e-06,0.24615384615384617,0.05384615384615382,0.5230769230769232,0.023076923076923217,0.7692307692307694,0.03076923076923066,0.876923076923077,0.023076923076922995,0.876923076923077,0.07307692307692293
PRINCIPAL N=200,200,OOD_NEAR_figura_ocho_03,ood_near,figura_ocho,2,3.0,2,2,0.003338941346737729,0.3538461538461538,0.05384615384615382,0.5538461538461539,0.05384615384615388,0.8,0.0,0.8461538461538461,0.05384615384615388,0.8461538461538461,0.10384615384615381
PRINCIPAL N=200,200,OOD_NEAR_figura_ocho_03,ood_near,figura_ocho,3,4.5,2,2,0.004281964552681659,0.3384615384615385,0.03846153846153849,0.5384615384615384,0.038461538461538436,0.923076923076923,0.12307692307692297,0.9538461538461538,0.053846153846153766,0.9538461538461538,0.0038461538461538325
PRINCIPAL N=200,200,OOD_NEAR_figura_ocho_03,ood_near,figura_ocho,4,6.0,2,2,0.004071086996230689,0.3384615384615385,0.03846153846153849,0.5076923076923077,0.007692307692307665,0.8,0.0,0.876923076923077,0.023076923076922995,0.876923076923077,0.07307692307692293
PRINCIPAL N=200,200,OOD_NEAR_figura_ocho_03,ood_near,figura_ocho,5,7.5,2,2,0.0046836555216681576,0.3230769230769231,0.023076923076923106,0.5384615384615385,0.03846153846153855,0.8615384615384617,0.06153846153846165,0.9230769230769231,0.023076923076923106,0.9230769230769231,0.026923076923076827
PRINCIPAL N=200,200,OOD_NEAR_figura_ocho_03,ood_near,figura_ocho,6,9.0,2,2,0.006394012606612445,0.3384615384615384,0.038461538461538436,0.5076923076923078,0.007692307692307776,0.7846153846153846,0.015384615384615441,0.9076923076923077,0.007692307692307665,0.9076923076923077,0.04230769230769227
PRINCIPAL N=200,200,OOD_NEAR_figura_ocho_03,ood_near,figura_ocho,7,10.5,2,2,0.004643706186433673,0.27692307692307694,0.02307692307692305,0.6307692307692307,0.13076923076923075,0.9076923076923077,0.10769230769230764,0.9538461538461538,0.053846153846153766,0.9538461538461538,0.0038461538461538325
PRINCIPAL N=200,200,OOD_NEAR_figura_ocho_03,ood_near,figura_ocho,8,12.0,2,2,0.003370243011920049,0.35384615384615387,0.05384615384615388,0.5692307692307692,0.0692307692307692,0.8615384615384615,0.06153846153846143,0.8923076923076924,0.007692307692307665,0.8923076923076924,0.0576923076923076
PRINCIPAL N=200,200,OOD_NEAR_figura_ocho_03,ood_near,figura_ocho,9,13.5,2,2,0.003769195713736685,0.3230769230769231,0.023076923076923106,0.5538461538461539,0.05384615384615388,0.8153846153846155,0.015384615384615441,0.9230769230769231,0.023076923076923106,0.9230769230769231,0.026923076923076827
PRINCIPAL N=200,200,OOD_NEAR_figura_ocho_03,ood_near,figura_ocho,10,15.0,2,2,0.004921621029305139,0.4,0.10000000000000003,0.5846153846153845,0.08461538461538454,0.7384615384615385,0.06153846153846154,0.9692307692307693,0.06923076923076932,0.9692307692307693,0.019230769230769384
PRINCIPAL N=200,200,OOD_NEAR_jerarquico_00,ood_near,jerarquico,1,0.45710320032053564,1,2,0.0004092076825081086,0.4153846153846154,0.11538461538461542,0.6461538461538462,0.1461538461538462,0.8,0.0,0.8923076923076924,0.007692307692307665,0.8923076923076924,0.0576923076923076
PRINCIPAL N=200,200,OOD_NEAR_jerarquico_00,ood_near,jerarquico,2,0.9142064006410713,1,2,0.00014304848040972367,0.21538461538461537,0.08461538461538462,0.4769230769230769,0.023076923076923106,0.9076923076923077,0.10769230769230764,0.9692307692307693,0.06923076923076932,0.9692307692307693,0.019230769230769384
PRINCIPAL N=200,200,OOD_NEAR_jerarquico_00,ood_near,jerarquico,3,1.371309600961607,1,2,0.00010579160068718541,0.23076923076923078,0.0692307692307692,0.38461538461538464,0.11538461538461536,0.7538461538461538,0.04615384615384621,0.9384615384615385,0.038461538461538436,0.9384615384615385,0.011538461538461497
PRINCIPAL N=200,200,OOD_NEAR_jerarquico_00,ood_near,jerarquico,4,1.8284128012821426,1,2,0.00011883753978493459,0.3076923076923077,0.0076923076923077205,0.5076923076923078,0.007692307692307776,0.7846153846153846,0.015384615384615441,0.9384615384615385,0.038461538461538436,0.9384615384615385,0.011538461538461497
PRINCIPAL N=200,200,OOD_NEAR_jerarquico_00,ood_near,jerarquico,5,2.2855160016026783,1,2,7.80529437899715e-05,0.18461538461538463,0.11538461538461536,0.46153846153846156,0.038461538461538436,0.8307692307692308,0.03076923076923077,0.876923076923077,0.023076923076922995,0.876923076923077,0.07307692307692293
PRINCIPAL N=200,200,OOD_NEAR_jerarquico_00,ood_near,jerarquico,6,2.742619201923214,1,2,0.00011331967599134118,0.3230769230769231,0.023076923076923106,0.5076923076923078,0.007692307692307776,0.7846153846153847,0.01538461538461533,0.9384615384615385,0.038461538461538436,0.9384615384615385,0.011538461538461497
PRINCIPAL N=200,200,OOD_NEAR_jerarquico_00,ood_near,jerarquico,7,3.19972240224375,1,2,7.058478629449207e-05,0.3076923076923077,0.0076923076923077205,0.4461538461538462,0.05384615384615382,0.8153846153846154,0.01538461538461533,0.8769230769230768,0.023076923076923217,0.8769230769230768,0.07307692307692315
PRINCIPAL N=200,200,OOD_NEAR_jerarquico_00,ood_near,jerarquico,8,3.6568256025642856,1,2,0.00011378254799577119,0.3538461538461538,0.05384615384615382,0.5076923076923078,0.007692307692307776,0.7846153846153847,0.01538461538461533,0.9384615384615385,0.038461538461538436,0.9384615384615385,0.011538461538461497
PRINCIPAL N=200,200,OOD_NEAR_jerarquico_00,ood_near,jerarquico,9,4.113928802884821,1,2,6.239689079077021e-05,0.3384615384615385,0.03846153846153849,0.5692307692307692,0.0692307692307692,0.7538461538461538,0.04615384615384621,0.9538461538461538,0.053846153846153766,0.9538461538461538,0.0038461538461538325
PRINCIPAL N=200,200,OOD_NEAR_jerarquico_00,ood_near,jerarquico,10,4.571032003205357,1,2,0.00024066454370049768,0.3230769230769231,0.023076923076923106,0.7076923076923076,0.20769230769230762,0.923076923076923,0.12307692307692297,0.9538461538461538,0.053846153846153766,0.9538461538461538,0.0038461538461538325
PRINCIPAL N=200,200,OOD_NEAR_jerarquico_01,ood_near,jerarquico,1,0.47180831053552214,1,2,0.0001797336306725087,0.30769230769230765,0.007692307692307665,0.5076923076923077,0.007692307692307665,0.8153846153846154,0.01538461538461533,0.9076923076923077,0.007692307692307665,0.9076923076923077,0.04230769230769227
PRINCIPAL N=200,200,OOD_NEAR_jerarquico_01,ood_near,jerarquico,2,0.9436166210710444,1,2,0.00018829887614879495,0.3230769230769231,0.023076923076923106,0.5230769230769231,0.023076923076923106,0.8923076923076924,0.09230769230769231,0.9076923076923077,0.007692307692307665,0.9076923076923077,0.04230769230769227
PRINCIPAL N=200,200,OOD_NEAR_jerarquico_01,ood_near,jerarquico,3,1.4154249316065666,1,2,0.0001327039844034851,0.3692307692307692,0.0692307692307692,0.5076923076923077,0.007692307692307665,0.8769230769230768,0.07692307692307676,0.923076923076923,0.023076923076922995,0.923076923076923,0.02692307692307694
PRINCIPAL N=200,200,OOD_NEAR_jerarquico_01,ood_near,jerarquico,4,1.8872332421420888,1,2,0.00015246382400035594,0.3076923076923077,0.0076923076923077205,0.6461538461538463,0.1461538461538463,0.8615384615384615,0.06153846153846143,0.876923076923077,0.023076923076922995,0.876923076923077,0.07307692307692293
PRINCIPAL N=200,200,OOD_NEAR_jerarquico_01,ood_near,jerarquico,5,2.3590415526776107,1,2,5.20779989654375e-05,0.27692307692307694,0.02307692307692305,0.4461538461538462,0.05384615384615382,0.8461538461538461,0.0461538461538461,0.9076923076923077,0.007692307692307665,0.9076923076923077,0.04230769230769227
PRINCIPAL N=200,200,OOD_NEAR_jerarquico_01,ood_near,jerarquico,6,2.8308498632131327,1,2,0.00015231132297388827,0.3846153846153846,0.08461538461538459,0.6,0.09999999999999998,0.8615384615384615,0.06153846153846143,0.8923076923076924,0.007692307692307665,0.8923076923076924,0.0576923076923076
PRINCIPAL N=200,200,OOD_NEAR_jerarquico_01,ood_near,jerarquico,7,3.302658173748655,1,2,0.00012397931349577895,0.3076923076923077,0.0076923076923077205,0.5076923076923077,0.007692307692307665,0.8461538461538461,0.0461538461538461,0.9076923076923077,0.007692307692307665,0.9076923076923077,0.04230769230769227
PRINCIPAL N=200,200,OOD_NEAR_jerarquico_01,ood_near,jerarquico,8,3.7744664842841775,1,2,0.000807358113591195,0.2923076923076923,0.007692307692307665,0.5076923076923077,0.007692307692307665,0.8307692307692308,0.03076923076923077,0.9692307692307693,0.06923076923076932,0.9692307692307693,0.019230769230769384
PRINCIPAL N=200,200,OOD_NEAR_jerarquico_01,ood_near,jerarquico,9,4.2462747948196995,2,2,0.0004895977881414731,0.3538461538461538,0.05384615384615382,0.5846153846153846,0.08461538461538465,0.876923076923077,0.07692307692307698,0.923076923076923,0.023076923076922995,0.923076923076923,0.02692307692307694
PRINCIPAL N=200,200,OOD_NEAR_jerarquico_01,ood_near,jerarquico,10,4.7180831053552215,2,2,0.0002860678620522831,0.29230769230769227,0.0076923076923077205,0.5846153846153846,0.08461538461538465,0.8,0.0,0.9230769230769231,0.023076923076923106,0.9230769230769231,0.026923076923076827
PRINCIPAL N=200,200,OOD_NEAR_jerarquico_02,ood_near,jerarquico,1,0.44422507837791325,1,2,0.0008490309816175526,0.24615384615384617,0.05384615384615382,0.49230769230769234,0.007692307692307665,0.9076923076923077,0.10769230769230764,0.9692307692307693,0.06923076923076932,0.9692307692307693,0.019230769230769384
PRINCIPAL N=200,200,OOD_NEAR_jerarquico_02,ood_near,jerarquico,2,0.8884501567558265,1,2,0.0002375697451925057,0.27692307692307694,0.02307692307692305,0.476923076923077,0.023076923076922995,0.9230769230769231,0.12307692307692308,0.9538461538461538,0.053846153846153766,0.9538461538461538,0.0038461538461538325
PRINCIPAL N=200,200,OOD_NEAR_jerarquico_02,ood_near,jerarquico,3,1.3326752351337396,1,2,0.0009092989681771604,0.2923076923076923,0.007692307692307665,0.49230769230769234,0.007692307692307665,0.8923076923076924,0.09230769230769231,0.9692307692307693,0.06923076923076932,0.9692307692307693,0.019230769230769384
PRINCIPAL N=200,200,OOD_NEAR_jerarquico_02,ood_near,jerarquico,4,1.776900313511653,1,2,0.00034087461975071924,0.24615384615384617,0.05384615384615382,0.5230769230769231,0.023076923076923106,0.8615384615384615,0.06153846153846143,0.9692307692307693,0.06923076923076932,0.9692307692307693,0.019230769230769384
PRINCIPAL N=200,200,OOD_NEAR_jerarquico_02,ood_near,jerarquico,5,2.2211253918895664,1,2,0.0005402464509283256,0.36923076923076925,0.06923076923076926,0.5538461538461538,0.053846153846153766,0.876923076923077,0.07692307692307698,0.9384615384615385,0.038461538461538436,0.9384615384615385,0.011538461538461497
PRINCIPAL N=200,200,OOD_NEAR_jerarquico_02,ood_near,jerarquico,6,2.6653504702674797,1,2,0.0003893203080302216,0.24615384615384617,0.05384615384615382,0.5230769230769231,0.023076923076923106,0.7384615384615385,0.06153846153846154,0.9076923076923077,0.007692307692307665,0.9076923076923077,0.04230769230769227
PRINCIPAL N=200,200,OOD_NEAR_jerarquico_02,ood_near,jerarquico,7,3.1095755486453927,1,2,0.00042667444493653167,0.3076923076923077,0.0076923076923077205,0.6307692307692307,0.13076923076923075,0.9230769230769231,0.12307692307692308,0.9538461538461538,0.053846153846153766,0.9538461538461538,0.0038461538461538325
PRINCIPAL N=200,200,OOD_NEAR_jerarquico_02,ood_near,jerarquico,8,3.553800627023306,1,2,0.00041016719056242615,0.23076923076923078,0.0692307692307692,0.4615384615384615,0.03846153846153849,0.7846153846153847,0.01538461538461533,0.8307692307692308,0.0692307692307692,0.8307692307692308,0.11923076923076914
PRINCIPAL N=200,200,OOD_NEAR_jerarquico_02,ood_near,jerarquico,9,3.9980257054012194,1,2,0.0003331448674811791,0.3692307692307692,0.0692307692307692,0.6461538461538461,0.14615384615384608,0.876923076923077,0.07692307692307698,0.923076923076923,0.023076923076922995,0.923076923076923,0.02692307692307694
PRINCIPAL N=200,200,OOD_NEAR_jerarquico_02,ood_near,jerarquico,10,4.442250783779133,1,2,0.0004203332865102941,0.23076923076923078,0.0692307692307692,0.4769230769230769,0.023076923076923106,0.7846153846153847,0.01538461538461533,0.8307692307692308,0.0692307692307692,0.8307692307692308,0.11923076923076914
PRINCIPAL N=200,200,OOD_NEAR_jerarquico_03,ood_near,jerarquico,1,0.4649910083877734,1,2,0.0010604507726842344,0.24615384615384617,0.05384615384615382,0.38461538461538464,0.11538461538461536,0.7538461538461538,0.04615384615384621,0.8461538461538461,0.05384615384615388,0.8461538461538461,0.10384615384615381
PRINCIPAL N=200,200,OOD_NEAR_jerarquico_03,ood_near,jerarquico,2,0.9299820167755468,1,2,7.23153880132569e-05,0.4,0.10000000000000003,0.6307692307692307,0.13076923076923075,0.9230769230769231,0.12307692307692308,0.9846153846153847,0.08461538461538465,0.9846153846153847,0.034615384615384714
PRINCIPAL N=200,200,OOD_NEAR_jerarquico_03,ood_near,jerarquico,3,1.3949730251633201,1,2,6.891919056000249e-05,0.4461538461538462,0.1461538461538462,0.6461538461538462,0.1461538461538462,0.8615384615384617,0.06153846153846165,0.9846153846153847,0.08461538461538465,0.9846153846153847,0.034615384615384714
PRINCIPAL N=200,200,OOD_NEAR_jerarquico_03,ood_near,jerarquico,4,1.8599640335510936,1,2,5.429195823494252e-05,0.2615384615384616,0.03846153846153838,0.6615384615384615,0.16153846153846152,0.8615384615384617,0.06153846153846165,0.9384615384615385,0.038461538461538436,0.9384615384615385,0.011538461538461497
PRINCIPAL N=200,200,OOD_NEAR_jerarquico_03,ood_near,jerarquico,5,2.324955041938867,1,2,7.368642281483597e-05,0.27692307692307694,0.02307692307692305,0.43076923076923085,0.06923076923076915,0.7692307692307693,0.03076923076923077,0.8615384615384617,0.038461538461538325,0.8615384615384617,0.08846153846153826
PRINCIPAL N=200,200,OOD_NEAR_jerarquico_03,ood_near,jerarquico,6,2.7899460503266407,1,2,2.3175257922830203e-05,0.3384615384615385,0.03846153846153849,0.5692307692307692,0.0692307692307692,0.8307692307692308,0.03076923076923077,0.9538461538461538,0.053846153846153766,0.9538461538461538,0.0038461538461538325
PRINCIPAL N=200,200,OOD_NEAR_jerarquico_03,ood_near,jerarquico,7,3.2549370587144137,1,2,8.078057363785078e-05,0.23076923076923078,0.0692307692307692,0.46153846153846156,0.038461538461538436,0.8461538461538461,0.0461538461538461,0.9538461538461538,0.053846153846153766,0.9538461538461538,0.0038461538461538325
PRINCIPAL N=200,200,OOD_NEAR_jerarquico_03,ood_near,jerarquico,8,3.7199280671021873,1,2,0.00014102811569045734,0.4461538461538462,0.1461538461538462,0.7076923076923077,0.20769230769230773,0.9384615384615385,0.1384615384615384,0.9692307692307693,0.06923076923076932,0.9692307692307693,0.019230769230769384
PRINCIPAL N=200,200,OOD_NEAR_jerarquico_03,ood_near,jerarquico,9,4.184919075489961,1,2,0.0003754271211962475,0.24615384615384617,0.05384615384615382,0.6461538461538462,0.1461538461538462,0.8923076923076924,0.09230769230769231,0.9846153846153847,0.08461538461538465,0.9846153846153847,0.034615384615384714
PRINCIPAL N=200,200,OOD_NEAR_jerarquico_03,ood_near,jerarquico,10,4.649910083877734,2,2,0.00016117898240775125,0.4,0.10000000000000003,0.6,0.09999999999999998,0.876923076923077,0.07692307692307698,0.9384615384615385,0.038461538461538436,0.9384615384615385,0.011538461538461497
PRINCIPAL N=200,200,OOD_NEAR_resonancia_00,ood_near,resonancia,1,0.34007061815226963,2,2,0.0020610647817932816,0.43076923076923085,0.13076923076923086,0.5230769230769231,0.023076923076923106,0.8307692307692308,0.03076923076923077,0.923076923076923,0.023076923076922995,0.923076923076923,0.02692307692307694
PRINCIPAL N=200,200,OOD_NEAR_resonancia_00,ood_near,resonancia,2,0.6801412363045393,1,2,0.0009027549439838337,0.3846153846153846,0.08461538461538459,0.6615384615384615,0.16153846153846152,0.9230769230769231,0.12307692307692308,0.9230769230769231,0.023076923076923106,0.9230769230769231,0.026923076923076827
PRINCIPAL N=200,200,OOD_NEAR_resonancia_00,ood_near,resonancia,3,1.0202118544568088,2,2,0.0003138136240734346,0.32307692307692315,0.02307692307692316,0.6,0.09999999999999998,0.8461538461538461,0.0461538461538461,0.8615384615384615,0.03846153846153855,0.8615384615384615,0.08846153846153848
PRINCIPAL N=200,200,OOD_NEAR_resonancia_00,ood_near,resonancia,4,1.3602824726090785,2,2,1.8669016949658586e-05,0.2923076923076923,0.007692307692307665,0.43076923076923074,0.06923076923076926,0.8615384615384615,0.06153846153846143,0.9230769230769231,0.023076923076923106,0.9230769230769231,0.026923076923076827
PRINCIPAL N=200,200,OOD_NEAR_resonancia_00,ood_near,resonancia,5,1.7003530907613482,2,2,9.557095941751991e-05,0.3538461538461539,0.05384615384615393,0.6,0.09999999999999998,0.8615384615384615,0.06153846153846143,0.9076923076923077,0.007692307692307665,0.9076923076923077,0.04230769230769227
PRINCIPAL N=200,200,OOD_NEAR_resonancia_00,ood_near,resonancia,6,2.0404237089136177,4,4,1.2894838011598245e-07,0.3538461538461539,0.05384615384615393,0.49230769230769234,0.007692307692307665,0.8461538461538461,0.0461538461538461,0.9076923076923077,0.007692307692307665,0.9076923076923077,0.04230769230769227
PRINCIPAL N=200,200,OOD_NEAR_resonancia_00,ood_near,resonancia,7,2.3804943270658874,4,4,2.4805196443008728e-06,0.3230769230769231,0.023076923076923106,0.4461538461538462,0.05384615384615382,0.8461538461538461,0.0461538461538461,0.9076923076923077,0.007692307692307665,0.9076923076923077,0.04230769230769227
PRINCIPAL N=200,200,OOD_NEAR_resonancia_00,ood_near,resonancia,8,2.720564945218157,4,4,0.016415470771999622,0.3230769230769231,0.023076923076923106,0.6153846153846154,0.11538461538461542,0.8307692307692307,0.03076923076923066,0.8769230769230768,0.023076923076923217,0.8769230769230768,0.07307692307692315
PRINCIPAL N=200,200,OOD_NEAR_resonancia_00,ood_near,resonancia,9,3.0606355633704267,5,5,1.512334619415786e-05,0.20000000000000004,0.09999999999999995,0.3846153846153847,0.11538461538461531,0.7538461538461538,0.04615384615384621,0.8923076923076924,0.007692307692307665,0.8923076923076924,0.0576923076923076
PRINCIPAL N=200,200,OOD_NEAR_resonancia_00,ood_near,resonancia,10,3.4007061815226964,5,5,0.00012399401057501072,0.4,0.10000000000000003,0.5384615384615385,0.03846153846153855,0.7846153846153846,0.015384615384615441,0.876923076923077,0.023076923076922995,0.876923076923077,0.07307692307692293
PRINCIPAL N=200,200,OOD_NEAR_resonancia_01,ood_near,resonancia,1,0.33206930389657535,1,2,0.0009739174639932554,0.26153846153846155,0.038461538461538436,0.4,0.09999999999999998,0.7230769230769231,0.07692307692307698,0.8,0.09999999999999998,0.8,0.1499999999999999
PRINCIPAL N=200,200,OOD_NEAR_resonancia_01,ood_near,resonancia,2,0.6641386077931508,1,2,0.0010719071377507674,0.12307692307692308,0.1769230769230769,0.4461538461538462,0.05384615384615382,0.7846153846153847,0.01538461538461533,0.9538461538461538,0.053846153846153766,0.9538461538461538,0.0038461538461538325
PRINCIPAL N=200,200,OOD_NEAR_resonancia_01,ood_near,resonancia,3,0.9962079116897262,1,2,0.001254288370966017,0.10769230769230771,0.1923076923076923,0.49230769230769234,0.007692307692307665,0.7538461538461538,0.04615384615384621,0.8153846153846155,0.08461538461538454,0.8153846153846155,0.13461538461538447
PRINCIPAL N=200,200,OOD_NEAR_resonancia_01,ood_near,resonancia,4,1.3282772155863016,1,2,0.0013564019777741285,0.36923076923076925,0.06923076923076926,0.5076923076923077,0.007692307692307665,0.7846153846153847,0.01538461538461533,0.8923076923076924,0.007692307692307665,0.8923076923076924,0.0576923076923076
PRINCIPAL N=200,200,OOD_NEAR_resonancia_01,ood_near,resonancia,5,1.660346519482877,1,2,0.001404333777802224,0.4615384615384615,0.16153846153846152,0.6307692307692309,0.13076923076923086,0.9384615384615385,0.1384615384615384,0.9538461538461538,0.053846153846153766,0.9538461538461538,0.0038461538461538325
PRINCIPAL N=200,200,OOD_NEAR_resonancia_01,ood_near,resonancia,6,1.9924158233794524,1,2,0.0014814779035236074,0.18461538461538463,0.11538461538461536,0.5076923076923077,0.007692307692307665,0.7230769230769231,0.07692307692307698,0.8461538461538461,0.05384615384615388,0.8461538461538461,0.10384615384615381
PRINCIPAL N=200,200,OOD_NEAR_resonancia_01,ood_near,resonancia,7,2.3244851272760276,1,2,0.0015551531823657853,0.12307692307692308,0.1769230769230769,0.4,0.09999999999999998,0.8307692307692308,0.03076923076923077,0.9846153846153847,0.08461538461538465,0.9846153846153847,0.034615384615384714
PRINCIPAL N=200,200,OOD_NEAR_resonancia_01,ood_near,resonancia,8,2.6565544311726033,1,2,0.0015762782276032244,0.07692307692307693,0.22307692307692306,0.476923076923077,0.023076923076922995,0.6923076923076924,0.10769230769230764,0.8,0.09999999999999998,0.8,0.1499999999999999
PRINCIPAL N=200,200,OOD_NEAR_resonancia_01,ood_near,resonancia,9,2.9886237350691784,1,2,0.001531515744196878,0.10769230769230771,0.1923076923076923,0.49230769230769234,0.007692307692307665,0.7846153846153847,0.01538461538461533,0.8615384615384615,0.03846153846153855,0.8615384615384615,0.08846153846153848
PRINCIPAL N=200,200,OOD_NEAR_resonancia_01,ood_near,resonancia,10,3.3206930389657536,1,2,0.001516273207985554,0.15384615384615385,0.14615384615384613,0.46153846153846156,0.038461538461538436,0.7846153846153847,0.01538461538461533,0.8615384615384615,0.03846153846153855,0.8615384615384615,0.08846153846153848
PRINCIPAL N=200,200,OOD_NEAR_resonancia_02,ood_near,resonancia,1,0.397942483005445,1,2,0.0014348446548121617,0.4153846153846154,0.11538461538461542,0.6307692307692307,0.13076923076923075,0.8615384615384615,0.06153846153846143,0.8923076923076924,0.007692307692307665,0.8923076923076924,0.0576923076923076
PRINCIPAL N=200,200,OOD_NEAR_resonancia_02,ood_near,resonancia,2,0.79588496601089,2,2,0.0044523601977701525,0.4461538461538462,0.1461538461538462,0.6307692307692309,0.13076923076923086,0.8615384615384615,0.06153846153846143,0.8923076923076924,0.007692307692307665,0.8923076923076924,0.0576923076923076
PRINCIPAL N=200,200,OOD_NEAR_resonancia_02,ood_near,resonancia,3,1.193827449016335,1,2,0.0016407820500021308,0.29230769230769227,0.0076923076923077205,0.5846153846153846,0.08461538461538465,0.9076923076923077,0.10769230769230764,0.9384615384615385,0.038461538461538436,0.9384615384615385,0.011538461538461497
PRINCIPAL N=200,200,OOD_NEAR_resonancia_02,ood_near,resonancia,4,1.59176993202178,2,2,0.0011693356105028137,0.27692307692307694,0.02307692307692305,0.3538461538461538,0.1461538461538462,0.7846153846153846,0.015384615384615441,0.8615384615384617,0.038461538461538325,0.8615384615384617,0.08846153846153826
PRINCIPAL N=200,200,OOD_NEAR_resonancia_02,ood_near,resonancia,5,1.989712415027225,1,2,0.0008887825414488042,0.4461538461538462,0.1461538461538462,0.6153846153846153,0.11538461538461531,0.8461538461538461,0.0461538461538461,0.9384615384615385,0.038461538461538436,0.9384615384615385,0.011538461538461497
PRINCIPAL N=200,200,OOD_NEAR_resonancia_02,ood_near,resonancia,6,2.38765489803267,2,2,0.00019540468884625246,0.21538461538461537,0.08461538461538462,0.43076923076923074,0.06923076923076926,0.7538461538461538,0.04615384615384621,0.923076923076923,0.023076923076922995,0.923076923076923,0.02692307692307694
PRINCIPAL N=200,200,OOD_NEAR_resonancia_02,ood_near,resonancia,7,2.785597381038115,2,2,0.00011820149126168938,0.2923076923076923,0.007692307692307665,0.5076923076923077,0.007692307692307665,0.8461538461538461,0.0461538461538461,0.8923076923076924,0.007692307692307665,0.8923076923076924,0.0576923076923076
PRINCIPAL N=200,200,OOD_NEAR_resonancia_02,ood_near,resonancia,8,3.18353986404356,2,2,0.00017507108945115078,0.24615384615384617,0.05384615384615382,0.4461538461538462,0.05384615384615382,0.8,0.0,0.9384615384615385,0.038461538461538436,0.9384615384615385,0.011538461538461497
PRINCIPAL N=200,200,OOD_NEAR_resonancia_02,ood_near,resonancia,9,3.581482347049005,3,3,1.0534745506823864e-06,0.24615384615384617,0.05384615384615382,0.44615384615384607,0.05384615384615393,0.8,0.0,0.8615384615384615,0.03846153846153855,0.8615384615384615,0.08846153846153848
PRINCIPAL N=200,200,OOD_NEAR_resonancia_02,ood_near,resonancia,10,3.97942483005445,3,3,4.958500642917074e-05,0.2461538461538461,0.05384615384615388,0.5846153846153846,0.08461538461538465,0.8,0.0,0.8923076923076924,0.007692307692307665,0.8923076923076924,0.0576923076923076
PRINCIPAL N=200,200,OOD_NEAR_resonancia_03,ood_near,resonancia,1,0.3727373233582223,2,2,0.003213159368301808,0.4,0.10000000000000003,0.6307692307692309,0.13076923076923086,0.9538461538461538,0.15384615384615374,0.9692307692307693,0.06923076923076932,0.9692307692307693,0.019230769230769384
PRINCIPAL N=200,200,OOD_NEAR_resonancia_03,ood_near,resonancia,2,0.7454746467164446,2,2,0.006918592007562374,0.4153846153846154,0.11538461538461542,0.6,0.09999999999999998,0.8461538461538461,0.0461538461538461,0.876923076923077,0.023076923076922995,0.876923076923077,0.07307692307692293
PRINCIPAL N=200,200,OOD_NEAR_resonancia_03,ood_near,resonancia,3,1.1182119700746669,1,2,0.0009318372362909413,0.24615384615384617,0.05384615384615382,0.5384615384615384,0.038461538461538436,0.9230769230769231,0.12307692307692308,0.9538461538461538,0.053846153846153766,0.9538461538461538,0.0038461538461538325
PRINCIPAL N=200,200,OOD_NEAR_resonancia_03,ood_near,resonancia,4,1.4909492934328892,2,2,0.003529886798256723,0.3230769230769231,0.023076923076923106,0.5846153846153845,0.08461538461538454,0.9384615384615385,0.1384615384615384,0.9692307692307693,0.06923076923076932,0.9692307692307693,0.019230769230769384
PRINCIPAL N=200,200,OOD_NEAR_resonancia_03,ood_near,resonancia,5,1.8636866167911115,1,2,0.002181368919800654,0.3230769230769231,0.023076923076923106,0.6307692307692309,0.13076923076923086,0.876923076923077,0.07692307692307698,0.9076923076923077,0.007692307692307665,0.9076923076923077,0.04230769230769227
PRINCIPAL N=200,200,OOD_NEAR_resonancia_03,ood_near,resonancia,6,2.2364239401493338,1,2,0.001904403619983849,0.38461538461538464,0.08461538461538465,0.6153846153846154,0.11538461538461542,0.9230769230769231,0.12307692307692308,0.9538461538461538,0.053846153846153766,0.9538461538461538,0.0038461538461538325
PRINCIPAL N=200,200,OOD_NEAR_resonancia_03,ood_near,resonancia,7,2.609161263507556,1,2,0.0006440243763056726,0.36923076923076925,0.06923076923076926,0.4769230769230769,0.023076923076923106,0.876923076923077,0.07692307692307698,0.9230769230769231,0.023076923076923106,0.9230769230769231,0.026923076923076827
PRINCIPAL N=200,200,OOD_NEAR_resonancia_03,ood_near,resonancia,8,2.9818985868657784,1,2,0.000623617064228522,0.30769230769230765,0.007692307692307665,0.4153846153846154,0.08461538461538459,0.8307692307692307,0.03076923076923066,0.9384615384615385,0.038461538461538436,0.9384615384615385,0.011538461538461497
PRINCIPAL N=200,200,OOD_NEAR_resonancia_03,ood_near,resonancia,9,3.3546359102240007,2,2,0.003354544731795691,0.38461538461538464,0.08461538461538465,0.6153846153846154,0.11538461538461542,0.8615384615384615,0.06153846153846143,0.9384615384615385,0.038461538461538436,0.9384615384615385,0.011538461538461497
PRINCIPAL N=200,200,OOD_NEAR_resonancia_03,ood_near,resonancia,10,3.727373233582223,2,2,0.0025516854253204413,0.24615384615384617,0.05384615384615382,0.5076923076923077,0.007692307692307665,0.7846153846153847,0.01538461538461533,0.8615384615384617,0.038461538461538325,0.8615384615384617,0.08846153846153826
PRINCIPAL N=200,200,OOD_NEAR_euler_colineal_00,ood_near,euler_colineal,1,1.5,1,2,0.0005862939620190988,0.2615384615384616,0.03846153846153838,0.5538461538461539,0.05384615384615388,0.8461538461538461,0.0461538461538461,0.923076923076923,0.023076923076922995,0.923076923076923,0.02692307692307694
PRINCIPAL N=200,200,OOD_NEAR_euler_colineal_00,ood_near,euler_colineal,2,3.0,1,2,0.001305999785472541,0.2615384615384616,0.03846153846153838,0.4615384615384615,0.03846153846153849,0.9230769230769231,0.12307692307692308,0.9692307692307693,0.06923076923076932,0.9692307692307693,0.019230769230769384
PRINCIPAL N=200,200,OOD_NEAR_euler_colineal_00,ood_near,euler_colineal,3,4.5,2,2,0.0006166129313073651,0.3538461538461538,0.05384615384615382,0.6307692307692307,0.13076923076923075,0.8923076923076924,0.09230769230769231,0.9384615384615385,0.038461538461538436,0.9384615384615385,0.011538461538461497
PRINCIPAL N=200,200,OOD_NEAR_euler_colineal_00,ood_near,euler_colineal,4,6.0,4,4,7.56490982890896e-11,0.3538461538461538,0.05384615384615382,0.676923076923077,0.17692307692307696,0.9076923076923077,0.10769230769230764,0.9384615384615385,0.038461538461538436,0.9384615384615385,0.011538461538461497
PRINCIPAL N=200,200,OOD_NEAR_euler_colineal_00,ood_near,euler_colineal,5,7.5,7,7,2.8323413655527487e-08,0.3538461538461538,0.05384615384615382,0.6307692307692307,0.13076923076923075,0.8615384615384615,0.06153846153846143,0.9384615384615385,0.038461538461538436,0.9384615384615385,0.011538461538461497
PRINCIPAL N=200,200,OOD_NEAR_euler_colineal_00,ood_near,euler_colineal,6,9.0,8,8,1.5824544827864546e-06,0.26153846153846155,0.038461538461538436,0.4461538461538462,0.05384615384615382,0.9076923076923077,0.10769230769230764,0.9384615384615385,0.038461538461538436,0.9384615384615385,0.011538461538461497
PRINCIPAL N=200,200,OOD_NEAR_euler_colineal_00,ood_near,euler_colineal,7,10.5,8,8,2.1354898968192523e-06,0.3076923076923077,0.0076923076923077205,0.46153846153846156,0.038461538461538436,0.8461538461538461,0.0461538461538461,0.923076923076923,0.023076923076922995,0.923076923076923,0.02692307692307694
PRINCIPAL N=200,200,OOD_NEAR_euler_colineal_00,ood_near,euler_colineal,8,12.0,8,8,6.512142211709608e-07,0.23076923076923075,0.06923076923076923,0.476923076923077,0.023076923076922995,0.7230769230769231,0.07692307692307698,0.923076923076923,0.023076923076922995,0.923076923076923,0.02692307692307694
PRINCIPAL N=200,200,OOD_NEAR_euler_colineal_00,ood_near,euler_colineal,9,13.5,8,8,1.401412951032547e-06,0.30769230769230765,0.007692307692307665,0.5384615384615385,0.03846153846153855,0.9076923076923077,0.10769230769230764,0.9846153846153847,0.08461538461538465,0.9846153846153847,0.034615384615384714
PRINCIPAL N=200,200,OOD_NEAR_euler_colineal_00,ood_near,euler_colineal,10,15.0,7,7,1.6071342596625277e-06,0.16923076923076924,0.13076923076923075,0.3538461538461538,0.1461538461538462,0.8,0.0,0.876923076923077,0.023076923076922995,0.876923076923077,0.07307692307692293
PRINCIPAL N=200,200,OOD_NEAR_euler_colineal_01,ood_near,euler_colineal,1,1.5,1,2,0.0005356753412193415,0.21538461538461542,0.08461538461538456,0.4615384615384615,0.03846153846153849,0.7692307692307693,0.03076923076923077,0.8461538461538464,0.053846153846153655,0.8461538461538464,0.10384615384615359
PRINCIPAL N=200,200,OOD_NEAR_euler_colineal_01,ood_near,euler_colineal,2,3.0,1,2,0.00015104792188807648,0.15384615384615388,0.1461538461538461,0.5230769230769231,0.023076923076923106,0.876923076923077,0.07692307692307698,0.9384615384615385,0.038461538461538436,0.9384615384615385,0.011538461538461497
PRINCIPAL N=200,200,OOD_NEAR_euler_colineal_01,ood_near,euler_colineal,3,4.5,1,2,0.00011098189532727547,0.4461538461538462,0.1461538461538462,0.5692307692307693,0.06923076923076932,0.8615384615384615,0.06153846153846143,0.9538461538461538,0.053846153846153766,0.9538461538461538,0.0038461538461538325
PRINCIPAL N=200,200,OOD_NEAR_euler_colineal_01,ood_near,euler_colineal,4,6.0,5,5,9.000743326241797e-10,0.27692307692307694,0.02307692307692305,0.5692307692307692,0.0692307692307692,0.8923076923076924,0.09230769230769231,0.9692307692307693,0.06923076923076932,0.9692307692307693,0.019230769230769384
PRINCIPAL N=200,200,OOD_NEAR_euler_colineal_01,ood_near,euler_colineal,5,7.5,6,6,1.250581608717397e-09,0.26153846153846155,0.038461538461538436,0.5846153846153846,0.08461538461538465,0.876923076923077,0.07692307692307698,0.9538461538461538,0.053846153846153766,0.9538461538461538,0.0038461538461538325
PRINCIPAL N=200,200,OOD_NEAR_euler_colineal_01,ood_near,euler_colineal,6,9.0,7,7,6.877888690250018e-13,0.36923076923076925,0.06923076923076926,0.5384615384615384,0.038461538461538436,0.8923076923076924,0.09230769230769231,0.9692307692307693,0.06923076923076932,0.9692307692307693,0.019230769230769384
PRINCIPAL N=200,200,OOD_NEAR_euler_colineal_01,ood_near,euler_colineal,7,10.5,7,7,6.023152980580551e-13,0.46153846153846156,0.16153846153846158,0.6461538461538462,0.1461538461538462,0.8923076923076924,0.09230769230769231,0.9538461538461538,0.053846153846153766,0.9538461538461538,0.0038461538461538325
PRINCIPAL N=200,200,OOD_NEAR_euler_colineal_01,ood_near,euler_colineal,8,12.0,7,7,1.1787268229537367e-08,0.5076923076923077,0.20769230769230768,0.7076923076923076,0.20769230769230762,0.8461538461538461,0.0461538461538461,0.9384615384615385,0.038461538461538436,0.9384615384615385,0.011538461538461497
PRINCIPAL N=200,200,OOD_NEAR_euler_colineal_01,ood_near,euler_colineal,9,13.5,7,7,3.592815984097258e-13,0.4,0.10000000000000003,0.6923076923076923,0.1923076923076923,0.8307692307692307,0.03076923076923066,0.9384615384615385,0.038461538461538436,0.9384615384615385,0.011538461538461497
PRINCIPAL N=200,200,OOD_NEAR_euler_colineal_01,ood_near,euler_colineal,10,15.0,6,6,8.844733302111523e-11,0.4461538461538462,0.1461538461538462,0.6307692307692307,0.13076923076923075,0.8307692307692307,0.03076923076923066,0.9384615384615385,0.038461538461538436,0.9384615384615385,0.011538461538461497
PRINCIPAL N=200,200,OOD_NEAR_euler_colineal_02,ood_near,euler_colineal,1,1.5,1,2,0.0006736520633990193,0.13846153846153847,0.16153846153846152,0.4153846153846154,0.08461538461538459,0.8307692307692308,0.03076923076923077,0.9076923076923077,0.007692307692307665,0.9076923076923077,0.04230769230769227
PRINCIPAL N=200,200,OOD_NEAR_euler_colineal_02,ood_near,euler_colineal,2,3.0,1,2,0.00025587572852046067,0.30769230769230765,0.007692307692307665,0.676923076923077,0.17692307692307696,0.9384615384615385,0.1384615384615384,0.9846153846153847,0.08461538461538465,0.9846153846153847,0.034615384615384714
PRINCIPAL N=200,200,OOD_NEAR_euler_colineal_02,ood_near,euler_colineal,3,4.5,3,3,1.5410492917633278e-06,0.2,0.09999999999999998,0.4,0.09999999999999998,0.8,0.0,0.9692307692307693,0.06923076923076932,0.9692307692307693,0.019230769230769384
PRINCIPAL N=200,200,OOD_NEAR_euler_colineal_02,ood_near,euler_colineal,4,6.0,5,5,1.4601562529312372e-09,0.2,0.09999999999999998,0.4153846153846154,0.08461538461538459,0.8,0.0,0.9692307692307693,0.06923076923076932,0.9692307692307693,0.019230769230769384
PRINCIPAL N=200,200,OOD_NEAR_euler_colineal_02,ood_near,euler_colineal,5,7.5,7,7,6.926188090124846e-08,0.2,0.09999999999999998,0.43076923076923074,0.06923076923076926,0.8,0.0,0.9692307692307693,0.06923076923076932,0.9692307692307693,0.019230769230769384
PRINCIPAL N=200,200,OOD_NEAR_euler_colineal_02,ood_near,euler_colineal,6,9.0,8,8,1.030951402839702e-06,0.4,0.10000000000000003,0.6461538461538462,0.1461538461538462,0.9538461538461538,0.15384615384615374,0.9692307692307693,0.06923076923076932,0.9692307692307693,0.019230769230769384
PRINCIPAL N=200,200,OOD_NEAR_euler_colineal_02,ood_near,euler_colineal,7,10.5,8,8,9.251157143636347e-06,0.3538461538461539,0.05384615384615393,0.6923076923076923,0.1923076923076923,0.8923076923076924,0.09230769230769231,0.9538461538461538,0.053846153846153766,0.9538461538461538,0.0038461538461538325
PRINCIPAL N=200,200,OOD_NEAR_euler_colineal_02,ood_near,euler_colineal,8,12.0,8,8,6.969966010070469e-07,0.49230769230769234,0.19230769230769235,0.6461538461538462,0.1461538461538462,0.8615384615384615,0.06153846153846143,0.8923076923076924,0.007692307692307665,0.8923076923076924,0.0576923076923076
PRINCIPAL N=200,200,OOD_NEAR_euler_colineal_02,ood_near,euler_colineal,9,13.5,8,8,4.5936145436401674e-07,0.38461538461538464,0.08461538461538465,0.7076923076923077,0.20769230769230773,0.8307692307692308,0.03076923076923077,0.9384615384615385,0.038461538461538436,0.9384615384615385,0.011538461538461497
PRINCIPAL N=200,200,OOD_NEAR_euler_colineal_02,ood_near,euler_colineal,10,15.0,8,8,8.915303570548756e-08,0.2923076923076923,0.007692307692307665,0.5692307692307692,0.0692307692307692,0.8461538461538461,0.0461538461538461,0.8923076923076924,0.007692307692307665,0.8923076923076924,0.0576923076923076
PRINCIPAL N=200,200,OOD_NEAR_euler_colineal_03,ood_near,euler_colineal,1,1.5,1,2,0.0008810546137534457,0.4153846153846154,0.11538461538461542,0.676923076923077,0.17692307692307696,0.9692307692307693,0.1692307692307693,0.9692307692307693,0.06923076923076932,0.9692307692307693,0.019230769230769384
PRINCIPAL N=200,200,OOD_NEAR_euler_colineal_03,ood_near,euler_colineal,2,3.0,1,2,5.455103440789625e-05,0.36923076923076925,0.06923076923076926,0.5230769230769231,0.023076923076923106,0.8,0.0,0.9076923076923077,0.007692307692307665,0.9076923076923077,0.04230769230769227
PRINCIPAL N=200,200,OOD_NEAR_euler_colineal_03,ood_near,euler_colineal,3,4.5,4,4,7.944138440842507e-07,0.29230769230769227,0.0076923076923077205,0.5538461538461539,0.05384615384615388,0.9384615384615385,0.1384615384615384,0.9538461538461538,0.053846153846153766,0.9538461538461538,0.0038461538461538325
PRINCIPAL N=200,200,OOD_NEAR_euler_colineal_03,ood_near,euler_colineal,4,6.0,6,6,7.750749169302512e-07,0.4,0.10000000000000003,0.49230769230769234,0.007692307692307665,0.8,0.0,0.9076923076923077,0.007692307692307665,0.9076923076923077,0.04230769230769227
PRINCIPAL N=200,200,OOD_NEAR_euler_colineal_03,ood_near,euler_colineal,5,7.5,7,7,3.72565969486127e-05,0.5230769230769232,0.22307692307692323,0.6615384615384615,0.16153846153846152,0.7846153846153847,0.01538461538461533,0.9076923076923077,0.007692307692307665,0.9076923076923077,0.04230769230769227
PRINCIPAL N=200,200,OOD_NEAR_euler_colineal_03,ood_near,euler_colineal,6,9.0,9,9,3.1154756954997733e-05,0.15384615384615385,0.14615384615384613,0.4461538461538462,0.05384615384615382,0.8,0.0,0.8615384615384615,0.03846153846153855,0.8615384615384615,0.08846153846153848
PRINCIPAL N=200,200,OOD_NEAR_euler_colineal_03,ood_near,euler_colineal,7,10.5,9,9,7.443114834412056e-06,0.36923076923076925,0.06923076923076926,0.6461538461538462,0.1461538461538462,0.876923076923077,0.07692307692307698,0.9384615384615385,0.038461538461538436,0.9384615384615385,0.011538461538461497
PRINCIPAL N=200,200,OOD_NEAR_euler_colineal_03,ood_near,euler_colineal,8,12.0,9,9,8.152545251379565e-07,0.30769230769230776,0.007692307692307776,0.4461538461538462,0.05384615384615382,0.7384615384615385,0.06153846153846154,0.8615384615384617,0.038461538461538325,0.8615384615384617,0.08846153846153826
PRINCIPAL N=200,200,OOD_NEAR_euler_colineal_03,ood_near,euler_colineal,9,13.5,8,8,5.094171922342616e-07,0.43076923076923074,0.13076923076923075,0.5538461538461539,0.05384615384615388,0.7692307692307693,0.03076923076923077,0.876923076923077,0.023076923076922995,0.876923076923077,0.07307692307692293
PRINCIPAL N=200,200,OOD_NEAR_euler_colineal_03,ood_near,euler_colineal,10,15.0,8,8,2.625975007917591e-07,0.3538461538461538,0.05384615384615382,0.5076923076923077,0.007692307692307665,0.8461538461538461,0.0461538461538461,0.9538461538461538,0.053846153846153766,0.9538461538461538,0.0038461538461538325
PRINCIPAL N=200,200,OOD_NEAR_masas_asimetricas_00,ood_near,masas_asimetricas,1,0.8808790250442602,1,2,0.0013804748598783185,0.3846153846153847,0.0846153846153847,0.6153846153846154,0.11538461538461542,0.8461538461538464,0.04615384615384632,0.9230769230769231,0.023076923076923106,0.9230769230769231,0.026923076923076827
PRINCIPAL N=200,200,OOD_NEAR_masas_asimetricas_00,ood_near,masas_asimetricas,2,1.7617580500885204,2,2,0.0010128040125667026,0.3538461538461538,0.05384615384615382,0.5692307692307692,0.0692307692307692,0.8461538461538461,0.0461538461538461,0.8923076923076924,0.007692307692307665,0.8923076923076924,0.0576923076923076
PRINCIPAL N=200,200,OOD_NEAR_masas_asimetricas_00,ood_near,masas_asimetricas,3,2.6426370751327806,1,2,0.0005497970743311647,0.27692307692307694,0.02307692307692305,0.49230769230769234,0.007692307692307665,0.8923076923076924,0.09230769230769231,0.8923076923076924,0.007692307692307665,0.8923076923076924,0.0576923076923076
PRINCIPAL N=200,200,OOD_NEAR_masas_asimetricas_00,ood_near,masas_asimetricas,4,3.5235161001770408,2,2,0.0008121488531733024,0.38461538461538464,0.08461538461538465,0.5230769230769231,0.023076923076923106,0.8,0.0,0.923076923076923,0.023076923076922995,0.923076923076923,0.02692307692307694
PRINCIPAL N=200,200,OOD_NEAR_masas_asimetricas_00,ood_near,masas_asimetricas,5,4.404395125221301,1,2,0.0004898269377003035,0.23076923076923075,0.06923076923076923,0.4,0.09999999999999998,0.8615384615384617,0.06153846153846165,0.9692307692307693,0.06923076923076932,0.9692307692307693,0.019230769230769384
PRINCIPAL N=200,200,OOD_NEAR_masas_asimetricas_00,ood_near,masas_asimetricas,6,5.285274150265561,1,2,0.00030212586576256384,0.36923076923076925,0.06923076923076926,0.5076923076923077,0.007692307692307665,0.8153846153846154,0.01538461538461533,0.9538461538461538,0.053846153846153766,0.9538461538461538,0.0038461538461538325
PRINCIPAL N=200,200,OOD_NEAR_masas_asimetricas_00,ood_near,masas_asimetricas,7,6.166153175309821,1,2,0.0006910182284828299,0.26153846153846155,0.038461538461538436,0.4769230769230769,0.023076923076923106,0.8,0.0,0.8923076923076924,0.007692307692307665,0.8923076923076924,0.0576923076923076
PRINCIPAL N=200,200,OOD_NEAR_masas_asimetricas_00,ood_near,masas_asimetricas,8,7.0470322003540815,1,2,0.0003676851218759786,0.4153846153846154,0.11538461538461542,0.6615384615384615,0.16153846153846152,0.8923076923076924,0.09230769230769231,0.9384615384615385,0.038461538461538436,0.9384615384615385,0.011538461538461497
PRINCIPAL N=200,200,OOD_NEAR_masas_asimetricas_00,ood_near,masas_asimetricas,9,7.927911225398342,2,2,0.0014734242632543388,0.38461538461538464,0.08461538461538465,0.5076923076923078,0.007692307692307776,0.8153846153846154,0.01538461538461533,0.8923076923076924,0.007692307692307665,0.8923076923076924,0.0576923076923076
PRINCIPAL N=200,200,OOD_NEAR_masas_asimetricas_00,ood_near,masas_asimetricas,10,8.808790250442602,1,2,0.001249694774403082,0.4,0.10000000000000003,0.6153846153846153,0.11538461538461531,0.876923076923077,0.07692307692307698,0.9076923076923077,0.007692307692307665,0.9076923076923077,0.04230769230769227
PRINCIPAL N=200,200,OOD_NEAR_masas_asimetricas_01,ood_near,masas_asimetricas,1,0.7501798348658469,1,2,0.0014941424001007025,0.26153846153846155,0.038461538461538436,0.5846153846153845,0.08461538461538454,0.8,0.0,0.8615384615384615,0.03846153846153855,0.8615384615384615,0.08846153846153848
PRINCIPAL N=200,200,OOD_NEAR_masas_asimetricas_01,ood_near,masas_asimetricas,2,1.5003596697316939,2,2,0.0017867098867709232,0.2615384615384616,0.03846153846153838,0.6153846153846153,0.11538461538461531,0.8307692307692308,0.03076923076923077,0.9230769230769231,0.023076923076923106,0.9230769230769231,0.026923076923076827
PRINCIPAL N=200,200,OOD_NEAR_masas_asimetricas_01,ood_near,masas_asimetricas,3,2.250539504597541,1,2,0.00040800399509892756,0.3846153846153846,0.08461538461538459,0.6,0.09999999999999998,0.8153846153846155,0.015384615384615441,0.9538461538461538,0.053846153846153766,0.9538461538461538,0.0038461538461538325
PRINCIPAL N=200,200,OOD_NEAR_masas_asimetricas_01,ood_near,masas_asimetricas,4,3.0007193394633878,1,2,0.0009389737061916495,0.43076923076923074,0.13076923076923075,0.5846153846153845,0.08461538461538454,0.8307692307692308,0.03076923076923077,0.9538461538461538,0.053846153846153766,0.9538461538461538,0.0038461538461538325
PRINCIPAL N=200,200,OOD_NEAR_masas_asimetricas_01,ood_near,masas_asimetricas,5,3.7508991743292346,1,2,0.0007815483153301957,0.4153846153846154,0.11538461538461542,0.6000000000000001,0.10000000000000009,0.8307692307692308,0.03076923076923077,0.9230769230769231,0.023076923076923106,0.9230769230769231,0.026923076923076827
PRINCIPAL N=200,200,OOD_NEAR_masas_asimetricas_01,ood_near,masas_asimetricas,6,4.501079009195082,1,2,0.00042906891979945666,0.26153846153846155,0.038461538461538436,0.6000000000000001,0.10000000000000009,0.8615384615384617,0.06153846153846165,0.9384615384615385,0.038461538461538436,0.9384615384615385,0.011538461538461497
PRINCIPAL N=200,200,OOD_NEAR_masas_asimetricas_01,ood_near,masas_asimetricas,7,5.251258844060929,1,2,0.001136798119925472,0.4,0.10000000000000003,0.6153846153846154,0.11538461538461542,0.7846153846153847,0.01538461538461533,0.8307692307692308,0.0692307692307692,0.8307692307692308,0.11923076923076914
PRINCIPAL N=200,200,OOD_NEAR_masas_asimetricas_01,ood_near,masas_asimetricas,8,6.0014386789267755,1,2,0.0003472236956324369,0.13846153846153847,0.16153846153846152,0.5692307692307692,0.0692307692307692,0.876923076923077,0.07692307692307698,0.953846153846154,0.05384615384615399,0.953846153846154,0.0038461538461540545
PRINCIPAL N=200,200,OOD_NEAR_masas_asimetricas_01,ood_near,masas_asimetricas,9,6.751618513792622,2,2,0.0018395719836415507,0.41538461538461535,0.11538461538461536,0.6000000000000001,0.10000000000000009,0.8153846153846155,0.015384615384615441,0.9538461538461538,0.053846153846153766,0.9538461538461538,0.0038461538461538325
PRINCIPAL N=200,200,OOD_NEAR_masas_asimetricas_01,ood_near,masas_asimetricas,10,7.501798348658469,1,2,0.0009396840057162608,0.3384615384615385,0.03846153846153849,0.6,0.09999999999999998,0.8,0.0,0.9538461538461538,0.053846153846153766,0.9538461538461538,0.0038461538461538325
PRINCIPAL N=200,200,OOD_NEAR_masas_asimetricas_02,ood_near,masas_asimetricas,1,0.9421951298066219,1,2,0.00042336704805968325,0.36923076923076925,0.06923076923076926,0.6153846153846153,0.11538461538461531,0.8461538461538461,0.0461538461538461,0.923076923076923,0.023076923076922995,0.923076923076923,0.02692307692307694
PRINCIPAL N=200,200,OOD_NEAR_masas_asimetricas_02,ood_near,masas_asimetricas,2,1.8843902596132436,2,2,0.0014777618894714632,0.4769230769230769,0.1769230769230769,0.6,0.09999999999999998,0.9076923076923078,0.10769230769230775,0.953846153846154,0.05384615384615399,0.953846153846154,0.0038461538461540545
PRINCIPAL N=200,200,OOD_NEAR_masas_asimetricas_02,ood_near,masas_asimetricas,3,2.8265853894198654,1,2,0.0014892852141251073,0.27692307692307694,0.02307692307692305,0.5230769230769231,0.023076923076923106,0.8,0.0,0.876923076923077,0.023076923076922995,0.876923076923077,0.07307692307692293
PRINCIPAL N=200,200,OOD_NEAR_masas_asimetricas_02,ood_near,masas_asimetricas,4,3.768780519226487,2,2,0.0014992928207126451,0.2923076923076923,0.007692307692307665,0.46153846153846156,0.038461538461538436,0.9076923076923078,0.10769230769230775,0.9846153846153847,0.08461538461538465,0.9846153846153847,0.034615384615384714
PRINCIPAL N=200,200,OOD_NEAR_masas_asimetricas_02,ood_near,masas_asimetricas,5,4.710975649033109,1,2,0.0013858922912327203,0.38461538461538464,0.08461538461538465,0.5230769230769231,0.023076923076923106,0.9076923076923077,0.10769230769230764,0.9538461538461538,0.053846153846153766,0.9538461538461538,0.0038461538461538325
PRINCIPAL N=200,200,OOD_NEAR_masas_asimetricas_02,ood_near,masas_asimetricas,6,5.653170778839732,1,2,0.000668754547514574,0.26153846153846155,0.038461538461538436,0.5538461538461539,0.05384615384615388,0.8923076923076924,0.09230769230769231,0.923076923076923,0.023076923076922995,0.923076923076923,0.02692307692307694
PRINCIPAL N=200,200,OOD_NEAR_masas_asimetricas_02,ood_near,masas_asimetricas,7,6.595365908646353,2,2,0.002981061799468713,0.29230769230769227,0.0076923076923077205,0.49230769230769234,0.007692307692307665,0.8461538461538461,0.0461538461538461,0.8923076923076924,0.007692307692307665,0.8923076923076924,0.0576923076923076
PRINCIPAL N=200,200,OOD_NEAR_masas_asimetricas_02,ood_near,masas_asimetricas,8,7.537561038452974,1,2,0.0010384131476910592,0.4,0.10000000000000003,0.5999999999999999,0.09999999999999987,0.8461538461538461,0.0461538461538461,0.9846153846153847,0.08461538461538465,0.9846153846153847,0.034615384615384714
PRINCIPAL N=200,200,OOD_NEAR_masas_asimetricas_02,ood_near,masas_asimetricas,9,8.479756168259597,1,2,0.0024605430607905513,0.3384615384615385,0.03846153846153849,0.5230769230769231,0.023076923076923106,0.876923076923077,0.07692307692307698,0.9538461538461538,0.053846153846153766,0.9538461538461538,0.0038461538461538325
PRINCIPAL N=200,200,OOD_NEAR_masas_asimetricas_02,ood_near,masas_asimetricas,10,9.421951298066219,1,2,0.002127000473023722,0.2923076923076923,0.007692307692307665,0.5692307692307692,0.0692307692307692,0.8,0.0,0.8769230769230768,0.023076923076923217,0.8769230769230768,0.07307692307692315
PRINCIPAL N=200,200,OOD_NEAR_masas_asimetricas_03,ood_near,masas_asimetricas,1,0.7865285243780283,1,2,0.0013929793225877433,0.24615384615384617,0.05384615384615382,0.4461538461538462,0.05384615384615382,0.7384615384615384,0.06153846153846165,0.923076923076923,0.023076923076922995,0.923076923076923,0.02692307692307694
PRINCIPAL N=200,200,OOD_NEAR_masas_asimetricas_03,ood_near,masas_asimetricas,2,1.5730570487560565,1,2,0.0010168364609721224,0.30769230769230765,0.007692307692307665,0.5076923076923077,0.007692307692307665,0.8461538461538461,0.0461538461538461,0.876923076923077,0.023076923076922995,0.876923076923077,0.07307692307692293
PRINCIPAL N=200,200,OOD_NEAR_masas_asimetricas_03,ood_near,masas_asimetricas,3,2.3595855731340847,1,2,0.0007580421050076819,0.2923076923076923,0.007692307692307665,0.5076923076923077,0.007692307692307665,0.8153846153846154,0.01538461538461533,0.9846153846153847,0.08461538461538465,0.9846153846153847,0.034615384615384714
PRINCIPAL N=200,200,OOD_NEAR_masas_asimetricas_03,ood_near,masas_asimetricas,4,3.146114097512113,1,2,0.0014529192215936514,0.32307692307692304,0.02307692307692305,0.5692307692307692,0.0692307692307692,0.7846153846153846,0.015384615384615441,0.8615384615384617,0.038461538461538325,0.8615384615384617,0.08846153846153826
PRINCIPAL N=200,200,OOD_NEAR_masas_asimetricas_03,ood_near,masas_asimetricas,5,3.932642621890141,1,2,0.0012304664560713104,0.2,0.09999999999999998,0.4,0.09999999999999998,0.8,0.0,0.9538461538461538,0.053846153846153766,0.9538461538461538,0.0038461538461538325
PRINCIPAL N=200,200,OOD_NEAR_masas_asimetricas_03,ood_near,masas_asimetricas,6,4.719171146268169,1,2,0.0006383288165445072,0.30769230769230765,0.007692307692307665,0.5384615384615385,0.03846153846153855,0.8307692307692308,0.03076923076923077,0.9076923076923078,0.007692307692307776,0.9076923076923078,0.04230769230769216
PRINCIPAL N=200,200,OOD_NEAR_masas_asimetricas_03,ood_near,masas_asimetricas,7,5.505699670646198,1,2,0.0005628415928833625,0.30769230769230765,0.007692307692307665,0.5384615384615385,0.03846153846153855,0.8307692307692308,0.03076923076923077,0.9076923076923078,0.007692307692307776,0.9076923076923078,0.04230769230769216
PRINCIPAL N=200,200,OOD_NEAR_masas_asimetricas_03,ood_near,masas_asimetricas,8,6.292228195024227,1,2,0.0005191408796002486,0.21538461538461537,0.08461538461538462,0.5384615384615385,0.03846153846153855,0.7846153846153847,0.01538461538461533,0.9230769230769231,0.023076923076923106,0.9230769230769231,0.026923076923076827
PRINCIPAL N=200,200,OOD_NEAR_masas_asimetricas_03,ood_near,masas_asimetricas,9,7.0787567194022545,1,2,0.0006362341330338597,0.3692307692307692,0.0692307692307692,0.5846153846153846,0.08461538461538465,0.8153846153846154,0.01538461538461533,0.8923076923076924,0.007692307692307665,0.8923076923076924,0.0576923076923076
PRINCIPAL N=200,200,OOD_NEAR_masas_asimetricas_03,ood_near,masas_asimetricas,10,7.865285243780283,1,2,0.0006657001371987792,0.27692307692307694,0.02307692307692305,0.49230769230769234,0.007692307692307665,0.8,0.0,0.9538461538461538,0.053846153846153766,0.9538461538461538,0.0038461538461538325
PRINCIPAL N=200,200,OOD_FAR_separatriz_00,ood_far,separatriz,1,0.560161757991949,1,2,0.0003385501254025196,0.24615384615384617,0.05384615384615382,0.38461538461538464,0.11538461538461536,0.6461538461538463,0.15384615384615374,0.9230769230769231,0.023076923076923106,0.9230769230769231,0.026923076923076827
PRINCIPAL N=200,200,OOD_FAR_separatriz_00,ood_far,separatriz,2,1.120323515983898,1,2,0.0005287178522870738,0.4,0.10000000000000003,0.6461538461538462,0.1461538461538462,0.8923076923076924,0.09230769230769231,0.9692307692307693,0.06923076923076932,0.9692307692307693,0.019230769230769384
PRINCIPAL N=200,200,OOD_FAR_separatriz_00,ood_far,separatriz,3,1.680485273975847,1,2,0.00026221972317936953,0.2,0.09999999999999998,0.5384615384615385,0.03846153846153855,0.8153846153846154,0.01538461538461533,0.8461538461538461,0.05384615384615388,0.8461538461538461,0.10384615384615381
PRINCIPAL N=200,200,OOD_FAR_separatriz_00,ood_far,separatriz,4,2.240647031967796,1,2,0.0004363136814525389,0.27692307692307694,0.02307692307692305,0.4153846153846154,0.08461538461538459,0.7846153846153847,0.01538461538461533,0.9230769230769231,0.023076923076923106,0.9230769230769231,0.026923076923076827
PRINCIPAL N=200,200,OOD_FAR_separatriz_00,ood_far,separatriz,5,2.800808789959745,1,2,0.00035168175644657043,0.2,0.09999999999999998,0.46153846153846156,0.038461538461538436,0.7076923076923076,0.09230769230769242,0.8307692307692307,0.06923076923076932,0.8307692307692307,0.11923076923076925
PRINCIPAL N=200,200,OOD_FAR_separatriz_00,ood_far,separatriz,6,3.3609705479516943,1,2,0.00046185514957434456,0.2615384615384616,0.03846153846153838,0.5230769230769231,0.023076923076923106,0.7230769230769232,0.07692307692307687,0.9076923076923077,0.007692307692307665,0.9076923076923077,0.04230769230769227
PRINCIPAL N=200,200,OOD_FAR_separatriz_00,ood_far,separatriz,7,3.921132305943643,1,2,0.0005295539871559718,0.23076923076923078,0.0692307692307692,0.476923076923077,0.023076923076922995,0.8615384615384617,0.06153846153846165,0.876923076923077,0.023076923076922995,0.876923076923077,0.07307692307692293
PRINCIPAL N=200,200,OOD_FAR_separatriz_00,ood_far,separatriz,8,4.481294063935592,1,2,0.0004957678451998555,0.24615384615384617,0.05384615384615382,0.5076923076923077,0.007692307692307665,0.7076923076923076,0.09230769230769242,0.8307692307692307,0.06923076923076932,0.8307692307692307,0.11923076923076925
PRINCIPAL N=200,200,OOD_FAR_separatriz_00,ood_far,separatriz,9,5.041455821927541,1,2,0.0004895309460708588,0.3538461538461538,0.05384615384615382,0.6307692307692309,0.13076923076923086,0.8923076923076924,0.09230769230769231,0.9846153846153847,0.08461538461538465,0.9846153846153847,0.034615384615384714
PRINCIPAL N=200,200,OOD_FAR_separatriz_00,ood_far,separatriz,10,5.60161757991949,1,2,0.0005116792151885725,0.21538461538461542,0.08461538461538456,0.5230769230769231,0.023076923076923106,0.7846153846153847,0.01538461538461533,0.8615384615384615,0.03846153846153855,0.8615384615384615,0.08846153846153848
PRINCIPAL N=200,200,OOD_FAR_separatriz_01,ood_far,separatriz,1,0.5566347864814842,1,2,0.0005054081084987136,0.32307692307692304,0.02307692307692305,0.5538461538461539,0.05384615384615388,0.8461538461538461,0.0461538461538461,0.9538461538461538,0.053846153846153766,0.9538461538461538,0.0038461538461538325
PRINCIPAL N=200,200,OOD_FAR_separatriz_01,ood_far,separatriz,2,1.1132695729629685,1,2,0.00022913787341564008,0.4153846153846154,0.11538461538461542,0.6153846153846154,0.11538461538461542,0.9692307692307693,0.1692307692307693,1.0,0.09999999999999998,1.0,0.050000000000000044
PRINCIPAL N=200,200,OOD_FAR_separatriz_01,ood_far,separatriz,3,1.6699043594444527,1,2,0.00016145753407278258,0.23076923076923078,0.0692307692307692,0.6461538461538462,0.1461538461538462,0.876923076923077,0.07692307692307698,0.9538461538461538,0.053846153846153766,0.9538461538461538,0.0038461538461538325
PRINCIPAL N=200,200,OOD_FAR_separatriz_01,ood_far,separatriz,4,2.226539145925937,1,2,0.00016946549723648456,0.41538461538461535,0.11538461538461536,0.6923076923076923,0.1923076923076923,0.9076923076923078,0.10769230769230775,0.9692307692307693,0.06923076923076932,0.9692307692307693,0.019230769230769384
PRINCIPAL N=200,200,OOD_FAR_separatriz_01,ood_far,separatriz,5,2.783173932407421,1,2,0.0001980608390845923,0.29230769230769227,0.0076923076923077205,0.523076923076923,0.023076923076922995,0.9076923076923078,0.10769230769230775,1.0,0.09999999999999998,1.0,0.050000000000000044
PRINCIPAL N=200,200,OOD_FAR_separatriz_01,ood_far,separatriz,6,3.3398087188889054,1,2,0.0001584901112616195,0.41538461538461535,0.11538461538461536,0.6,0.09999999999999998,0.8615384615384615,0.06153846153846143,0.9538461538461538,0.053846153846153766,0.9538461538461538,0.0038461538461538325
PRINCIPAL N=200,200,OOD_FAR_separatriz_01,ood_far,separatriz,7,3.8964435053703896,1,2,0.0001608930089552577,0.3384615384615385,0.03846153846153849,0.4615384615384615,0.03846153846153849,0.7846153846153847,0.01538461538461533,0.8923076923076924,0.007692307692307665,0.8923076923076924,0.0576923076923076
PRINCIPAL N=200,200,OOD_FAR_separatriz_01,ood_far,separatriz,8,4.453078291851874,1,2,0.00015075808239045613,0.4,0.10000000000000003,0.5846153846153845,0.08461538461538454,0.8461538461538461,0.0461538461538461,0.9538461538461538,0.053846153846153766,0.9538461538461538,0.0038461538461538325
PRINCIPAL N=200,200,OOD_FAR_separatriz_01,ood_far,separatriz,9,5.009713078333358,1,2,0.00014478522474188128,0.3384615384615384,0.038461538461538436,0.4615384615384615,0.03846153846153849,0.8461538461538461,0.0461538461538461,0.9384615384615385,0.038461538461538436,0.9384615384615385,0.011538461538461497
PRINCIPAL N=200,200,OOD_FAR_separatriz_01,ood_far,separatriz,10,5.566347864814842,1,2,0.00015087351300709797,0.3846153846153847,0.0846153846153847,0.6,0.09999999999999998,0.8769230769230768,0.07692307692307676,0.9538461538461538,0.053846153846153766,0.9538461538461538,0.0038461538461538325
PRINCIPAL N=200,200,OOD_FAR_separatriz_02,ood_far,separatriz,1,0.5612747153107003,1,2,0.00041934102453051656,0.2,0.09999999999999998,0.3538461538461538,0.1461538461538462,0.7384615384615385,0.06153846153846154,0.8923076923076924,0.007692307692307665,0.8923076923076924,0.0576923076923076
PRINCIPAL N=200,200,OOD_FAR_separatriz_02,ood_far,separatriz,2,1.1225494306214006,1,2,0.00015638043125856582,0.4461538461538462,0.1461538461538462,0.676923076923077,0.17692307692307696,0.9076923076923077,0.10769230769230764,0.923076923076923,0.023076923076922995,0.923076923076923,0.02692307692307694
PRINCIPAL N=200,200,OOD_FAR_separatriz_02,ood_far,separatriz,3,1.6838241459321008,1,2,0.00018220927554849696,0.18461538461538465,0.11538461538461534,0.4153846153846154,0.08461538461538459,0.7076923076923076,0.09230769230769242,0.8461538461538461,0.05384615384615388,0.8461538461538461,0.10384615384615381
PRINCIPAL N=200,200,OOD_FAR_separatriz_02,ood_far,separatriz,4,2.245098861242801,1,2,0.0001605930298576426,0.3230769230769231,0.023076923076923106,0.6461538461538462,0.1461538461538462,0.9384615384615385,0.1384615384615384,0.9846153846153847,0.08461538461538465,0.9846153846153847,0.034615384615384714
PRINCIPAL N=200,200,OOD_FAR_separatriz_02,ood_far,separatriz,5,2.8063735765535016,1,2,7.561190970845804e-05,0.3076923076923077,0.0076923076923077205,0.6461538461538462,0.1461538461538462,0.9384615384615385,0.1384615384615384,0.9538461538461538,0.053846153846153766,0.9538461538461538,0.0038461538461538325
PRINCIPAL N=200,200,OOD_FAR_separatriz_02,ood_far,separatriz,6,3.367648291864202,1,2,0.00017684605095126576,0.21538461538461542,0.08461538461538456,0.5692307692307692,0.0692307692307692,0.923076923076923,0.12307692307692297,0.9538461538461538,0.053846153846153766,0.9538461538461538,0.0038461538461538325
PRINCIPAL N=200,200,OOD_FAR_separatriz_02,ood_far,separatriz,7,3.9289230071749017,1,2,0.00011427231261740636,0.29230769230769227,0.0076923076923077205,0.6615384615384615,0.16153846153846152,0.9384615384615385,0.1384615384615384,0.9692307692307693,0.06923076923076932,0.9692307692307693,0.019230769230769384
PRINCIPAL N=200,200,OOD_FAR_separatriz_02,ood_far,separatriz,8,4.490197722485602,1,2,0.00018314805879870395,0.21538461538461542,0.08461538461538456,0.5230769230769231,0.023076923076923106,0.923076923076923,0.12307692307692297,0.9692307692307693,0.06923076923076932,0.9692307692307693,0.019230769230769384
PRINCIPAL N=200,200,OOD_FAR_separatriz_02,ood_far,separatriz,9,5.051472437796303,1,2,0.00013899881881873898,0.6,0.3,0.7076923076923076,0.20769230769230762,0.9076923076923077,0.10769230769230764,0.9692307692307693,0.06923076923076932,0.9692307692307693,0.019230769230769384
PRINCIPAL N=200,200,OOD_FAR_separatriz_02,ood_far,separatriz,10,5.612747153107003,1,2,0.0001468355206852537,0.21538461538461542,0.08461538461538456,0.5538461538461539,0.05384615384615388,0.8769230769230768,0.07692307692307676,0.9692307692307693,0.06923076923076932,0.9692307692307693,0.019230769230769384
PRINCIPAL N=200,200,OOD_FAR_separatriz_03,ood_far,separatriz,1,0.5621716527502312,1,2,0.0004723278179416929,0.30769230769230776,0.007692307692307776,0.5076923076923077,0.007692307692307665,0.8615384615384615,0.06153846153846143,0.9384615384615385,0.038461538461538436,0.9384615384615385,0.011538461538461497
PRINCIPAL N=200,200,OOD_FAR_separatriz_03,ood_far,separatriz,2,1.1243433055004624,1,2,0.000267010514365231,0.36923076923076925,0.06923076923076926,0.5846153846153845,0.08461538461538454,0.8461538461538461,0.0461538461538461,0.9384615384615385,0.038461538461538436,0.9384615384615385,0.011538461538461497
PRINCIPAL N=200,200,OOD_FAR_separatriz_03,ood_far,separatriz,3,1.6865149582506935,1,2,0.00029065264500750907,0.26153846153846155,0.038461538461538436,0.523076923076923,0.023076923076922995,0.8307692307692308,0.03076923076923077,0.9538461538461538,0.053846153846153766,0.9538461538461538,0.0038461538461538325
PRINCIPAL N=200,200,OOD_FAR_separatriz_03,ood_far,separatriz,4,2.2486866110009247,1,2,0.0002556669271753399,0.3384615384615385,0.03846153846153849,0.6307692307692307,0.13076923076923075,0.923076923076923,0.12307692307692297,0.9384615384615385,0.038461538461538436,0.9384615384615385,0.011538461538461497
PRINCIPAL N=200,200,OOD_FAR_separatriz_03,ood_far,separatriz,5,2.8108582637511557,1,2,0.0002697330791901662,0.23076923076923075,0.06923076923076923,0.3538461538461538,0.1461538461538462,0.8,0.0,0.876923076923077,0.023076923076922995,0.876923076923077,0.07307692307692293
PRINCIPAL N=200,200,OOD_FAR_separatriz_03,ood_far,separatriz,6,3.3730299165013866,1,2,0.0002631940782952274,0.3538461538461538,0.05384615384615382,0.5846153846153846,0.08461538461538465,0.923076923076923,0.12307692307692297,0.953846153846154,0.05384615384615399,0.953846153846154,0.0038461538461540545
PRINCIPAL N=200,200,OOD_FAR_separatriz_03,ood_far,separatriz,7,3.9352015692516185,1,2,0.00026451308819069197,0.24615384615384617,0.05384615384615382,0.6615384615384615,0.16153846153846152,0.923076923076923,0.12307692307692297,0.923076923076923,0.023076923076922995,0.923076923076923,0.02692307692307694
PRINCIPAL N=200,200,OOD_FAR_separatriz_03,ood_far,separatriz,8,4.497373222001849,1,2,0.00029328665747110157,0.26153846153846155,0.038461538461538436,0.5538461538461539,0.05384615384615388,0.8461538461538461,0.0461538461538461,0.8923076923076924,0.007692307692307665,0.8923076923076924,0.0576923076923076
PRINCIPAL N=200,200,OOD_FAR_separatriz_03,ood_far,separatriz,9,5.05954487475208,1,2,0.00031725492928033887,0.21538461538461542,0.08461538461538456,0.41538461538461535,0.08461538461538465,0.7846153846153846,0.015384615384615441,0.8615384615384617,0.038461538461538325,0.8615384615384617,0.08846153846153826
PRINCIPAL N=200,200,OOD_FAR_separatriz_03,ood_far,separatriz,10,5.621716527502311,1,2,0.0003200505542821329,0.26153846153846155,0.038461538461538436,0.4769230769230769,0.023076923076923106,0.7846153846153847,0.01538461538461533,0.8153846153846154,0.08461538461538465,0.8153846153846154,0.13461538461538458
PRINCIPAL N=200,200,OOD_FAR_encuentro_violento_00,ood_far,encuentro_violento,1,0.4029832822545892,2,2,0.002601646740090971,0.2923076923076923,0.007692307692307665,0.5230769230769231,0.023076923076923106,0.8461538461538461,0.0461538461538461,1.0,0.09999999999999998,1.0,0.050000000000000044
PRINCIPAL N=200,200,OOD_FAR_encuentro_violento_00,ood_far,encuentro_violento,2,0.8059665645091783,2,2,0.2723353703881694,0.15384615384615388,0.1461538461538461,0.43076923076923074,0.06923076923076926,0.9692307692307693,0.1692307692307693,0.9692307692307693,0.06923076923076932,0.9692307692307693,0.019230769230769384
PRINCIPAL N=200,200,OOD_FAR_encuentro_violento_00,ood_far,encuentro_violento,3,1.2089498467637674,2,2,0.0034581110769344356,0.18461538461538463,0.11538461538461536,0.4461538461538462,0.05384615384615382,0.8,0.0,0.9384615384615385,0.038461538461538436,0.9384615384615385,0.011538461538461497
PRINCIPAL N=200,200,OOD_FAR_encuentro_violento_00,ood_far,encuentro_violento,4,1.6119331290183565,2,2,0.0032058330350977883,0.2923076923076923,0.007692307692307665,0.5076923076923077,0.007692307692307665,0.8461538461538461,0.0461538461538461,0.9384615384615385,0.038461538461538436,0.9384615384615385,0.011538461538461497
PRINCIPAL N=200,200,OOD_FAR_encuentro_violento_00,ood_far,encuentro_violento,5,2.014916411272946,2,2,0.10700059109844513,0.16923076923076924,0.13076923076923075,0.3384615384615385,0.16153846153846152,0.7230769230769231,0.07692307692307698,0.8461538461538461,0.05384615384615388,0.8461538461538461,0.10384615384615381
PRINCIPAL N=200,200,OOD_FAR_encuentro_violento_00,ood_far,encuentro_violento,6,2.417899693527535,2,2,0.008544863394620779,0.3384615384615385,0.03846153846153849,0.6615384615384615,0.16153846153846152,0.9538461538461538,0.15384615384615374,0.9692307692307693,0.06923076923076932,0.9692307692307693,0.019230769230769384
PRINCIPAL N=200,200,OOD_FAR_encuentro_violento_00,ood_far,encuentro_violento,7,2.820882975782124,2,2,0.0033088851315303896,0.3384615384615385,0.03846153846153849,0.4923076923076922,0.007692307692307776,0.9384615384615385,0.1384615384615384,0.9692307692307693,0.06923076923076932,0.9692307692307693,0.019230769230769384
PRINCIPAL N=200,200,OOD_FAR_encuentro_violento_00,ood_far,encuentro_violento,8,3.223866258036713,2,2,0.0591278132133906,0.1846153846153846,0.11538461538461539,0.3076923076923077,0.1923076923076923,0.7384615384615385,0.06153846153846154,0.8307692307692308,0.0692307692307692,0.8307692307692308,0.11923076923076914
PRINCIPAL N=200,200,OOD_FAR_encuentro_violento_00,ood_far,encuentro_violento,9,3.6268495402913024,2,2,0.01150728363988469,0.4,0.10000000000000003,0.6615384615384616,0.16153846153846163,0.9538461538461538,0.15384615384615374,0.9692307692307693,0.06923076923076932,0.9692307692307693,0.019230769230769384
PRINCIPAL N=200,200,OOD_FAR_encuentro_violento_00,ood_far,encuentro_violento,10,4.029832822545892,2,2,0.004509465707937282,0.4153846153846154,0.11538461538461542,0.6,0.09999999999999998,0.953846153846154,0.15384615384615397,1.0,0.09999999999999998,1.0,0.050000000000000044
PRINCIPAL N=200,200,OOD_FAR_encuentro_violento_01,ood_far,encuentro_violento,1,0.2897329888251865,2,2,0.032343116503509864,0.4000000000000001,0.10000000000000009,0.5384615384615385,0.03846153846153855,0.9384615384615385,0.1384615384615384,0.9692307692307693,0.06923076923076932,0.9692307692307693,0.019230769230769384
PRINCIPAL N=200,200,OOD_FAR_encuentro_violento_01,ood_far,encuentro_violento,2,0.579465977650373,2,2,0.0042914687664858,0.2,0.09999999999999998,0.4769230769230769,0.023076923076923106,0.8153846153846155,0.015384615384615441,0.9076923076923077,0.007692307692307665,0.9076923076923077,0.04230769230769227
PRINCIPAL N=200,200,OOD_FAR_encuentro_violento_01,ood_far,encuentro_violento,3,0.8691989664755595,2,2,0.02358629828433534,0.3538461538461538,0.05384615384615382,0.5076923076923077,0.007692307692307665,0.8307692307692307,0.03076923076923066,0.9230769230769231,0.023076923076923106,0.9230769230769231,0.026923076923076827
PRINCIPAL N=200,200,OOD_FAR_encuentro_violento_01,ood_far,encuentro_violento,4,1.158931955300746,2,2,0.009820696477142354,0.30769230769230765,0.007692307692307665,0.5230769230769231,0.023076923076923106,0.7692307692307692,0.030769230769230882,0.9384615384615385,0.038461538461538436,0.9384615384615385,0.011538461538461497
PRINCIPAL N=200,200,OOD_FAR_encuentro_violento_01,ood_far,encuentro_violento,5,1.4486649441259325,2,2,0.014514237891976992,0.2615384615384615,0.03846153846153849,0.49230769230769234,0.007692307692307665,0.8615384615384617,0.06153846153846165,0.9538461538461538,0.053846153846153766,0.9538461538461538,0.0038461538461538325
PRINCIPAL N=200,200,OOD_FAR_encuentro_violento_01,ood_far,encuentro_violento,6,1.738397932951119,2,2,0.01051240908870622,0.24615384615384617,0.05384615384615382,0.6615384615384615,0.16153846153846152,0.876923076923077,0.07692307692307698,0.9076923076923077,0.007692307692307665,0.9076923076923077,0.04230769230769227
PRINCIPAL N=200,200,OOD_FAR_encuentro_violento_01,ood_far,encuentro_violento,7,2.0281309217763055,2,2,0.016409030704153133,0.26153846153846155,0.038461538461538436,0.5384615384615385,0.03846153846153855,0.8615384615384615,0.06153846153846143,0.9230769230769231,0.023076923076923106,0.9230769230769231,0.026923076923076827
PRINCIPAL N=200,200,OOD_FAR_encuentro_violento_01,ood_far,encuentro_violento,8,2.317863910601492,2,2,0.011567337159742435,0.27692307692307694,0.02307692307692305,0.43076923076923085,0.06923076923076915,0.7846153846153847,0.01538461538461533,0.9384615384615385,0.038461538461538436,0.9384615384615385,0.011538461538461497
PRINCIPAL N=200,200,OOD_FAR_encuentro_violento_01,ood_far,encuentro_violento,9,2.6075968994266785,2,2,0.019650566609294984,0.3692307692307692,0.0692307692307692,0.5692307692307692,0.0692307692307692,0.8615384615384617,0.06153846153846165,0.9538461538461538,0.053846153846153766,0.9538461538461538,0.0038461538461538325
PRINCIPAL N=200,200,OOD_FAR_encuentro_violento_01,ood_far,encuentro_violento,10,2.897329888251865,2,2,0.022398635098769396,0.30769230769230776,0.007692307692307776,0.4615384615384615,0.03846153846153849,0.7076923076923077,0.09230769230769231,0.8461538461538461,0.05384615384615388,0.8461538461538461,0.10384615384615381
PRINCIPAL N=200,200,OOD_FAR_encuentro_violento_02,ood_far,encuentro_violento,1,0.4384302918925199,3,3,0.0032462251586542895,0.3538461538461538,0.05384615384615382,0.6307692307692309,0.13076923076923086,0.8923076923076924,0.09230769230769231,0.9538461538461538,0.053846153846153766,0.9538461538461538,0.0038461538461538325
PRINCIPAL N=200,200,OOD_FAR_encuentro_violento_02,ood_far,encuentro_violento,2,0.8768605837850398,3,3,0.011779062266804325,0.2615384615384616,0.03846153846153838,0.4,0.09999999999999998,0.8615384615384615,0.06153846153846143,0.9076923076923077,0.007692307692307665,0.9076923076923077,0.04230769230769227
PRINCIPAL N=200,200,OOD_FAR_encuentro_violento_02,ood_far,encuentro_violento,3,1.3152908756775599,3,3,0.011056297542332122,0.2461538461538461,0.05384615384615388,0.4,0.09999999999999998,0.8615384615384617,0.06153846153846165,0.9692307692307693,0.06923076923076932,0.9692307692307693,0.019230769230769384
PRINCIPAL N=200,200,OOD_FAR_encuentro_violento_02,ood_far,encuentro_violento,4,1.7537211675700797,3,3,0.006322841414480873,0.21538461538461537,0.08461538461538462,0.476923076923077,0.023076923076922995,0.876923076923077,0.07692307692307698,0.9076923076923077,0.007692307692307665,0.9076923076923077,0.04230769230769227
PRINCIPAL N=200,200,OOD_FAR_encuentro_violento_02,ood_far,encuentro_violento,5,2.1921514594625995,3,3,0.007730868310660573,0.30769230769230776,0.007692307692307776,0.5384615384615385,0.03846153846153855,0.9076923076923077,0.10769230769230764,0.9384615384615385,0.038461538461538436,0.9384615384615385,0.011538461538461497
PRINCIPAL N=200,200,OOD_FAR_encuentro_violento_02,ood_far,encuentro_violento,6,2.6305817513551193,3,3,0.0065934388985490686,0.2,0.09999999999999998,0.5692307692307692,0.0692307692307692,0.876923076923077,0.07692307692307698,0.9692307692307693,0.06923076923076932,0.9692307692307693,0.019230769230769384
PRINCIPAL N=200,200,OOD_FAR_encuentro_violento_02,ood_far,encuentro_violento,7,3.0690120432476395,3,3,0.004340833283928083,0.3384615384615385,0.03846153846153849,0.6461538461538462,0.1461538461538462,0.8,0.0,0.9692307692307693,0.06923076923076932,0.9692307692307693,0.019230769230769384
PRINCIPAL N=200,200,OOD_FAR_encuentro_violento_02,ood_far,encuentro_violento,8,3.5074423351401594,3,3,0.0038991952136585408,0.26153846153846155,0.038461538461538436,0.6461538461538462,0.1461538461538462,0.9692307692307693,0.1692307692307693,0.9692307692307693,0.06923076923076932,0.9692307692307693,0.019230769230769384
PRINCIPAL N=200,200,OOD_FAR_encuentro_violento_02,ood_far,encuentro_violento,9,3.945872627032679,4,4,0.00018259361255599816,0.3846153846153846,0.08461538461538459,0.6153846153846154,0.11538461538461542,0.9076923076923077,0.10769230769230764,0.9384615384615385,0.038461538461538436,0.9384615384615385,0.011538461538461497
PRINCIPAL N=200,200,OOD_FAR_encuentro_violento_02,ood_far,encuentro_violento,10,4.384302918925199,3,3,0.0020678504866564794,0.3384615384615385,0.03846153846153849,0.4,0.09999999999999998,0.7692307692307692,0.030769230769230882,0.8615384615384615,0.03846153846153855,0.8615384615384615,0.08846153846153848
PRINCIPAL N=200,200,OOD_FAR_encuentro_violento_03,ood_far,encuentro_violento,1,0.3049076340024614,3,3,0.0006154223790153614,0.3384615384615384,0.038461538461538436,0.5384615384615385,0.03846153846153855,0.8153846153846155,0.015384615384615441,0.876923076923077,0.023076923076922995,0.876923076923077,0.07307692307692293
PRINCIPAL N=200,200,OOD_FAR_encuentro_violento_03,ood_far,encuentro_violento,2,0.6098152680049229,3,3,0.0017175409915633217,0.26153846153846155,0.038461538461538436,0.5230769230769231,0.023076923076923106,0.8615384615384615,0.06153846153846143,0.9384615384615385,0.038461538461538436,0.9384615384615385,0.011538461538461497
PRINCIPAL N=200,200,OOD_FAR_encuentro_violento_03,ood_far,encuentro_violento,3,0.9147229020073844,4,4,7.087753544416258e-05,0.3538461538461538,0.05384615384615382,0.6,0.09999999999999998,0.8769230769230768,0.07692307692307676,0.9692307692307693,0.06923076923076932,0.9692307692307693,0.019230769230769384
PRINCIPAL N=200,200,OOD_FAR_encuentro_violento_03,ood_far,encuentro_violento,4,1.2196305360098458,4,4,0.0001916121980764044,0.2923076923076923,0.007692307692307665,0.4615384615384615,0.03846153846153849,0.7846153846153847,0.01538461538461533,0.8307692307692308,0.0692307692307692,0.8307692307692308,0.11923076923076914
PRINCIPAL N=200,200,OOD_FAR_encuentro_violento_03,ood_far,encuentro_violento,5,1.5245381700123073,5,5,4.6925786662510796e-05,0.3230769230769231,0.023076923076923106,0.5384615384615385,0.03846153846153855,0.8307692307692308,0.03076923076923077,0.8307692307692308,0.0692307692307692,0.8307692307692308,0.11923076923076914
PRINCIPAL N=200,200,OOD_FAR_encuentro_violento_03,ood_far,encuentro_violento,6,1.8294458040147688,5,5,6.277109654684686e-05,0.39999999999999997,0.09999999999999998,0.5076923076923077,0.007692307692307665,0.7230769230769231,0.07692307692307698,0.8923076923076924,0.007692307692307665,0.8923076923076924,0.0576923076923076
PRINCIPAL N=200,200,OOD_FAR_encuentro_violento_03,ood_far,encuentro_violento,7,2.13435343801723,5,5,0.000194070882213137,0.4153846153846154,0.11538461538461542,0.5846153846153846,0.08461538461538465,0.8615384615384615,0.06153846153846143,0.9076923076923078,0.007692307692307776,0.9076923076923078,0.04230769230769216
PRINCIPAL N=200,200,OOD_FAR_encuentro_violento_03,ood_far,encuentro_violento,8,2.4392610720196917,5,5,5.4303787937939015e-05,0.2615384615384615,0.03846153846153849,0.5692307692307692,0.0692307692307692,0.8307692307692308,0.03076923076923077,0.9076923076923077,0.007692307692307665,0.9076923076923077,0.04230769230769227
PRINCIPAL N=200,200,OOD_FAR_encuentro_violento_03,ood_far,encuentro_violento,9,2.744168706022153,5,5,4.7697161436656246e-05,0.3538461538461538,0.05384615384615382,0.6307692307692309,0.13076923076923086,0.8615384615384617,0.06153846153846165,0.9384615384615385,0.038461538461538436,0.9384615384615385,0.011538461538461497
PRINCIPAL N=200,200,OOD_FAR_encuentro_violento_03,ood_far,encuentro_violento,10,3.049076340024614,5,5,1.970551763344798e-05,0.30769230769230765,0.007692307692307665,0.5538461538461539,0.05384615384615388,0.8,0.0,0.9230769230769231,0.023076923076923106,0.9230769230769231,0.026923076923076827
PRINCIPAL N=200,200,OOD_FAR_escape_temprano_00,ood_far,escape_temprano,1,0.7830244004640371,1,2,0.0011331700861062469,0.30769230769230765,0.007692307692307665,0.5538461538461539,0.05384615384615388,0.8307692307692307,0.03076923076923066,0.9384615384615385,0.038461538461538436,0.9384615384615385,0.011538461538461497
PRINCIPAL N=200,200,OOD_FAR_escape_temprano_00,ood_far,escape_temprano,2,1.5660488009280742,1,2,0.0003387633754132873,0.21538461538461537,0.08461538461538462,0.4769230769230769,0.023076923076923106,0.7692307692307693,0.03076923076923077,0.9384615384615385,0.038461538461538436,0.9384615384615385,0.011538461538461497
PRINCIPAL N=200,200,OOD_FAR_escape_temprano_00,ood_far,escape_temprano,3,2.349073201392111,1,2,0.0005229523786796844,0.21538461538461542,0.08461538461538456,0.4615384615384615,0.03846153846153849,0.7846153846153847,0.01538461538461533,0.9692307692307693,0.06923076923076932,0.9692307692307693,0.019230769230769384
PRINCIPAL N=200,200,OOD_FAR_escape_temprano_00,ood_far,escape_temprano,4,3.1320976018561484,1,2,0.00028556681236892615,0.27692307692307694,0.02307692307692305,0.5384615384615385,0.03846153846153855,0.7384615384615384,0.06153846153846165,0.9384615384615385,0.038461538461538436,0.9384615384615385,0.011538461538461497
PRINCIPAL N=200,200,OOD_FAR_escape_temprano_00,ood_far,escape_temprano,5,3.9151220023201856,1,2,0.0002940126888333872,0.21538461538461542,0.08461538461538456,0.4615384615384615,0.03846153846153849,0.7692307692307693,0.03076923076923077,0.9384615384615385,0.038461538461538436,0.9384615384615385,0.011538461538461497
PRINCIPAL N=200,200,OOD_FAR_escape_temprano_00,ood_far,escape_temprano,6,4.698146402784222,1,2,0.0003150240539104156,0.2923076923076923,0.007692307692307665,0.5384615384615385,0.03846153846153855,0.7384615384615384,0.06153846153846165,0.9384615384615385,0.038461538461538436,0.9384615384615385,0.011538461538461497
PRINCIPAL N=200,200,OOD_FAR_escape_temprano_00,ood_far,escape_temprano,7,5.48117080324826,1,2,0.00017689235979601633,0.2923076923076923,0.007692307692307665,0.5230769230769231,0.023076923076923106,0.7384615384615384,0.06153846153846165,0.9384615384615385,0.038461538461538436,0.9384615384615385,0.011538461538461497
PRINCIPAL N=200,200,OOD_FAR_escape_temprano_00,ood_far,escape_temprano,8,6.264195203712297,1,2,0.00033389815756897036,0.2923076923076923,0.007692307692307665,0.5384615384615385,0.03846153846153855,0.7384615384615384,0.06153846153846165,0.9384615384615385,0.038461538461538436,0.9384615384615385,0.011538461538461497
PRINCIPAL N=200,200,OOD_FAR_escape_temprano_00,ood_far,escape_temprano,9,7.047219604176334,1,2,0.0001664312892209902,0.27692307692307694,0.02307692307692305,0.4923076923076922,0.007692307692307776,0.7384615384615384,0.06153846153846165,0.9384615384615385,0.038461538461538436,0.9384615384615385,0.011538461538461497
PRINCIPAL N=200,200,OOD_FAR_escape_temprano_00,ood_far,escape_temprano,10,7.830244004640371,1,2,0.0003479531989426341,0.2923076923076923,0.007692307692307665,0.5384615384615385,0.03846153846153855,0.7692307692307693,0.03076923076923077,0.9384615384615385,0.038461538461538436,0.9384615384615385,0.011538461538461497
PRINCIPAL N=200,200,OOD_FAR_escape_temprano_01,ood_far,escape_temprano,1,0.7656515789155334,1,2,0.0002281102091214962,0.41538461538461535,0.11538461538461536,0.6307692307692309,0.13076923076923086,0.876923076923077,0.07692307692307698,0.9384615384615385,0.038461538461538436,0.9384615384615385,0.011538461538461497
PRINCIPAL N=200,200,OOD_FAR_escape_temprano_01,ood_far,escape_temprano,2,1.5313031578310667,1,2,0.0003042560783248839,0.43076923076923074,0.13076923076923075,0.6,0.09999999999999998,0.876923076923077,0.07692307692307698,0.9692307692307693,0.06923076923076932,0.9692307692307693,0.019230769230769384
PRINCIPAL N=200,200,OOD_FAR_escape_temprano_01,ood_far,escape_temprano,3,2.2969547367466,1,2,0.0004941589496327535,0.3384615384615384,0.038461538461538436,0.46153846153846156,0.038461538461538436,0.7230769230769231,0.07692307692307698,0.7538461538461538,0.1461538461538462,0.7538461538461538,0.19615384615384612
PRINCIPAL N=200,200,OOD_FAR_escape_temprano_01,ood_far,escape_temprano,4,3.0626063156621335,1,2,0.00029208524044354244,0.49230769230769234,0.19230769230769235,0.6923076923076923,0.1923076923076923,0.9076923076923077,0.10769230769230764,0.9846153846153847,0.08461538461538465,0.9846153846153847,0.034615384615384714
PRINCIPAL N=200,200,OOD_FAR_escape_temprano_01,ood_far,escape_temprano,5,3.828257894577667,1,2,0.0004207102668611209,0.3230769230769231,0.023076923076923106,0.4769230769230769,0.023076923076923106,0.7846153846153847,0.01538461538461533,0.8923076923076924,0.007692307692307665,0.8923076923076924,0.0576923076923076
PRINCIPAL N=200,200,OOD_FAR_escape_temprano_01,ood_far,escape_temprano,6,4.5939094734932,1,2,0.0002988916468808474,0.5076923076923077,0.20769230769230768,0.7384615384615385,0.2384615384615385,0.9384615384615385,0.1384615384615384,0.9846153846153847,0.08461538461538465,0.9846153846153847,0.034615384615384714
PRINCIPAL N=200,200,OOD_FAR_escape_temprano_01,ood_far,escape_temprano,7,5.359561052408734,1,2,0.00036928405390349413,0.18461538461538463,0.11538461538461536,0.4461538461538462,0.05384615384615382,0.7538461538461538,0.04615384615384621,0.8461538461538461,0.05384615384615388,0.8461538461538461,0.10384615384615381
PRINCIPAL N=200,200,OOD_FAR_escape_temprano_01,ood_far,escape_temprano,8,6.125212631324267,1,2,0.0003120715317464151,0.49230769230769234,0.19230769230769235,0.6923076923076923,0.1923076923076923,0.9076923076923078,0.10769230769230775,0.9692307692307693,0.06923076923076932,0.9692307692307693,0.019230769230769384
PRINCIPAL N=200,200,OOD_FAR_escape_temprano_01,ood_far,escape_temprano,9,6.8908642102398,1,2,0.00033255920555935026,0.3230769230769231,0.023076923076923106,0.5230769230769232,0.023076923076923217,0.7692307692307693,0.03076923076923077,0.8923076923076924,0.007692307692307665,0.8923076923076924,0.0576923076923076
PRINCIPAL N=200,200,OOD_FAR_escape_temprano_01,ood_far,escape_temprano,10,7.656515789155334,1,2,0.0003214179482874522,0.49230769230769234,0.19230769230769235,0.6923076923076923,0.1923076923076923,0.9076923076923078,0.10769230769230775,0.9692307692307693,0.06923076923076932,0.9692307692307693,0.019230769230769384
PRINCIPAL N=200,200,OOD_FAR_escape_temprano_02,ood_far,escape_temprano,1,0.804522877107785,1,2,0.0007212974313686693,0.3538461538461538,0.05384615384615382,0.5538461538461539,0.05384615384615388,0.7846153846153846,0.015384615384615441,0.8923076923076924,0.007692307692307665,0.8923076923076924,0.0576923076923076
PRINCIPAL N=200,200,OOD_FAR_escape_temprano_02,ood_far,escape_temprano,2,1.60904575421557,1,2,0.0003324500324854972,0.3076923076923077,0.0076923076923077205,0.5846153846153846,0.08461538461538465,0.8615384615384617,0.06153846153846165,0.876923076923077,0.023076923076922995,0.876923076923077,0.07307692307692293
PRINCIPAL N=200,200,OOD_FAR_escape_temprano_02,ood_far,escape_temprano,3,2.413568631323355,1,2,0.0003432755301210728,0.27692307692307694,0.02307692307692305,0.6307692307692306,0.13076923076923064,0.8923076923076924,0.09230769230769231,0.9692307692307693,0.06923076923076932,0.9692307692307693,0.019230769230769384
PRINCIPAL N=200,200,OOD_FAR_escape_temprano_02,ood_far,escape_temprano,4,3.21809150843114,1,2,0.00024161019626497943,0.27692307692307694,0.02307692307692305,0.6153846153846153,0.11538461538461531,0.8615384615384617,0.06153846153846165,0.9076923076923077,0.007692307692307665,0.9076923076923077,0.04230769230769227
PRINCIPAL N=200,200,OOD_FAR_escape_temprano_02,ood_far,escape_temprano,5,4.022614385538925,1,2,0.000270293254935031,0.24615384615384617,0.05384615384615382,0.5538461538461539,0.05384615384615388,0.8615384615384617,0.06153846153846165,0.9076923076923077,0.007692307692307665,0.9076923076923077,0.04230769230769227
PRINCIPAL N=200,200,OOD_FAR_escape_temprano_02,ood_far,escape_temprano,6,4.82713726264671,1,2,0.00023518987626035653,0.3384615384615385,0.03846153846153849,0.6153846153846154,0.11538461538461542,0.8615384615384617,0.06153846153846165,0.9076923076923077,0.007692307692307665,0.9076923076923077,0.04230769230769227
PRINCIPAL N=200,200,OOD_FAR_escape_temprano_02,ood_far,escape_temprano,7,5.631660139754495,1,2,0.0003013454188413682,0.27692307692307694,0.02307692307692305,0.4769230769230769,0.023076923076923106,0.8153846153846154,0.01538461538461533,0.9076923076923077,0.007692307692307665,0.9076923076923077,0.04230769230769227
PRINCIPAL N=200,200,OOD_FAR_escape_temprano_02,ood_far,escape_temprano,8,6.43618301686228,1,2,0.00023657653077244,0.4,0.10000000000000003,0.5076923076923078,0.007692307692307776,0.8615384615384617,0.06153846153846165,0.9076923076923077,0.007692307692307665,0.9076923076923077,0.04230769230769227
PRINCIPAL N=200,200,OOD_FAR_escape_temprano_02,ood_far,escape_temprano,9,7.240705893970065,1,2,0.0003814434716209344,0.27692307692307694,0.02307692307692305,0.5538461538461539,0.05384615384615388,0.9076923076923078,0.10769230769230775,0.9384615384615385,0.038461538461538436,0.9384615384615385,0.011538461538461497
PRINCIPAL N=200,200,OOD_FAR_escape_temprano_02,ood_far,escape_temprano,10,8.04522877107785,1,2,0.00024742931291474676,0.3384615384615385,0.03846153846153849,0.5692307692307692,0.0692307692307692,0.8307692307692308,0.03076923076923077,0.9076923076923077,0.007692307692307665,0.9076923076923077,0.04230769230769227
PRINCIPAL N=200,200,OOD_FAR_escape_temprano_03,ood_far,escape_temprano,1,0.7902209538842365,1,2,0.0004015983448320094,0.3846153846153847,0.0846153846153847,0.676923076923077,0.17692307692307696,0.9384615384615385,0.1384615384615384,1.0,0.09999999999999998,1.0,0.050000000000000044
PRINCIPAL N=200,200,OOD_FAR_escape_temprano_03,ood_far,escape_temprano,2,1.5804419077684733,1,2,0.0005389291905051052,0.2615384615384616,0.03846153846153838,0.5538461538461539,0.05384615384615388,0.8461538461538461,0.0461538461538461,0.9692307692307693,0.06923076923076932,0.9692307692307693,0.019230769230769384
PRINCIPAL N=200,200,OOD_FAR_escape_temprano_03,ood_far,escape_temprano,3,2.37066286165271,1,2,0.0002326944540143502,0.23076923076923078,0.0692307692307692,0.5692307692307693,0.06923076923076932,0.953846153846154,0.15384615384615397,1.0,0.09999999999999998,1.0,0.050000000000000044
PRINCIPAL N=200,200,OOD_FAR_escape_temprano_03,ood_far,escape_temprano,4,3.1608838155369465,1,2,0.0005030615128240988,0.23076923076923078,0.0692307692307692,0.4923076923076922,0.007692307692307776,0.8,0.0,0.9538461538461538,0.053846153846153766,0.9538461538461538,0.0038461538461538325
PRINCIPAL N=200,200,OOD_FAR_escape_temprano_03,ood_far,escape_temprano,5,3.951104769421183,1,2,0.0004039457945960452,0.3384615384615384,0.038461538461538436,0.43076923076923074,0.06923076923076926,0.7384615384615385,0.06153846153846154,0.8615384615384617,0.038461538461538325,0.8615384615384617,0.08846153846153826
PRINCIPAL N=200,200,OOD_FAR_escape_temprano_03,ood_far,escape_temprano,6,4.74132572330542,1,2,0.0005342141726317446,0.23076923076923078,0.0692307692307692,0.4615384615384615,0.03846153846153849,0.8,0.0,0.8615384615384617,0.038461538461538325,0.8615384615384617,0.08846153846153826
PRINCIPAL N=200,200,OOD_FAR_escape_temprano_03,ood_far,escape_temprano,7,5.531546677189656,1,2,0.0004146195962880661,0.3384615384615384,0.038461538461538436,0.49230769230769234,0.007692307692307665,0.8923076923076924,0.09230769230769231,0.9692307692307693,0.06923076923076932,0.9692307692307693,0.019230769230769384
PRINCIPAL N=200,200,OOD_FAR_escape_temprano_03,ood_far,escape_temprano,8,6.321767631073892,1,2,0.0005765328157542055,0.16923076923076924,0.13076923076923075,0.476923076923077,0.023076923076922995,0.7692307692307693,0.03076923076923077,0.8615384615384617,0.038461538461538325,0.8615384615384617,0.08846153846153826
PRINCIPAL N=200,200,OOD_FAR_escape_temprano_03,ood_far,escape_temprano,9,7.111988584958129,1,2,0.0004502965822636612,0.23076923076923075,0.06923076923076923,0.6153846153846153,0.11538461538461531,0.953846153846154,0.15384615384615397,0.9692307692307693,0.06923076923076932,0.9692307692307693,0.019230769230769384
PRINCIPAL N=200,200,OOD_FAR_escape_temprano_03,ood_far,escape_temprano,10,7.902209538842365,1,2,0.0006139489556304864,0.16923076923076924,0.13076923076923075,0.4615384615384615,0.03846153846153849,0.8307692307692308,0.03076923076923077,0.876923076923077,0.023076923076922995,0.876923076923077,0.07307692307692293
PRINCIPAL N=200,200,OOD_FAR_masas_extremas_00,ood_far,masas_extremas,1,0.4039323870261927,1,2,0.0016483079919667903,0.30769230769230776,0.007692307692307776,0.6307692307692307,0.13076923076923075,0.8923076923076924,0.09230769230769231,0.9384615384615385,0.038461538461538436,0.9384615384615385,0.011538461538461497
PRINCIPAL N=200,200,OOD_FAR_masas_extremas_00,ood_far,masas_extremas,2,0.8078647740523854,1,2,0.001550290420283119,0.3230769230769231,0.023076923076923106,0.523076923076923,0.023076923076922995,0.8,0.0,0.8615384615384617,0.038461538461538325,0.8615384615384617,0.08846153846153826
PRINCIPAL N=200,200,OOD_FAR_masas_extremas_00,ood_far,masas_extremas,3,1.2117971610785783,1,2,0.0015515207423832014,0.23076923076923078,0.0692307692307692,0.5230769230769231,0.023076923076923106,0.7230769230769232,0.07692307692307687,0.8307692307692308,0.0692307692307692,0.8307692307692308,0.11923076923076914
PRINCIPAL N=200,200,OOD_FAR_masas_extremas_00,ood_far,masas_extremas,4,1.6157295481047709,1,2,0.0007951598722049565,0.27692307692307694,0.02307692307692305,0.46153846153846156,0.038461538461538436,0.8153846153846154,0.01538461538461533,0.9076923076923077,0.007692307692307665,0.9076923076923077,0.04230769230769227
PRINCIPAL N=200,200,OOD_FAR_masas_extremas_00,ood_far,masas_extremas,5,2.0196619351309635,1,2,0.0009463594851966533,0.30769230769230765,0.007692307692307665,0.5692307692307692,0.0692307692307692,0.7384615384615385,0.06153846153846154,0.8923076923076924,0.007692307692307665,0.8923076923076924,0.0576923076923076
PRINCIPAL N=200,200,OOD_FAR_masas_extremas_00,ood_far,masas_extremas,6,2.423594322157156,1,2,0.0005378615245722524,0.2923076923076923,0.007692307692307665,0.5076923076923077,0.007692307692307665,0.8,0.0,0.923076923076923,0.023076923076922995,0.923076923076923,0.02692307692307694
PRINCIPAL N=200,200,OOD_FAR_masas_extremas_00,ood_far,masas_extremas,7,2.827526709183349,1,2,0.0009712130739104211,0.30769230769230765,0.007692307692307665,0.5384615384615385,0.03846153846153855,0.7076923076923078,0.0923076923076922,0.8615384615384615,0.03846153846153855,0.8615384615384615,0.08846153846153848
PRINCIPAL N=200,200,OOD_FAR_masas_extremas_00,ood_far,masas_extremas,8,3.2314590962095417,1,2,0.0008468450273990908,0.3230769230769231,0.023076923076923106,0.6,0.09999999999999998,0.8,0.0,0.9076923076923077,0.007692307692307665,0.9076923076923077,0.04230769230769227
PRINCIPAL N=200,200,OOD_FAR_masas_extremas_00,ood_far,masas_extremas,9,3.6353914832357344,1,2,0.0008728359828758114,0.29230769230769227,0.0076923076923077205,0.5692307692307692,0.0692307692307692,0.7538461538461539,0.0461538461538461,0.876923076923077,0.023076923076922995,0.876923076923077,0.07307692307692293
PRINCIPAL N=200,200,OOD_FAR_masas_extremas_00,ood_far,masas_extremas,10,4.039323870261927,1,2,0.0006211251830630767,0.23076923076923075,0.06923076923076923,0.5846153846153845,0.08461538461538454,0.7846153846153846,0.015384615384615441,0.9076923076923077,0.007692307692307665,0.9076923076923077,0.04230769230769227
PRINCIPAL N=200,200,OOD_FAR_masas_extremas_01,ood_far,masas_extremas,1,0.4031805459574681,1,2,0.0004483659592585237,0.36923076923076925,0.06923076923076926,0.676923076923077,0.17692307692307696,0.8923076923076924,0.09230769230769231,0.9692307692307693,0.06923076923076932,0.9692307692307693,0.019230769230769384
PRINCIPAL N=200,200,OOD_FAR_masas_extremas_01,ood_far,masas_extremas,2,0.8063610919149362,1,2,0.0010094017961622443,0.43076923076923085,0.13076923076923086,0.5846153846153846,0.08461538461538465,0.8615384615384615,0.06153846153846143,0.9692307692307693,0.06923076923076932,0.9692307692307693,0.019230769230769384
PRINCIPAL N=200,200,OOD_FAR_masas_extremas_01,ood_far,masas_extremas,3,1.2095416378724044,1,2,0.0009121943348000056,0.36923076923076925,0.06923076923076926,0.5538461538461539,0.05384615384615388,0.8153846153846154,0.01538461538461533,0.8615384615384617,0.038461538461538325,0.8615384615384617,0.08846153846153826
PRINCIPAL N=200,200,OOD_FAR_masas_extremas_01,ood_far,masas_extremas,4,1.6127221838298724,1,2,0.0011921923125933806,0.3230769230769231,0.023076923076923106,0.6461538461538462,0.1461538461538462,0.8769230769230768,0.07692307692307676,0.9692307692307693,0.06923076923076932,0.9692307692307693,0.019230769230769384
PRINCIPAL N=200,200,OOD_FAR_masas_extremas_01,ood_far,masas_extremas,5,2.0159027297873404,1,2,0.000812509795127437,0.27692307692307694,0.02307692307692305,0.5846153846153846,0.08461538461538465,0.8307692307692308,0.03076923076923077,0.9076923076923077,0.007692307692307665,0.9076923076923077,0.04230769230769227
PRINCIPAL N=200,200,OOD_FAR_masas_extremas_01,ood_far,masas_extremas,6,2.4190832757448084,1,2,0.0012451020421881073,0.3384615384615385,0.03846153846153849,0.6461538461538462,0.1461538461538462,0.8769230769230768,0.07692307692307676,0.9692307692307693,0.06923076923076932,0.9692307692307693,0.019230769230769384
PRINCIPAL N=200,200,OOD_FAR_masas_extremas_01,ood_far,masas_extremas,7,2.822263821702277,1,2,0.0009754786813363991,0.21538461538461542,0.08461538461538456,0.5538461538461539,0.05384615384615388,0.8307692307692308,0.03076923076923077,0.8615384615384615,0.03846153846153855,0.8615384615384615,0.08846153846153848
PRINCIPAL N=200,200,OOD_FAR_masas_extremas_01,ood_far,masas_extremas,8,3.225444367659745,1,2,0.001146412954438981,0.3384615384615385,0.03846153846153849,0.6461538461538462,0.1461538461538462,0.8769230769230768,0.07692307692307676,0.9692307692307693,0.06923076923076932,0.9692307692307693,0.019230769230769384
PRINCIPAL N=200,200,OOD_FAR_masas_extremas_01,ood_far,masas_extremas,9,3.628624913617213,1,2,0.001092698933558868,0.3230769230769231,0.023076923076923106,0.523076923076923,0.023076923076922995,0.9538461538461538,0.15384615384615374,1.0,0.09999999999999998,1.0,0.050000000000000044
PRINCIPAL N=200,200,OOD_FAR_masas_extremas_01,ood_far,masas_extremas,10,4.031805459574681,1,2,0.0012971948568894173,0.3384615384615385,0.03846153846153849,0.6461538461538462,0.1461538461538462,0.8769230769230768,0.07692307692307676,0.9692307692307693,0.06923076923076932,0.9692307692307693,0.019230769230769384
PRINCIPAL N=200,200,OOD_FAR_masas_extremas_02,ood_far,masas_extremas,1,0.6055344268403091,1,2,0.0008620224197270164,0.24615384615384617,0.05384615384615382,0.3846153846153847,0.11538461538461531,0.8615384615384615,0.06153846153846143,0.9384615384615385,0.038461538461538436,0.9384615384615385,0.011538461538461497
PRINCIPAL N=200,200,OOD_FAR_masas_extremas_02,ood_far,masas_extremas,2,1.2110688536806182,1,2,0.0005973247553434298,0.36923076923076925,0.06923076923076926,0.5846153846153846,0.08461538461538465,0.8461538461538461,0.0461538461538461,0.9076923076923077,0.007692307692307665,0.9076923076923077,0.04230769230769227
PRINCIPAL N=200,200,OOD_FAR_masas_extremas_02,ood_far,masas_extremas,3,1.8166032805209273,1,2,0.0010026452922716016,0.3076923076923077,0.0076923076923077205,0.6307692307692309,0.13076923076923086,0.8615384615384615,0.06153846153846143,0.9384615384615385,0.038461538461538436,0.9384615384615385,0.011538461538461497
PRINCIPAL N=200,200,OOD_FAR_masas_extremas_02,ood_far,masas_extremas,4,2.4221377073612365,1,2,0.0005790551899007363,0.32307692307692315,0.02307692307692316,0.4461538461538462,0.05384615384615382,0.8615384615384617,0.06153846153846165,0.9076923076923078,0.007692307692307776,0.9076923076923078,0.04230769230769216
PRINCIPAL N=200,200,OOD_FAR_masas_extremas_02,ood_far,masas_extremas,5,3.027672134201546,1,2,0.0005936263210570921,0.38461538461538464,0.08461538461538465,0.5538461538461539,0.05384615384615388,0.8461538461538461,0.0461538461538461,0.8923076923076924,0.007692307692307665,0.8923076923076924,0.0576923076923076
PRINCIPAL N=200,200,OOD_FAR_masas_extremas_02,ood_far,masas_extremas,6,3.633206561041855,1,2,0.0004705438295644247,0.3384615384615385,0.03846153846153849,0.5692307692307692,0.0692307692307692,0.8615384615384615,0.06153846153846143,0.9384615384615385,0.038461538461538436,0.9384615384615385,0.011538461538461497
PRINCIPAL N=200,200,OOD_FAR_masas_extremas_02,ood_far,masas_extremas,7,4.238740987882164,1,2,0.00028304622031030436,0.3384615384615385,0.03846153846153849,0.5076923076923077,0.007692307692307665,0.8307692307692308,0.03076923076923077,0.8923076923076924,0.007692307692307665,0.8923076923076924,0.0576923076923076
PRINCIPAL N=200,200,OOD_FAR_masas_extremas_02,ood_far,masas_extremas,8,4.844275414722473,1,2,0.000447161348776875,0.3230769230769231,0.023076923076923106,0.6307692307692309,0.13076923076923086,0.8923076923076924,0.09230769230769231,0.923076923076923,0.023076923076922995,0.923076923076923,0.02692307692307694
PRINCIPAL N=200,200,OOD_FAR_masas_extremas_02,ood_far,masas_extremas,9,5.449809841562782,1,2,0.00024978772899605505,0.3538461538461538,0.05384615384615382,0.5384615384615384,0.038461538461538436,0.8000000000000002,1.1102230246251565e-16,0.923076923076923,0.023076923076922995,0.923076923076923,0.02692307692307694
PRINCIPAL N=200,200,OOD_FAR_masas_extremas_02,ood_far,masas_extremas,10,6.055344268403092,1,2,0.00048562601650770494,0.38461538461538464,0.08461538461538465,0.5692307692307692,0.0692307692307692,0.8615384615384617,0.06153846153846165,0.9538461538461538,0.053846153846153766,0.9538461538461538,0.0038461538461538325
PRINCIPAL N=200,200,OOD_FAR_masas_extremas_03,ood_far,masas_extremas,1,0.477650591694929,1,2,0.000626428329810935,0.21538461538461542,0.08461538461538456,0.5230769230769231,0.023076923076923106,0.9538461538461538,0.15384615384615374,1.0,0.09999999999999998,1.0,0.050000000000000044
PRINCIPAL N=200,200,OOD_FAR_masas_extremas_03,ood_far,masas_extremas,2,0.9553011833898579,1,2,0.00141929307482204,0.18461538461538463,0.11538461538461536,0.5384615384615385,0.03846153846153855,0.8153846153846154,0.01538461538461533,0.9846153846153847,0.08461538461538465,0.9846153846153847,0.034615384615384714
PRINCIPAL N=200,200,OOD_FAR_masas_extremas_03,ood_far,masas_extremas,3,1.4329517750847869,1,2,0.0015436719984508304,0.30769230769230765,0.007692307692307665,0.49230769230769234,0.007692307692307665,0.7846153846153847,0.01538461538461533,0.876923076923077,0.023076923076922995,0.876923076923077,0.07307692307692293
PRINCIPAL N=200,200,OOD_FAR_masas_extremas_03,ood_far,masas_extremas,4,1.9106023667797158,1,2,0.0016471735450658092,0.27692307692307694,0.02307692307692305,0.4769230769230769,0.023076923076923106,0.9230769230769231,0.12307692307692308,0.9230769230769231,0.023076923076923106,0.9230769230769231,0.026923076923076827
PRINCIPAL N=200,200,OOD_FAR_masas_extremas_03,ood_far,masas_extremas,5,2.388252958474645,1,2,0.0014460491189939553,0.2615384615384615,0.03846153846153849,0.5538461538461539,0.05384615384615388,0.7692307692307693,0.03076923076923077,0.8,0.09999999999999998,0.8,0.1499999999999999
PRINCIPAL N=200,200,OOD_FAR_masas_extremas_03,ood_far,masas_extremas,6,2.865903550169574,1,2,0.001578521423208364,0.24615384615384617,0.05384615384615382,0.6461538461538462,0.1461538461538462,0.876923076923077,0.07692307692307698,0.9692307692307693,0.06923076923076932,0.9692307692307693,0.019230769230769384
PRINCIPAL N=200,200,OOD_FAR_masas_extremas_03,ood_far,masas_extremas,7,3.343554141864503,1,2,0.0008195998186822779,0.13846153846153847,0.16153846153846152,0.5076923076923077,0.007692307692307665,0.7846153846153847,0.01538461538461533,0.8615384615384615,0.03846153846153855,0.8615384615384615,0.08846153846153848
PRINCIPAL N=200,200,OOD_FAR_masas_extremas_03,ood_far,masas_extremas,8,3.8212047335594317,1,2,0.0017428591758404423,0.21538461538461542,0.08461538461538456,0.49230769230769234,0.007692307692307665,0.876923076923077,0.07692307692307698,0.9846153846153847,0.08461538461538465,0.9846153846153847,0.034615384615384714
PRINCIPAL N=200,200,OOD_FAR_masas_extremas_03,ood_far,masas_extremas,9,4.298855325254361,1,2,0.0014176147838772413,0.24615384615384617,0.05384615384615382,0.5230769230769232,0.023076923076923217,0.7846153846153847,0.01538461538461533,0.9076923076923077,0.007692307692307665,0.9076923076923077,0.04230769230769227
PRINCIPAL N=200,200,OOD_FAR_masas_extremas_03,ood_far,masas_extremas,10,4.77650591694929,1,2,0.0018613960562956094,0.21538461538461542,0.08461538461538456,0.49230769230769234,0.007692307692307665,0.7538461538461538,0.04615384615384621,0.8153846153846154,0.08461538461538465,0.8153846153846154,0.13461538461538458
PRINCIPAL N=200,200,OOD_FAR_no_virializado_00,ood_far,no_virializado,1,1.5,8,8,2.9795189516791686e-08,0.41538461538461535,0.11538461538461536,0.6,0.09999999999999998,0.8,0.0,0.9076923076923077,0.007692307692307665,0.9076923076923077,0.04230769230769227
PRINCIPAL N=200,200,OOD_FAR_no_virializado_00,ood_far,no_virializado,2,3.0,7,7,1.5106729230872041e-07,0.3538461538461538,0.05384615384615382,0.5692307692307692,0.0692307692307692,0.7692307692307693,0.03076923076923077,0.9076923076923077,0.007692307692307665,0.9076923076923077,0.04230769230769227
PRINCIPAL N=200,200,OOD_FAR_no_virializado_00,ood_far,no_virializado,3,4.5,7,7,1.1102199854675566e-07,0.3846153846153847,0.0846153846153847,0.6307692307692307,0.13076923076923075,0.8153846153846154,0.01538461538461533,0.9230769230769231,0.023076923076923106,0.9230769230769231,0.026923076923076827
PRINCIPAL N=200,200,OOD_FAR_no_virializado_00,ood_far,no_virializado,4,6.0,6,6,3.2826211100196134e-07,0.3692307692307692,0.0692307692307692,0.4769230769230769,0.023076923076923106,0.8,0.0,0.8615384615384615,0.03846153846153855,0.8615384615384615,0.08846153846153848
PRINCIPAL N=200,200,OOD_FAR_no_virializado_00,ood_far,no_virializado,5,7.5,1,2,0.0009355492279427786,0.38461538461538464,0.08461538461538465,0.6,0.09999999999999998,0.7846153846153847,0.01538461538461533,0.8615384615384617,0.038461538461538325,0.8615384615384617,0.08846153846153826
PRINCIPAL N=200,200,OOD_FAR_no_virializado_00,ood_far,no_virializado,6,9.0,4,4,1.871834717130282e-05,0.38461538461538464,0.08461538461538465,0.4769230769230769,0.023076923076923106,0.8,0.0,0.8615384615384615,0.03846153846153855,0.8615384615384615,0.08846153846153848
PRINCIPAL N=200,200,OOD_FAR_no_virializado_00,ood_far,no_virializado,7,10.5,5,5,9.713761951033521e-06,0.23076923076923075,0.06923076923076923,0.4,0.09999999999999998,0.8461538461538461,0.0461538461538461,0.9076923076923077,0.007692307692307665,0.9076923076923077,0.04230769230769227
PRINCIPAL N=200,200,OOD_FAR_no_virializado_00,ood_far,no_virializado,8,12.0,6,6,7.760411112252892e-07,0.3384615384615385,0.03846153846153849,0.4923076923076922,0.007692307692307776,0.8615384615384615,0.06153846153846143,0.8923076923076924,0.007692307692307665,0.8923076923076924,0.0576923076923076
PRINCIPAL N=200,200,OOD_FAR_no_virializado_00,ood_far,no_virializado,9,13.5,6,6,1.2241653483880617e-06,0.35384615384615387,0.05384615384615388,0.5384615384615384,0.038461538461538436,0.8615384615384615,0.06153846153846143,0.8923076923076924,0.007692307692307665,0.8923076923076924,0.0576923076923076
PRINCIPAL N=200,200,OOD_FAR_no_virializado_00,ood_far,no_virializado,10,15.0,6,6,1.2003741744665912e-06,0.30769230769230765,0.007692307692307665,0.4,0.09999999999999998,0.8,0.0,0.8923076923076924,0.007692307692307665,0.8923076923076924,0.0576923076923076
PRINCIPAL N=200,200,OOD_FAR_no_virializado_01,ood_far,no_virializado,1,1.5,8,8,6.566091054146098e-08,0.47692307692307684,0.17692307692307685,0.6923076923076923,0.1923076923076923,0.8615384615384615,0.06153846153846143,0.9384615384615385,0.038461538461538436,0.9384615384615385,0.011538461538461497
PRINCIPAL N=200,200,OOD_FAR_no_virializado_01,ood_far,no_virializado,2,3.0,8,8,1.5602341380560563e-05,0.4153846153846154,0.11538461538461542,0.6461538461538462,0.1461538461538462,0.9384615384615385,0.1384615384615384,0.9846153846153847,0.08461538461538465,0.9846153846153847,0.034615384615384714
PRINCIPAL N=200,200,OOD_FAR_no_virializado_01,ood_far,no_virializado,3,4.5,7,7,3.8335015016797116e-05,0.4,0.10000000000000003,0.5538461538461539,0.05384615384615388,0.8615384615384617,0.06153846153846165,0.9230769230769231,0.023076923076923106,0.9230769230769231,0.026923076923076827
PRINCIPAL N=200,200,OOD_FAR_no_virializado_01,ood_far,no_virializado,4,6.0,7,7,1.6557669393080883e-05,0.3384615384615385,0.03846153846153849,0.5230769230769232,0.023076923076923217,0.7692307692307693,0.03076923076923077,0.8769230769230768,0.023076923076923217,0.8769230769230768,0.07307692307692315
PRINCIPAL N=200,200,OOD_FAR_no_virializado_01,ood_far,no_virializado,5,7.5,6,6,2.8872168547659977e-06,0.3384615384615385,0.03846153846153849,0.4153846153846154,0.08461538461538459,0.8307692307692308,0.03076923076923077,0.8615384615384617,0.038461538461538325,0.8615384615384617,0.08846153846153826
PRINCIPAL N=200,200,OOD_FAR_no_virializado_01,ood_far,no_virializado,6,9.0,6,6,8.941500860038147e-07,0.36923076923076925,0.06923076923076926,0.476923076923077,0.023076923076922995,0.9076923076923077,0.10769230769230764,0.9692307692307693,0.06923076923076932,0.9692307692307693,0.019230769230769384
PRINCIPAL N=200,200,OOD_FAR_no_virializado_01,ood_far,no_virializado,7,10.5,7,7,1.2557290786696277e-05,0.36923076923076925,0.06923076923076926,0.5846153846153846,0.08461538461538465,0.8923076923076924,0.09230769230769231,0.9692307692307693,0.06923076923076932,0.9692307692307693,0.019230769230769384
PRINCIPAL N=200,200,OOD_FAR_no_virializado_01,ood_far,no_virializado,8,12.0,7,7,9.654477777286822e-06,0.3230769230769231,0.023076923076923106,0.49230769230769234,0.007692307692307665,0.8153846153846154,0.01538461538461533,0.9076923076923078,0.007692307692307776,0.9076923076923078,0.04230769230769216
PRINCIPAL N=200,200,OOD_FAR_no_virializado_01,ood_far,no_virializado,9,13.5,6,6,2.686564290650156e-05,0.44615384615384607,0.14615384615384608,0.6153846153846154,0.11538461538461542,0.876923076923077,0.07692307692307698,0.9538461538461538,0.053846153846153766,0.9538461538461538,0.0038461538461538325
PRINCIPAL N=200,200,OOD_FAR_no_virializado_01,ood_far,no_virializado,10,15.0,4,4,3.2920778465638045e-05,0.3384615384615385,0.03846153846153849,0.5692307692307692,0.0692307692307692,0.7846153846153847,0.01538461538461533,0.9076923076923077,0.007692307692307665,0.9076923076923077,0.04230769230769227
PRINCIPAL N=200,200,OOD_FAR_no_virializado_02,ood_far,no_virializado,1,1.5,2,2,0.0022394539947154,0.13846153846153847,0.16153846153846152,0.4769230769230769,0.023076923076923106,0.8153846153846154,0.01538461538461533,0.8769230769230768,0.023076923076923217,0.8769230769230768,0.07307692307692315
PRINCIPAL N=200,200,OOD_FAR_no_virializado_02,ood_far,no_virializado,2,3.0,1,2,0.000284164073425939,0.18461538461538463,0.11538461538461536,0.3846153846153846,0.11538461538461542,0.8,0.0,0.9384615384615385,0.038461538461538436,0.9384615384615385,0.011538461538461497
PRINCIPAL N=200,200,OOD_FAR_no_virializado_02,ood_far,no_virializado,3,4.5,1,2,0.00023574945735364795,0.16923076923076924,0.13076923076923075,0.6,0.09999999999999998,0.8923076923076924,0.09230769230769231,0.9692307692307693,0.06923076923076932,0.9692307692307693,0.019230769230769384
PRINCIPAL N=200,200,OOD_FAR_no_virializado_02,ood_far,no_virializado,4,6.0,1,2,0.00017180368365783428,0.24615384615384617,0.05384615384615382,0.5846153846153846,0.08461538461538465,0.8615384615384615,0.06153846153846143,0.9076923076923077,0.007692307692307665,0.9076923076923077,0.04230769230769227
PRINCIPAL N=200,200,OOD_FAR_no_virializado_02,ood_far,no_virializado,5,7.5,1,2,0.0001366403022659751,0.4153846153846154,0.11538461538461542,0.6615384615384615,0.16153846153846152,0.9076923076923077,0.10769230769230764,1.0,0.09999999999999998,1.0,0.050000000000000044
PRINCIPAL N=200,200,OOD_FAR_no_virializado_02,ood_far,no_virializado,6,9.0,2,2,0.00032140290753160123,0.4615384615384615,0.16153846153846152,0.5692307692307692,0.0692307692307692,0.9076923076923077,0.10769230769230764,0.9384615384615385,0.038461538461538436,0.9384615384615385,0.011538461538461497
PRINCIPAL N=200,200,OOD_FAR_no_virializado_02,ood_far,no_virializado,7,10.5,2,2,8.160814147479762e-05,0.3846153846153847,0.0846153846153847,0.6461538461538462,0.1461538461538462,0.9076923076923077,0.10769230769230764,0.9384615384615385,0.038461538461538436,0.9384615384615385,0.011538461538461497
PRINCIPAL N=200,200,OOD_FAR_no_virializado_02,ood_far,no_virializado,8,12.0,1,2,0.00012629755146950883,0.3384615384615385,0.03846153846153849,0.5230769230769231,0.023076923076923106,0.9076923076923077,0.10769230769230764,0.9384615384615385,0.038461538461538436,0.9384615384615385,0.011538461538461497
PRINCIPAL N=200,200,OOD_FAR_no_virializado_02,ood_far,no_virializado,9,13.5,1,2,0.0001310596014657764,0.21538461538461542,0.08461538461538456,0.4615384615384615,0.03846153846153849,0.8923076923076924,0.09230769230769231,0.9384615384615385,0.038461538461538436,0.9384615384615385,0.011538461538461497
PRINCIPAL N=200,200,OOD_FAR_no_virializado_02,ood_far,no_virializado,10,15.0,1,2,0.00012774862273231196,0.24615384615384617,0.05384615384615382,0.46153846153846156,0.038461538461538436,0.8461538461538461,0.0461538461538461,0.9538461538461538,0.053846153846153766,0.9538461538461538,0.0038461538461538325
PRINCIPAL N=200,200,OOD_FAR_no_virializado_03,ood_far,no_virializado,1,1.5,2,2,0.002631492163795482,0.2615384615384616,0.03846153846153838,0.6,0.09999999999999998,0.8153846153846154,0.01538461538461533,0.9230769230769231,0.023076923076923106,0.9230769230769231,0.026923076923076827
PRINCIPAL N=200,200,OOD_FAR_no_virializado_03,ood_far,no_virializado,2,3.0,4,4,1.0970690626052564e-05,0.24615384615384617,0.05384615384615382,0.43076923076923074,0.06923076923076926,0.7538461538461538,0.04615384615384621,0.8307692307692308,0.0692307692307692,0.8307692307692308,0.11923076923076914
PRINCIPAL N=200,200,OOD_FAR_no_virializado_03,ood_far,no_virializado,3,4.5,3,3,0.00016465078428884087,0.15384615384615383,0.14615384615384616,0.26153846153846155,0.23846153846153845,0.7076923076923076,0.09230769230769242,0.9692307692307693,0.06923076923076932,0.9692307692307693,0.019230769230769384
PRINCIPAL N=200,200,OOD_FAR_no_virializado_03,ood_far,no_virializado,4,6.0,2,2,0.0020083655280686914,0.3384615384615385,0.03846153846153849,0.6153846153846154,0.11538461538461542,0.8769230769230768,0.07692307692307676,0.9230769230769231,0.023076923076923106,0.9230769230769231,0.026923076923076827
PRINCIPAL N=200,200,OOD_FAR_no_virializado_03,ood_far,no_virializado,5,7.5,2,2,0.0016357670373165188,0.18461538461538463,0.11538461538461536,0.3076923076923077,0.1923076923076923,0.7692307692307694,0.03076923076923066,0.9692307692307693,0.06923076923076932,0.9692307692307693,0.019230769230769384
PRINCIPAL N=200,200,OOD_FAR_no_virializado_03,ood_far,no_virializado,6,9.0,2,2,0.0012493119407879795,0.4461538461538462,0.1461538461538462,0.6461538461538461,0.14615384615384608,0.876923076923077,0.07692307692307698,0.9692307692307693,0.06923076923076932,0.9692307692307693,0.019230769230769384
PRINCIPAL N=200,200,OOD_FAR_no_virializado_03,ood_far,no_virializado,7,10.5,2,2,0.0010100577266244156,0.5846153846153845,0.28461538461538455,0.723076923076923,0.22307692307692295,0.9076923076923077,0.10769230769230764,0.9384615384615385,0.038461538461538436,0.9384615384615385,0.011538461538461497
PRINCIPAL N=200,200,OOD_FAR_no_virializado_03,ood_far,no_virializado,8,12.0,1,2,0.0005670839726982044,0.26153846153846155,0.038461538461538436,0.41538461538461535,0.08461538461538465,0.7538461538461538,0.04615384615384621,0.9692307692307693,0.06923076923076932,0.9692307692307693,0.019230769230769384
PRINCIPAL N=200,200,OOD_FAR_no_virializado_03,ood_far,no_virializado,9,13.5,1,2,0.0007746207433794629,0.36923076923076925,0.06923076923076926,0.7538461538461538,0.25384615384615383,0.9230769230769231,0.12307692307692308,0.9692307692307693,0.06923076923076932,0.9692307692307693,0.019230769230769384
PRINCIPAL N=200,200,OOD_FAR_no_virializado_03,ood_far,no_virializado,10,15.0,2,2,0.00033795861326485374,0.4461538461538462,0.1461538461538462,0.5384615384615385,0.03846153846153855,0.953846153846154,0.15384615384615397,0.9846153846153847,0.08461538461538465,0.9846153846153847,0.034615384615384714
CONTROL N=50,50,ID_figura_ocho_00,in_distribution,figura_ocho,1,1.5,3,3,0.00331293725341738,1.0,0.7,1.0,0.5,1.0,0.19999999999999996,1.0,0.09999999999999998,1.0,0.050000000000000044
CONTROL N=50,50,ID_figura_ocho_00,in_distribution,figura_ocho,2,3.0,2,2,0.026400726548109658,1.0,0.7,1.0,0.5,1.0,0.19999999999999996,1.0,0.09999999999999998,1.0,0.050000000000000044
CONTROL N=50,50,ID_figura_ocho_00,in_distribution,figura_ocho,3,4.5,2,2,0.03206562027837698,1.0,0.7,1.0,0.5,1.0,0.19999999999999996,1.0,0.09999999999999998,1.0,0.050000000000000044
CONTROL N=50,50,ID_figura_ocho_00,in_distribution,figura_ocho,4,6.0,2,2,0.026083311507445826,1.0,0.7,1.0,0.5,1.0,0.19999999999999996,1.0,0.09999999999999998,1.0,0.050000000000000044
CONTROL N=50,50,ID_figura_ocho_00,in_distribution,figura_ocho,5,7.5,2,2,0.02391035157364002,1.0,0.7,1.0,0.5,1.0,0.19999999999999996,1.0,0.09999999999999998,1.0,0.050000000000000044
CONTROL N=50,50,ID_figura_ocho_00,in_distribution,figura_ocho,6,9.0,2,2,0.035924617347290584,1.0,0.7,1.0,0.5,1.0,0.19999999999999996,1.0,0.09999999999999998,1.0,0.050000000000000044
CONTROL N=50,50,ID_figura_ocho_00,in_distribution,figura_ocho,7,10.5,2,2,0.02999238985356488,1.0,0.7,1.0,0.5,1.0,0.19999999999999996,1.0,0.09999999999999998,1.0,0.050000000000000044
CONTROL N=50,50,ID_figura_ocho_00,in_distribution,figura_ocho,8,12.0,2,2,0.03293047372661052,1.0,0.7,1.0,0.5,1.0,0.19999999999999996,1.0,0.09999999999999998,1.0,0.050000000000000044
CONTROL N=50,50,ID_figura_ocho_00,in_distribution,figura_ocho,9,13.5,2,2,0.027890940786052365,1.0,0.7,1.0,0.5,1.0,0.19999999999999996,1.0,0.09999999999999998,1.0,0.050000000000000044
CONTROL N=50,50,ID_figura_ocho_00,in_distribution,figura_ocho,10,15.0,2,2,0.039851166139814105,1.0,0.7,1.0,0.5,1.0,0.19999999999999996,1.0,0.09999999999999998,1.0,0.050000000000000044
CONTROL N=50,50,ID_figura_ocho_01,in_distribution,figura_ocho,1,1.5,4,4,0.0009901745181405148,1.0,0.7,1.0,0.5,1.0,0.19999999999999996,1.0,0.09999999999999998,1.0,0.050000000000000044
CONTROL N=50,50,ID_figura_ocho_01,in_distribution,figura_ocho,2,3.0,2,2,0.028321514597046814,1.0,0.7,1.0,0.5,1.0,0.19999999999999996,1.0,0.09999999999999998,1.0,0.050000000000000044
CONTROL N=50,50,ID_figura_ocho_01,in_distribution,figura_ocho,3,4.5,2,2,0.032099852549039784,1.0,0.7,1.0,0.5,1.0,0.19999999999999996,1.0,0.09999999999999998,1.0,0.050000000000000044
CONTROL N=50,50,ID_figura_ocho_01,in_distribution,figura_ocho,4,6.0,2,2,0.027176110790122054,1.0,0.7,1.0,0.5,1.0,0.19999999999999996,1.0,0.09999999999999998,1.0,0.050000000000000044
CONTROL N=50,50,ID_figura_ocho_01,in_distribution,figura_ocho,5,7.5,2,2,0.05146176528856318,1.0,0.7,1.0,0.5,1.0,0.19999999999999996,1.0,0.09999999999999998,1.0,0.050000000000000044
CONTROL N=50,50,ID_figura_ocho_01,in_distribution,figura_ocho,6,9.0,2,2,0.02653350601936185,1.0,0.7,1.0,0.5,1.0,0.19999999999999996,1.0,0.09999999999999998,1.0,0.050000000000000044
CONTROL N=50,50,ID_figura_ocho_01,in_distribution,figura_ocho,7,10.5,2,2,0.03589411179323522,1.0,0.7,1.0,0.5,1.0,0.19999999999999996,1.0,0.09999999999999998,1.0,0.050000000000000044
CONTROL N=50,50,ID_figura_ocho_01,in_distribution,figura_ocho,8,12.0,2,2,0.031148750595011997,1.0,0.7,1.0,0.5,1.0,0.19999999999999996,1.0,0.09999999999999998,1.0,0.050000000000000044
CONTROL N=50,50,ID_figura_ocho_01,in_distribution,figura_ocho,9,13.5,2,2,0.03948075872231663,1.0,0.7,1.0,0.5,1.0,0.19999999999999996,1.0,0.09999999999999998,1.0,0.050000000000000044
CONTROL N=50,50,ID_figura_ocho_01,in_distribution,figura_ocho,10,15.0,2,2,0.0363729167256044,1.0,0.7,1.0,0.5,1.0,0.19999999999999996,1.0,0.09999999999999998,1.0,0.050000000000000044
CONTROL N=50,50,ID_figura_ocho_02,in_distribution,figura_ocho,1,1.5,5,5,0.00037029933175894376,1.0,0.7,1.0,0.5,1.0,0.19999999999999996,1.0,0.09999999999999998,1.0,0.050000000000000044
CONTROL N=50,50,ID_figura_ocho_02,in_distribution,figura_ocho,2,3.0,2,2,0.023431729506457343,1.0,0.7,1.0,0.5,1.0,0.19999999999999996,1.0,0.09999999999999998,1.0,0.050000000000000044
CONTROL N=50,50,ID_figura_ocho_02,in_distribution,figura_ocho,3,4.5,2,2,0.047067015959237964,0.96,0.6599999999999999,1.0,0.5,1.0,0.19999999999999996,1.0,0.09999999999999998,1.0,0.050000000000000044
CONTROL N=50,50,ID_figura_ocho_02,in_distribution,figura_ocho,4,6.0,2,2,0.027768226239414752,1.0,0.7,1.0,0.5,1.0,0.19999999999999996,1.0,0.09999999999999998,1.0,0.050000000000000044
CONTROL N=50,50,ID_figura_ocho_02,in_distribution,figura_ocho,5,7.5,2,2,0.04464963587919608,0.32,0.020000000000000018,1.0,0.5,1.0,0.19999999999999996,1.0,0.09999999999999998,1.0,0.050000000000000044
CONTROL N=50,50,ID_figura_ocho_02,in_distribution,figura_ocho,6,9.0,2,2,0.03141556109010192,1.0,0.7,1.0,0.5,1.0,0.19999999999999996,1.0,0.09999999999999998,1.0,0.050000000000000044
CONTROL N=50,50,ID_figura_ocho_02,in_distribution,figura_ocho,7,10.5,2,2,0.03595531780485586,0.0,0.3,0.96,0.45999999999999996,1.0,0.19999999999999996,1.0,0.09999999999999998,1.0,0.050000000000000044
CONTROL N=50,50,ID_figura_ocho_02,in_distribution,figura_ocho,8,12.0,2,2,0.03705364105494115,0.88,0.5800000000000001,1.0,0.5,1.0,0.19999999999999996,1.0,0.09999999999999998,1.0,0.050000000000000044
CONTROL N=50,50,ID_figura_ocho_02,in_distribution,figura_ocho,9,13.5,2,2,0.0354922487289232,1.0,0.7,1.0,0.5,1.0,0.19999999999999996,1.0,0.09999999999999998,1.0,0.050000000000000044
CONTROL N=50,50,ID_figura_ocho_02,in_distribution,figura_ocho,10,15.0,2,2,0.03655360606336887,0.0,0.3,1.0,0.5,1.0,0.19999999999999996,1.0,0.09999999999999998,1.0,0.050000000000000044
CONTROL N=50,50,ID_figura_ocho_03,in_distribution,figura_ocho,1,1.5,3,3,0.007979030101450199,1.0,0.7,1.0,0.5,1.0,0.19999999999999996,1.0,0.09999999999999998,1.0,0.050000000000000044
CONTROL N=50,50,ID_figura_ocho_03,in_distribution,figura_ocho,2,3.0,2,2,0.03789169462326573,1.0,0.7,1.0,0.5,1.0,0.19999999999999996,1.0,0.09999999999999998,1.0,0.050000000000000044
CONTROL N=50,50,ID_figura_ocho_03,in_distribution,figura_ocho,3,4.5,2,2,0.05764450603744662,1.0,0.7,1.0,0.5,1.0,0.19999999999999996,1.0,0.09999999999999998,1.0,0.050000000000000044
CONTROL N=50,50,ID_figura_ocho_03,in_distribution,figura_ocho,4,6.0,2,2,0.039936321059302275,1.0,0.7,1.0,0.5,1.0,0.19999999999999996,1.0,0.09999999999999998,1.0,0.050000000000000044
CONTROL N=50,50,ID_figura_ocho_03,in_distribution,figura_ocho,5,7.5,2,2,0.05264499734736958,1.0,0.7,1.0,0.5,1.0,0.19999999999999996,1.0,0.09999999999999998,1.0,0.050000000000000044
CONTROL N=50,50,ID_figura_ocho_03,in_distribution,figura_ocho,6,9.0,2,2,0.0396957427407638,1.0,0.7,1.0,0.5,1.0,0.19999999999999996,1.0,0.09999999999999998,1.0,0.050000000000000044
CONTROL N=50,50,ID_figura_ocho_03,in_distribution,figura_ocho,7,10.5,2,2,0.04185694600937522,1.0,0.7,1.0,0.5,1.0,0.19999999999999996,1.0,0.09999999999999998,1.0,0.050000000000000044
CONTROL N=50,50,ID_figura_ocho_03,in_distribution,figura_ocho,8,12.0,2,2,0.037492277294717775,1.0,0.7,1.0,0.5,1.0,0.19999999999999996,1.0,0.09999999999999998,1.0,0.050000000000000044
CONTROL N=50,50,ID_figura_ocho_03,in_distribution,figura_ocho,9,13.5,2,2,0.06185547608360055,1.0,0.7,1.0,0.5,1.0,0.19999999999999996,1.0,0.09999999999999998,1.0,0.050000000000000044
CONTROL N=50,50,ID_figura_ocho_03,in_distribution,figura_ocho,10,15.0,2,2,0.03659734380973467,1.0,0.7,1.0,0.5,1.0,0.19999999999999996,1.0,0.09999999999999998,1.0,0.050000000000000044
CONTROL N=50,50,ID_jerarquico_00,in_distribution,jerarquico,1,0.471266491421797,1,2,0.006666488344024978,0.0,0.3,0.96,0.45999999999999996,1.0,0.19999999999999996,1.0,0.09999999999999998,1.0,0.050000000000000044
CONTROL N=50,50,ID_jerarquico_00,in_distribution,jerarquico,2,0.942532982843594,1,2,0.005112209196030923,0.0,0.3,0.4,0.09999999999999998,1.0,0.19999999999999996,1.0,0.09999999999999998,1.0,0.050000000000000044
CONTROL N=50,50,ID_jerarquico_00,in_distribution,jerarquico,3,1.413799474265391,1,2,0.004330300920049448,0.0,0.3,0.88,0.38,1.0,0.19999999999999996,1.0,0.09999999999999998,1.0,0.050000000000000044
CONTROL N=50,50,ID_jerarquico_00,in_distribution,jerarquico,4,1.8850659656871882,1,2,0.005025326199208797,0.0,0.3,0.36,0.14,1.0,0.19999999999999996,1.0,0.09999999999999998,1.0,0.050000000000000044
CONTROL N=50,50,ID_jerarquico_00,in_distribution,jerarquico,5,2.3563324571089854,1,2,0.0050151565586117105,0.0,0.3,0.32,0.18,1.0,0.19999999999999996,1.0,0.09999999999999998,1.0,0.050000000000000044
CONTROL N=50,50,ID_jerarquico_00,in_distribution,jerarquico,6,2.8275989485307824,1,2,0.004884071869172593,0.0,0.3,0.36,0.14,1.0,0.19999999999999996,1.0,0.09999999999999998,1.0,0.050000000000000044
CONTROL N=50,50,ID_jerarquico_00,in_distribution,jerarquico,7,3.2988654399525794,1,2,0.005092668818583744,0.0,0.3,0.2,0.3,1.0,0.19999999999999996,1.0,0.09999999999999998,1.0,0.050000000000000044
CONTROL N=50,50,ID_jerarquico_00,in_distribution,jerarquico,8,3.7701319313743764,1,2,0.004840176928870667,0.0,0.3,0.28,0.21999999999999997,1.0,0.19999999999999996,1.0,0.09999999999999998,1.0,0.050000000000000044
CONTROL N=50,50,ID_jerarquico_00,in_distribution,jerarquico,9,4.241398422796173,1,2,0.0049769225839225864,0.0,0.3,0.52,0.020000000000000018,1.0,0.19999999999999996,1.0,0.09999999999999998,1.0,0.050000000000000044
CONTROL N=50,50,ID_jerarquico_00,in_distribution,jerarquico,10,4.71266491421797,1,2,0.004823575552766768,0.0,0.3,0.28,0.21999999999999997,1.0,0.19999999999999996,1.0,0.09999999999999998,1.0,0.050000000000000044
CONTROL N=50,50,ID_jerarquico_01,in_distribution,jerarquico,1,0.4416475528509517,1,2,0.005915714166853748,0.32,0.020000000000000018,1.0,0.5,1.0,0.19999999999999996,1.0,0.09999999999999998,1.0,0.050000000000000044
CONTROL N=50,50,ID_jerarquico_01,in_distribution,jerarquico,2,0.8832951057019034,1,2,0.004501844034784419,0.0,0.3,0.04,0.46,1.0,0.19999999999999996,1.0,0.09999999999999998,1.0,0.050000000000000044
CONTROL N=50,50,ID_jerarquico_01,in_distribution,jerarquico,3,1.324942658552855,1,2,0.005069436793371443,0.0,0.3,0.0,0.5,1.0,0.19999999999999996,1.0,0.09999999999999998,1.0,0.050000000000000044
CONTROL N=50,50,ID_jerarquico_01,in_distribution,jerarquico,4,1.7665902114038068,1,2,0.004490159938295669,0.0,0.3,0.04,0.46,1.0,0.19999999999999996,1.0,0.09999999999999998,1.0,0.050000000000000044
CONTROL N=50,50,ID_jerarquico_01,in_distribution,jerarquico,5,2.2082377642547586,1,2,0.0051679012494720376,0.0,0.3,0.12,0.38,1.0,0.19999999999999996,1.0,0.09999999999999998,1.0,0.050000000000000044
CONTROL N=50,50,ID_jerarquico_01,in_distribution,jerarquico,6,2.6498853171057104,1,2,0.004469538492030844,0.0,0.3,0.0,0.5,1.0,0.19999999999999996,1.0,0.09999999999999998,1.0,0.050000000000000044
CONTROL N=50,50,ID_jerarquico_01,in_distribution,jerarquico,7,3.0915328699566618,1,2,0.004480709193197778,0.0,0.3,0.04,0.46,1.0,0.19999999999999996,1.0,0.09999999999999998,1.0,0.050000000000000044
CONTROL N=50,50,ID_jerarquico_01,in_distribution,jerarquico,8,3.5331804228076136,1,2,0.00449420922109073,0.0,0.3,0.0,0.5,1.0,0.19999999999999996,1.0,0.09999999999999998,1.0,0.050000000000000044
CONTROL N=50,50,ID_jerarquico_01,in_distribution,jerarquico,9,3.9748279756585654,1,2,0.00429752249747564,0.0,0.3,0.0,0.5,1.0,0.19999999999999996,1.0,0.09999999999999998,1.0,0.050000000000000044
CONTROL N=50,50,ID_jerarquico_01,in_distribution,jerarquico,10,4.416475528509517,1,2,0.00450474463849341,0.0,0.3,0.0,0.5,1.0,0.19999999999999996,1.0,0.09999999999999998,1.0,0.050000000000000044
CONTROL N=50,50,ID_jerarquico_02,in_distribution,jerarquico,1,0.36917309782390384,1,2,0.008066461152871202,0.88,0.5800000000000001,1.0,0.5,1.0,0.19999999999999996,1.0,0.09999999999999998,1.0,0.050000000000000044
CONTROL N=50,50,ID_jerarquico_02,in_distribution,jerarquico,2,0.7383461956478077,1,2,0.0055796148609116684,0.0,0.3,0.92,0.42000000000000004,1.0,0.19999999999999996,1.0,0.09999999999999998,1.0,0.050000000000000044
CONTROL N=50,50,ID_jerarquico_02,in_distribution,jerarquico,3,1.1075192934717115,1,2,0.0031942374780169276,1.0,0.7,1.0,0.5,1.0,0.19999999999999996,1.0,0.09999999999999998,1.0,0.050000000000000044
CONTROL N=50,50,ID_jerarquico_02,in_distribution,jerarquico,4,1.4766923912956154,1,2,0.005413945729164398,0.0,0.3,0.92,0.42000000000000004,1.0,0.19999999999999996,1.0,0.09999999999999998,1.0,0.050000000000000044
CONTROL N=50,50,ID_jerarquico_02,in_distribution,jerarquico,5,1.8458654891195192,1,2,0.003973203608920827,1.0,0.7,1.0,0.5,1.0,0.19999999999999996,1.0,0.09999999999999998,1.0,0.050000000000000044
CONTROL N=50,50,ID_jerarquico_02,in_distribution,jerarquico,6,2.215038586943423,1,2,0.005350719026424469,0.0,0.3,0.92,0.42000000000000004,1.0,0.19999999999999996,1.0,0.09999999999999998,1.0,0.050000000000000044
CONTROL N=50,50,ID_jerarquico_02,in_distribution,jerarquico,7,2.584211684767327,1,2,0.004417503003052096,1.0,0.7,1.0,0.5,1.0,0.19999999999999996,1.0,0.09999999999999998,1.0,0.050000000000000044
CONTROL N=50,50,ID_jerarquico_02,in_distribution,jerarquico,8,2.9533847825912307,1,2,0.005354364342849592,0.0,0.3,0.92,0.42000000000000004,1.0,0.19999999999999996,1.0,0.09999999999999998,1.0,0.050000000000000044
CONTROL N=50,50,ID_jerarquico_02,in_distribution,jerarquico,9,3.3225578804151343,1,2,0.004488369550884234,1.0,0.7,1.0,0.5,1.0,0.19999999999999996,1.0,0.09999999999999998,1.0,0.050000000000000044
CONTROL N=50,50,ID_jerarquico_02,in_distribution,jerarquico,10,3.6917309782390384,1,2,0.005804769663993868,0.16,0.13999999999999999,0.92,0.42000000000000004,1.0,0.19999999999999996,1.0,0.09999999999999998,1.0,0.050000000000000044
CONTROL N=50,50,ID_jerarquico_03,in_distribution,jerarquico,1,0.4524831053122072,1,2,0.007122432892779006,1.0,0.7,1.0,0.5,1.0,0.19999999999999996,1.0,0.09999999999999998,1.0,0.050000000000000044
CONTROL N=50,50,ID_jerarquico_03,in_distribution,jerarquico,2,0.9049662106244144,1,2,0.005344127708622449,0.0,0.3,0.0,0.5,1.0,0.19999999999999996,1.0,0.09999999999999998,1.0,0.050000000000000044
CONTROL N=50,50,ID_jerarquico_03,in_distribution,jerarquico,3,1.3574493159366217,1,2,0.006559582387686257,0.0,0.3,0.0,0.5,1.0,0.19999999999999996,1.0,0.09999999999999998,1.0,0.050000000000000044
CONTROL N=50,50,ID_jerarquico_03,in_distribution,jerarquico,4,1.8099324212488288,1,2,0.005525422031682907,0.0,0.3,0.0,0.5,1.0,0.19999999999999996,1.0,0.09999999999999998,1.0,0.050000000000000044
CONTROL N=50,50,ID_jerarquico_03,in_distribution,jerarquico,5,2.262415526561036,1,2,0.007368160135603294,0.0,0.3,0.0,0.5,1.0,0.19999999999999996,1.0,0.09999999999999998,1.0,0.050000000000000044
CONTROL N=50,50,ID_jerarquico_03,in_distribution,jerarquico,6,2.7148986318732433,1,2,0.005576802940569582,0.0,0.3,0.0,0.5,1.0,0.19999999999999996,1.0,0.09999999999999998,1.0,0.050000000000000044
CONTROL N=50,50,ID_jerarquico_03,in_distribution,jerarquico,7,3.1673817371854507,1,2,0.007053281953218932,0.0,0.3,0.0,0.5,1.0,0.19999999999999996,1.0,0.09999999999999998,1.0,0.050000000000000044
CONTROL N=50,50,ID_jerarquico_03,in_distribution,jerarquico,8,3.6198648424976576,1,2,0.005657206548562762,0.0,0.3,0.0,0.5,1.0,0.19999999999999996,1.0,0.09999999999999998,1.0,0.050000000000000044
CONTROL N=50,50,ID_jerarquico_03,in_distribution,jerarquico,9,4.072347947809865,1,2,0.009545338170783582,0.0,0.3,1.0,0.5,1.0,0.19999999999999996,1.0,0.09999999999999998,1.0,0.050000000000000044
CONTROL N=50,50,ID_jerarquico_03,in_distribution,jerarquico,10,4.524831053122072,2,2,0.006606477870614369,0.0,0.3,0.12,0.38,1.0,0.19999999999999996,1.0,0.09999999999999998,1.0,0.050000000000000044
CONTROL N=50,50,ID_resonancia_00,in_distribution,resonancia,1,0.39678810308029255,1,2,0.01660432103547612,0.0,0.3,1.0,0.5,1.0,0.19999999999999996,1.0,0.09999999999999998,1.0,0.050000000000000044
CONTROL N=50,50,ID_resonancia_00,in_distribution,resonancia,2,0.7935762061605851,2,2,0.016370254305829272,1.0,0.7,1.0,0.5,1.0,0.19999999999999996,1.0,0.09999999999999998,1.0,0.050000000000000044
CONTROL N=50,50,ID_resonancia_00,in_distribution,resonancia,3,1.1903643092408775,2,2,0.0454498099968477,1.0,0.7,1.0,0.5,1.0,0.19999999999999996,1.0,0.09999999999999998,1.0,0.050000000000000044
CONTROL N=50,50,ID_resonancia_00,in_distribution,resonancia,4,1.5871524123211702,1,2,0.007076465453173409,0.12,0.18,1.0,0.5,1.0,0.19999999999999996,1.0,0.09999999999999998,1.0,0.050000000000000044
CONTROL N=50,50,ID_resonancia_00,in_distribution,resonancia,5,1.9839405154014629,1,2,0.006499162002103883,0.0,0.3,0.88,0.38,1.0,0.19999999999999996,1.0,0.09999999999999998,1.0,0.050000000000000044
CONTROL N=50,50,ID_resonancia_00,in_distribution,resonancia,6,2.3807286184817555,1,2,0.005809255990500294,0.0,0.3,0.08,0.42,1.0,0.19999999999999996,1.0,0.09999999999999998,1.0,0.050000000000000044
CONTROL N=50,50,ID_resonancia_00,in_distribution,resonancia,7,2.7775167215620478,2,2,0.007606446086362771,1.0,0.7,1.0,0.5,1.0,0.19999999999999996,1.0,0.09999999999999998,1.0,0.050000000000000044
CONTROL N=50,50,ID_resonancia_00,in_distribution,resonancia,8,3.1743048246423404,2,2,0.008208562930106526,0.76,0.46,1.0,0.5,1.0,0.19999999999999996,1.0,0.09999999999999998,1.0,0.050000000000000044
CONTROL N=50,50,ID_resonancia_00,in_distribution,resonancia,9,3.571092927722633,2,2,0.00649354955803956,0.0,0.3,1.0,0.5,1.0,0.19999999999999996,1.0,0.09999999999999998,1.0,0.050000000000000044
CONTROL N=50,50,ID_resonancia_00,in_distribution,resonancia,10,3.9678810308029258,2,2,0.051803365706018636,1.0,0.7,1.0,0.5,1.0,0.19999999999999996,1.0,0.09999999999999998,1.0,0.050000000000000044
CONTROL N=50,50,ID_resonancia_01,in_distribution,resonancia,1,0.43580603477803204,1,2,0.010085385406083041,1.0,0.7,1.0,0.5,1.0,0.19999999999999996,1.0,0.09999999999999998,1.0,0.050000000000000044
CONTROL N=50,50,ID_resonancia_01,in_distribution,resonancia,2,0.8716120695560641,1,2,0.011554621830315703,1.0,0.7,1.0,0.5,1.0,0.19999999999999996,1.0,0.09999999999999998,1.0,0.050000000000000044
CONTROL N=50,50,ID_resonancia_01,in_distribution,resonancia,3,1.3074181043340962,1,2,0.009593394461258937,0.0,0.3,1.0,0.5,1.0,0.19999999999999996,1.0,0.09999999999999998,1.0,0.050000000000000044
CONTROL N=50,50,ID_resonancia_01,in_distribution,resonancia,4,1.7432241391121281,1,2,0.009373718917659656,0.0,0.3,0.0,0.5,1.0,0.19999999999999996,1.0,0.09999999999999998,1.0,0.050000000000000044
CONTROL N=50,50,ID_resonancia_01,in_distribution,resonancia,5,2.17903017389016,1,2,0.004073940726610052,0.0,0.3,0.0,0.5,0.0,0.8,1.0,0.09999999999999998,1.0,0.050000000000000044
CONTROL N=50,50,ID_resonancia_01,in_distribution,resonancia,6,2.614836208668192,1,2,0.001087318442757382,0.0,0.3,0.0,0.5,1.0,0.19999999999999996,1.0,0.09999999999999998,1.0,0.050000000000000044
CONTROL N=50,50,ID_resonancia_01,in_distribution,resonancia,7,3.0506422434462244,1,2,0.0018742680532210934,0.0,0.3,0.0,0.5,1.0,0.19999999999999996,1.0,0.09999999999999998,1.0,0.050000000000000044
CONTROL N=50,50,ID_resonancia_01,in_distribution,resonancia,8,3.4864482782242563,1,2,0.003762727859915711,0.0,0.3,0.0,0.5,1.0,0.19999999999999996,1.0,0.09999999999999998,1.0,0.050000000000000044
CONTROL N=50,50,ID_resonancia_01,in_distribution,resonancia,9,3.922254313002288,2,2,0.0022275579191930405,0.0,0.3,0.0,0.5,0.48,0.32000000000000006,1.0,0.09999999999999998,1.0,0.050000000000000044
CONTROL N=50,50,ID_resonancia_01,in_distribution,resonancia,10,4.35806034778032,3,3,5.613073522539558e-05,0.0,0.3,0.0,0.5,0.88,0.07999999999999996,1.0,0.09999999999999998,1.0,0.050000000000000044
CONTROL N=50,50,ID_resonancia_02,in_distribution,resonancia,1,0.36225977028621276,1,2,0.013429868111864465,0.0,0.3,0.0,0.5,1.0,0.19999999999999996,1.0,0.09999999999999998,1.0,0.050000000000000044
CONTROL N=50,50,ID_resonancia_02,in_distribution,resonancia,2,0.7245195405724254,2,2,0.030608136342497073,1.0,0.7,1.0,0.5,1.0,0.19999999999999996,1.0,0.09999999999999998,1.0,0.050000000000000044
CONTROL N=50,50,ID_resonancia_02,in_distribution,resonancia,3,1.086779310858638,2,2,0.028753339213686453,0.72,0.42,1.0,0.5,1.0,0.19999999999999996,1.0,0.09999999999999998,1.0,0.050000000000000044
CONTROL N=50,50,ID_resonancia_02,in_distribution,resonancia,4,1.4490390811448508,2,2,0.02270377609578704,1.0,0.7,1.0,0.5,1.0,0.19999999999999996,1.0,0.09999999999999998,1.0,0.050000000000000044
CONTROL N=50,50,ID_resonancia_02,in_distribution,resonancia,5,1.8112988514310635,2,2,0.01931732015955143,1.0,0.7,1.0,0.5,1.0,0.19999999999999996,1.0,0.09999999999999998,1.0,0.050000000000000044
CONTROL N=50,50,ID_resonancia_02,in_distribution,resonancia,6,2.173558621717276,1,2,0.016282040928871592,1.0,0.7,1.0,0.5,1.0,0.19999999999999996,1.0,0.09999999999999998,1.0,0.050000000000000044
CONTROL N=50,50,ID_resonancia_02,in_distribution,resonancia,7,2.535818392003489,1,2,0.012566703069815251,1.0,0.7,1.0,0.5,1.0,0.19999999999999996,1.0,0.09999999999999998,1.0,0.050000000000000044
CONTROL N=50,50,ID_resonancia_02,in_distribution,resonancia,8,2.898078162289702,1,2,0.007643334922354597,1.0,0.7,1.0,0.5,1.0,0.19999999999999996,1.0,0.09999999999999998,1.0,0.050000000000000044
CONTROL N=50,50,ID_resonancia_02,in_distribution,resonancia,9,3.2603379325759145,1,2,0.012352689570222706,1.0,0.7,1.0,0.5,1.0,0.19999999999999996,1.0,0.09999999999999998,1.0,0.050000000000000044
CONTROL N=50,50,ID_resonancia_02,in_distribution,resonancia,10,3.6225977028621275,2,2,0.01667437625220522,1.0,0.7,1.0,0.5,1.0,0.19999999999999996,1.0,0.09999999999999998,1.0,0.050000000000000044
CONTROL N=50,50,ID_resonancia_03,in_distribution,resonancia,1,0.3923686895518708,1,2,0.012106352951152912,0.72,0.42,1.0,0.5,1.0,0.19999999999999996,1.0,0.09999999999999998,1.0,0.050000000000000044
CONTROL N=50,50,ID_resonancia_03,in_distribution,resonancia,2,0.7847373791037415,2,2,0.037918821447952195,0.0,0.3,1.0,0.5,1.0,0.19999999999999996,1.0,0.09999999999999998,1.0,0.050000000000000044
CONTROL N=50,50,ID_resonancia_03,in_distribution,resonancia,3,1.1771060686556123,1,2,0.014163707924281056,0.0,0.3,1.0,0.5,1.0,0.19999999999999996,1.0,0.09999999999999998,1.0,0.050000000000000044
CONTROL N=50,50,ID_resonancia_03,in_distribution,resonancia,4,1.569474758207483,1,2,0.009870407098728261,0.0,0.3,1.0,0.5,1.0,0.19999999999999996,1.0,0.09999999999999998,1.0,0.050000000000000044
CONTROL N=50,50,ID_resonancia_03,in_distribution,resonancia,5,1.9618434477593538,2,2,0.027892938114340987,0.0,0.3,1.0,0.5,1.0,0.19999999999999996,1.0,0.09999999999999998,1.0,0.050000000000000044
CONTROL N=50,50,ID_resonancia_03,in_distribution,resonancia,6,2.3542121373112246,2,2,0.029362017780401675,1.0,0.7,1.0,0.5,1.0,0.19999999999999996,1.0,0.09999999999999998,1.0,0.050000000000000044
CONTROL N=50,50,ID_resonancia_03,in_distribution,resonancia,7,2.7465808268630956,2,2,0.012849118035183606,0.0,0.3,1.0,0.5,1.0,0.19999999999999996,1.0,0.09999999999999998,1.0,0.050000000000000044
CONTROL N=50,50,ID_resonancia_03,in_distribution,resonancia,8,3.138949516414966,3,3,8.06098746181836e-05,0.0,0.3,0.0,0.5,1.0,0.19999999999999996,1.0,0.09999999999999998,1.0,0.050000000000000044
CONTROL N=50,50,ID_resonancia_03,in_distribution,resonancia,9,3.531318205966837,2,2,0.0021670231673329055,0.0,0.3,0.0,0.5,0.08,0.7200000000000001,1.0,0.09999999999999998,1.0,0.050000000000000044
CONTROL N=50,50,ID_resonancia_03,in_distribution,resonancia,10,3.923686895518708,4,4,0.0015037123045524641,0.0,0.3,0.0,0.5,1.0,0.19999999999999996,1.0,0.09999999999999998,1.0,0.050000000000000044
CONTROL N=50,50,ID_euler_colineal_00,in_distribution,euler_colineal,1,1.5,1,2,0.01045042231452525,1.0,0.7,1.0,0.5,1.0,0.19999999999999996,1.0,0.09999999999999998,1.0,0.050000000000000044
CONTROL N=50,50,ID_euler_colineal_00,in_distribution,euler_colineal,2,3.0,2,2,0.0003146543313583322,0.88,0.5800000000000001,1.0,0.5,1.0,0.19999999999999996,1.0,0.09999999999999998,1.0,0.050000000000000044
CONTROL N=50,50,ID_euler_colineal_00,in_distribution,euler_colineal,3,4.5,2,2,0.005042487267909441,1.0,0.7,1.0,0.5,1.0,0.19999999999999996,1.0,0.09999999999999998,1.0,0.050000000000000044
CONTROL N=50,50,ID_euler_colineal_00,in_distribution,euler_colineal,4,6.0,3,3,0.005396421063054462,0.0,0.3,0.16,0.33999999999999997,1.0,0.19999999999999996,1.0,0.09999999999999998,1.0,0.050000000000000044
CONTROL N=50,50,ID_euler_colineal_00,in_distribution,euler_colineal,5,7.5,6,6,0.0005579585209474239,1.0,0.7,1.0,0.5,1.0,0.19999999999999996,1.0,0.09999999999999998,1.0,0.050000000000000044
CONTROL N=50,50,ID_euler_colineal_00,in_distribution,euler_colineal,6,9.0,7,7,0.0030478180360088646,0.0,0.3,0.0,0.5,0.88,0.07999999999999996,1.0,0.09999999999999998,1.0,0.050000000000000044
CONTROL N=50,50,ID_euler_colineal_00,in_distribution,euler_colineal,7,10.5,8,8,0.00041483897482188364,0.76,0.46,0.84,0.33999999999999997,0.88,0.07999999999999996,0.88,0.020000000000000018,1.0,0.050000000000000044
CONTROL N=50,50,ID_euler_colineal_00,in_distribution,euler_colineal,8,12.0,7,7,0.0001833832536668491,0.56,0.26000000000000006,0.68,0.18000000000000005,0.96,0.15999999999999992,0.96,0.05999999999999994,1.0,0.050000000000000044
CONTROL N=50,50,ID_euler_colineal_00,in_distribution,euler_colineal,9,13.5,7,7,5.722664607748626e-05,0.36,0.06,0.64,0.14,0.92,0.12,0.96,0.05999999999999994,1.0,0.050000000000000044
CONTROL N=50,50,ID_euler_colineal_00,in_distribution,euler_colineal,10,15.0,7,7,5.203627185256166e-06,0.32,0.020000000000000018,0.56,0.06000000000000005,0.92,0.12,0.92,0.020000000000000018,1.0,0.050000000000000044
CONTROL N=50,50,ID_euler_colineal_01,in_distribution,euler_colineal,1,1.5,2,2,0.00582065507492476,0.92,0.6200000000000001,1.0,0.5,1.0,0.19999999999999996,1.0,0.09999999999999998,1.0,0.050000000000000044
CONTROL N=50,50,ID_euler_colineal_01,in_distribution,euler_colineal,2,3.0,2,2,0.004266363699933493,0.0,0.3,0.0,0.5,0.0,0.8,1.0,0.09999999999999998,1.0,0.050000000000000044
CONTROL N=50,50,ID_euler_colineal_01,in_distribution,euler_colineal,3,4.5,3,3,0.001089360904690604,0.0,0.3,0.0,0.5,0.0,0.8,0.0,0.9,0.0,0.95
CONTROL N=50,50,ID_euler_colineal_01,in_distribution,euler_colineal,4,6.0,4,4,0.00021983119086212773,0.0,0.3,0.0,0.5,0.04,0.76,1.0,0.09999999999999998,1.0,0.050000000000000044
CONTROL N=50,50,ID_euler_colineal_01,in_distribution,euler_colineal,5,7.5,4,4,0.001099361631618047,0.0,0.3,0.0,0.5,1.0,0.19999999999999996,1.0,0.09999999999999998,1.0,0.050000000000000044
CONTROL N=50,50,ID_euler_colineal_01,in_distribution,euler_colineal,6,9.0,6,6,0.0004115290322396965,0.16,0.13999999999999999,1.0,0.5,1.0,0.19999999999999996,1.0,0.09999999999999998,1.0,0.050000000000000044
CONTROL N=50,50,ID_euler_colineal_01,in_distribution,euler_colineal,7,10.5,6,6,0.0008348786162625054,0.0,0.3,0.48,0.020000000000000018,1.0,0.19999999999999996,1.0,0.09999999999999998,1.0,0.050000000000000044
CONTROL N=50,50,ID_euler_colineal_01,in_distribution,euler_colineal,8,12.0,6,6,0.00012957097050291067,0.48,0.18,0.68,0.18000000000000005,0.96,0.15999999999999992,1.0,0.09999999999999998,1.0,0.050000000000000044
CONTROL N=50,50,ID_euler_colineal_01,in_distribution,euler_colineal,9,13.5,6,6,4.177417221156543e-05,0.08,0.21999999999999997,0.44,0.06,1.0,0.19999999999999996,1.0,0.09999999999999998,1.0,0.050000000000000044
CONTROL N=50,50,ID_euler_colineal_01,in_distribution,euler_colineal,10,15.0,5,5,0.0003068053537715246,0.4,0.10000000000000003,0.8,0.30000000000000004,1.0,0.19999999999999996,1.0,0.09999999999999998,1.0,0.050000000000000044
CONTROL N=50,50,ID_euler_colineal_02,in_distribution,euler_colineal,1,1.5,1,2,0.004454145117644262,0.0,0.3,0.0,0.5,1.0,0.19999999999999996,1.0,0.09999999999999998,1.0,0.050000000000000044
CONTROL N=50,50,ID_euler_colineal_02,in_distribution,euler_colineal,2,3.0,1,2,0.0028876371408089402,0.0,0.3,0.0,0.5,1.0,0.19999999999999996,1.0,0.09999999999999998,1.0,0.050000000000000044
CONTROL N=50,50,ID_euler_colineal_02,in_distribution,euler_colineal,3,4.5,2,2,0.01318673159530796,0.0,0.3,0.0,0.5,1.0,0.19999999999999996,1.0,0.09999999999999998,1.0,0.050000000000000044
CONTROL N=50,50,ID_euler_colineal_02,in_distribution,euler_colineal,4,6.0,5,5,6.641106221821044e-05,0.0,0.3,0.0,0.5,1.0,0.19999999999999996,1.0,0.09999999999999998,1.0,0.050000000000000044
CONTROL N=50,50,ID_euler_colineal_02,in_distribution,euler_colineal,5,7.5,6,6,0.0005807236316198645,0.0,0.3,0.0,0.5,0.32,0.48000000000000004,0.96,0.05999999999999994,0.96,0.010000000000000009
CONTROL N=50,50,ID_euler_colineal_02,in_distribution,euler_colineal,6,9.0,7,7,0.0014134396094709057,0.04,0.26,0.12,0.38,0.4,0.4,0.92,0.020000000000000018,0.92,0.029999999999999916
CONTROL N=50,50,ID_euler_colineal_02,in_distribution,euler_colineal,7,10.5,7,7,0.00033413851635380226,0.0,0.3,0.16,0.33999999999999997,0.36,0.44000000000000006,0.68,0.21999999999999997,0.96,0.010000000000000009
CONTROL N=50,50,ID_euler_colineal_02,in_distribution,euler_colineal,8,12.0,8,8,5.229923350603181e-05,0.08,0.21999999999999997,0.2,0.3,0.4,0.4,0.76,0.14,0.92,0.029999999999999916
CONTROL N=50,50,ID_euler_colineal_02,in_distribution,euler_colineal,9,13.5,7,7,7.092041344411695e-05,0.04,0.26,0.04,0.46,0.4,0.4,0.76,0.14,0.96,0.010000000000000009
CONTROL N=50,50,ID_euler_colineal_02,in_distribution,euler_colineal,10,15.0,6,6,5.55289913745498e-05,0.08,0.21999999999999997,0.16,0.33999999999999997,0.44,0.36000000000000004,0.84,0.06000000000000005,1.0,0.050000000000000044
CONTROL N=50,50,ID_euler_colineal_03,in_distribution,euler_colineal,1,1.5,1,2,0.009319463555460334,0.6,0.3,1.0,0.5,1.0,0.19999999999999996,1.0,0.09999999999999998,1.0,0.050000000000000044
CONTROL N=50,50,ID_euler_colineal_03,in_distribution,euler_colineal,2,3.0,2,2,0.009600372252360649,1.0,0.7,1.0,0.5,1.0,0.19999999999999996,1.0,0.09999999999999998,1.0,0.050000000000000044
CONTROL N=50,50,ID_euler_colineal_03,in_distribution,euler_colineal,3,4.5,2,2,0.0007175997349542871,1.0,0.7,1.0,0.5,1.0,0.19999999999999996,1.0,0.09999999999999998,1.0,0.050000000000000044
CONTROL N=50,50,ID_euler_colineal_03,in_distribution,euler_colineal,4,6.0,4,4,1.6591663402893662e-05,0.04,0.26,1.0,0.5,1.0,0.19999999999999996,1.0,0.09999999999999998,1.0,0.050000000000000044
CONTROL N=50,50,ID_euler_colineal_03,in_distribution,euler_colineal,5,7.5,5,5,0.0002388833347584379,1.0,0.7,1.0,0.5,1.0,0.19999999999999996,1.0,0.09999999999999998,1.0,0.050000000000000044
CONTROL N=50,50,ID_euler_colineal_03,in_distribution,euler_colineal,6,9.0,6,6,0.001788468755459187,0.12,0.18,0.32,0.18,0.88,0.07999999999999996,0.92,0.020000000000000018,0.96,0.010000000000000009
CONTROL N=50,50,ID_euler_colineal_03,in_distribution,euler_colineal,7,10.5,7,7,0.0012853948576097797,0.08,0.21999999999999997,0.44,0.06,0.72,0.08000000000000007,0.88,0.020000000000000018,0.96,0.010000000000000009
CONTROL N=50,50,ID_euler_colineal_03,in_distribution,euler_colineal,8,12.0,8,8,0.0006640733271897748,0.08,0.21999999999999997,0.48,0.020000000000000018,0.76,0.040000000000000036,1.0,0.09999999999999998,1.0,0.050000000000000044
CONTROL N=50,50,ID_euler_colineal_03,in_distribution,euler_colineal,9,13.5,8,8,0.00042660410882456657,0.4,0.10000000000000003,0.48,0.020000000000000018,0.76,0.040000000000000036,0.8,0.09999999999999998,0.92,0.029999999999999916
CONTROL N=50,50,ID_euler_colineal_03,in_distribution,euler_colineal,10,15.0,8,8,7.457541831785435e-05,0.24,0.06,0.6,0.09999999999999998,0.84,0.039999999999999925,0.84,0.06000000000000005,1.0,0.050000000000000044
CONTROL N=50,50,ID_masas_asimetricas_00,in_distribution,masas_asimetricas,1,0.7047131801114512,1,2,0.009713310979715948,1.0,0.7,1.0,0.5,1.0,0.19999999999999996,1.0,0.09999999999999998,1.0,0.050000000000000044
CONTROL N=50,50,ID_masas_asimetricas_00,in_distribution,masas_asimetricas,2,1.4094263602229025,2,2,0.013561826761693062,1.0,0.7,1.0,0.5,1.0,0.19999999999999996,1.0,0.09999999999999998,1.0,0.050000000000000044
CONTROL N=50,50,ID_masas_asimetricas_00,in_distribution,masas_asimetricas,3,2.114139540334354,1,2,0.008763723617210124,1.0,0.7,1.0,0.5,1.0,0.19999999999999996,1.0,0.09999999999999998,1.0,0.050000000000000044
CONTROL N=50,50,ID_masas_asimetricas_00,in_distribution,masas_asimetricas,4,2.818852720445805,1,2,0.012270209567311289,0.84,0.54,1.0,0.5,1.0,0.19999999999999996,1.0,0.09999999999999998,1.0,0.050000000000000044
CONTROL N=50,50,ID_masas_asimetricas_00,in_distribution,masas_asimetricas,5,3.523565900557256,1,2,0.009825295969830257,0.96,0.6599999999999999,1.0,0.5,1.0,0.19999999999999996,1.0,0.09999999999999998,1.0,0.050000000000000044
CONTROL N=50,50,ID_masas_asimetricas_00,in_distribution,masas_asimetricas,6,4.228279080668707,1,2,0.01229555249063505,0.92,0.6200000000000001,1.0,0.5,1.0,0.19999999999999996,1.0,0.09999999999999998,1.0,0.050000000000000044
CONTROL N=50,50,ID_masas_asimetricas_00,in_distribution,masas_asimetricas,7,4.932992260780159,1,2,0.012270852717660522,1.0,0.7,1.0,0.5,1.0,0.19999999999999996,1.0,0.09999999999999998,1.0,0.050000000000000044
CONTROL N=50,50,ID_masas_asimetricas_00,in_distribution,masas_asimetricas,8,5.63770544089161,1,2,0.009466983765906328,1.0,0.7,1.0,0.5,1.0,0.19999999999999996,1.0,0.09999999999999998,1.0,0.050000000000000044
CONTROL N=50,50,ID_masas_asimetricas_00,in_distribution,masas_asimetricas,9,6.342418621003061,2,2,0.01722832519437756,0.04,0.26,1.0,0.5,1.0,0.19999999999999996,1.0,0.09999999999999998,1.0,0.050000000000000044
CONTROL N=50,50,ID_masas_asimetricas_00,in_distribution,masas_asimetricas,10,7.047131801114512,1,2,0.007577538209922755,0.84,0.54,1.0,0.5,1.0,0.19999999999999996,1.0,0.09999999999999998,1.0,0.050000000000000044
CONTROL N=50,50,ID_masas_asimetricas_01,in_distribution,masas_asimetricas,1,0.8978404335466046,1,2,0.015076756038240392,1.0,0.7,1.0,0.5,1.0,0.19999999999999996,1.0,0.09999999999999998,1.0,0.050000000000000044
CONTROL N=50,50,ID_masas_asimetricas_01,in_distribution,masas_asimetricas,2,1.7956808670932092,2,2,0.028892528007555703,1.0,0.7,1.0,0.5,1.0,0.19999999999999996,1.0,0.09999999999999998,1.0,0.050000000000000044
CONTROL N=50,50,ID_masas_asimetricas_01,in_distribution,masas_asimetricas,3,2.6935213006398135,1,2,0.01041555139037566,1.0,0.7,1.0,0.5,1.0,0.19999999999999996,1.0,0.09999999999999998,1.0,0.050000000000000044
CONTROL N=50,50,ID_masas_asimetricas_01,in_distribution,masas_asimetricas,4,3.5913617341864184,2,2,0.019512574945365273,1.0,0.7,1.0,0.5,1.0,0.19999999999999996,1.0,0.09999999999999998,1.0,0.050000000000000044
CONTROL N=50,50,ID_masas_asimetricas_01,in_distribution,masas_asimetricas,5,4.489202167733023,1,2,0.009454879198129535,1.0,0.7,1.0,0.5,1.0,0.19999999999999996,1.0,0.09999999999999998,1.0,0.050000000000000044
CONTROL N=50,50,ID_masas_asimetricas_01,in_distribution,masas_asimetricas,6,5.387042601279627,1,2,0.008691374481846302,1.0,0.7,1.0,0.5,1.0,0.19999999999999996,1.0,0.09999999999999998,1.0,0.050000000000000044
CONTROL N=50,50,ID_masas_asimetricas_01,in_distribution,masas_asimetricas,7,6.2848830348262315,1,2,0.009678382734504411,1.0,0.7,1.0,0.5,1.0,0.19999999999999996,1.0,0.09999999999999998,1.0,0.050000000000000044
CONTROL N=50,50,ID_masas_asimetricas_01,in_distribution,masas_asimetricas,8,7.182723468372836,1,2,0.008179139514810314,0.84,0.54,1.0,0.5,1.0,0.19999999999999996,1.0,0.09999999999999998,1.0,0.050000000000000044
CONTROL N=50,50,ID_masas_asimetricas_01,in_distribution,masas_asimetricas,9,8.08056390191944,2,2,0.016732907576136047,1.0,0.7,1.0,0.5,1.0,0.19999999999999996,1.0,0.09999999999999998,1.0,0.050000000000000044
CONTROL N=50,50,ID_masas_asimetricas_01,in_distribution,masas_asimetricas,10,8.978404335466045,1,2,0.009740901597868529,1.0,0.7,1.0,0.5,1.0,0.19999999999999996,1.0,0.09999999999999998,1.0,0.050000000000000044
CONTROL N=50,50,ID_masas_asimetricas_02,in_distribution,masas_asimetricas,1,0.7202847052220581,1,2,0.00822732196849892,1.0,0.7,1.0,0.5,1.0,0.19999999999999996,1.0,0.09999999999999998,1.0,0.050000000000000044
CONTROL N=50,50,ID_masas_asimetricas_02,in_distribution,masas_asimetricas,2,1.4405694104441162,1,2,0.014457295724089589,1.0,0.7,1.0,0.5,1.0,0.19999999999999996,1.0,0.09999999999999998,1.0,0.050000000000000044
CONTROL N=50,50,ID_masas_asimetricas_02,in_distribution,masas_asimetricas,3,2.1608541156661745,1,2,0.01664786508091076,1.0,0.7,1.0,0.5,1.0,0.19999999999999996,1.0,0.09999999999999998,1.0,0.050000000000000044
CONTROL N=50,50,ID_masas_asimetricas_02,in_distribution,masas_asimetricas,4,2.8811388208882325,1,2,0.017690161209262926,1.0,0.7,1.0,0.5,1.0,0.19999999999999996,1.0,0.09999999999999998,1.0,0.050000000000000044
CONTROL N=50,50,ID_masas_asimetricas_02,in_distribution,masas_asimetricas,5,3.6014235261102905,1,2,0.012147718403628062,1.0,0.7,1.0,0.5,1.0,0.19999999999999996,1.0,0.09999999999999998,1.0,0.050000000000000044
CONTROL N=50,50,ID_masas_asimetricas_02,in_distribution,masas_asimetricas,6,4.321708231332349,1,2,0.013042776214885322,1.0,0.7,1.0,0.5,1.0,0.19999999999999996,1.0,0.09999999999999998,1.0,0.050000000000000044
CONTROL N=50,50,ID_masas_asimetricas_02,in_distribution,masas_asimetricas,7,5.041992936554407,1,2,0.014353486420093703,1.0,0.7,1.0,0.5,1.0,0.19999999999999996,1.0,0.09999999999999998,1.0,0.050000000000000044
CONTROL N=50,50,ID_masas_asimetricas_02,in_distribution,masas_asimetricas,8,5.762277641776465,1,2,0.01084219374452333,1.0,0.7,1.0,0.5,1.0,0.19999999999999996,1.0,0.09999999999999998,1.0,0.050000000000000044
CONTROL N=50,50,ID_masas_asimetricas_02,in_distribution,masas_asimetricas,9,6.482562346998523,2,2,0.017600713462315766,1.0,0.7,1.0,0.5,1.0,0.19999999999999996,1.0,0.09999999999999998,1.0,0.050000000000000044
CONTROL N=50,50,ID_masas_asimetricas_02,in_distribution,masas_asimetricas,10,7.202847052220581,1,2,0.010294899658736194,1.0,0.7,1.0,0.5,1.0,0.19999999999999996,1.0,0.09999999999999998,1.0,0.050000000000000044
CONTROL N=50,50,ID_masas_asimetricas_03,in_distribution,masas_asimetricas,1,0.6831618610175212,1,2,0.005429613653511786,0.0,0.3,1.0,0.5,1.0,0.19999999999999996,1.0,0.09999999999999998,1.0,0.050000000000000044
CONTROL N=50,50,ID_masas_asimetricas_03,in_distribution,masas_asimetricas,2,1.3663237220350424,1,2,0.013793148872377292,1.0,0.7,1.0,0.5,1.0,0.19999999999999996,1.0,0.09999999999999998,1.0,0.050000000000000044
CONTROL N=50,50,ID_masas_asimetricas_03,in_distribution,masas_asimetricas,3,2.0494855830525633,1,2,0.010929563753997678,1.0,0.7,1.0,0.5,1.0,0.19999999999999996,1.0,0.09999999999999998,1.0,0.050000000000000044
CONTROL N=50,50,ID_masas_asimetricas_03,in_distribution,masas_asimetricas,4,2.7326474440700848,1,2,0.011303410108455118,1.0,0.7,1.0,0.5,1.0,0.19999999999999996,1.0,0.09999999999999998,1.0,0.050000000000000044
CONTROL N=50,50,ID_masas_asimetricas_03,in_distribution,masas_asimetricas,5,3.415809305087606,1,2,0.010029559764607583,1.0,0.7,1.0,0.5,1.0,0.19999999999999996,1.0,0.09999999999999998,1.0,0.050000000000000044
CONTROL N=50,50,ID_masas_asimetricas_03,in_distribution,masas_asimetricas,6,4.098971166105128,1,2,0.01126003762102462,1.0,0.7,1.0,0.5,1.0,0.19999999999999996,1.0,0.09999999999999998,1.0,0.050000000000000044
CONTROL N=50,50,ID_masas_asimetricas_03,in_distribution,masas_asimetricas,7,4.782133027122648,1,2,0.012972016218231457,1.0,0.7,1.0,0.5,1.0,0.19999999999999996,1.0,0.09999999999999998,1.0,0.050000000000000044
CONTROL N=50,50,ID_masas_asimetricas_03,in_distribution,masas_asimetricas,8,5.4652948881401695,1,2,0.006573478408299183,1.0,0.7,1.0,0.5,1.0,0.19999999999999996,1.0,0.09999999999999998,1.0,0.050000000000000044
CONTROL N=50,50,ID_masas_asimetricas_03,in_distribution,masas_asimetricas,9,6.148456749157691,1,2,0.013582324110668535,1.0,0.7,1.0,0.5,1.0,0.19999999999999996,1.0,0.09999999999999998,1.0,0.050000000000000044
CONTROL N=50,50,ID_masas_asimetricas_03,in_distribution,masas_asimetricas,10,6.831618610175212,1,2,0.006683297202307091,1.0,0.7,1.0,0.5,1.0,0.19999999999999996,1.0,0.09999999999999998,1.0,0.050000000000000044
CONTROL N=50,50,OOD_NEAR_figura_ocho_00,ood_near,figura_ocho,1,1.5,2,2,0.02295711695235012,1.0,0.7,1.0,0.5,1.0,0.19999999999999996,1.0,0.09999999999999998,1.0,0.050000000000000044
CONTROL N=50,50,OOD_NEAR_figura_ocho_00,ood_near,figura_ocho,2,3.0,2,2,0.02913895152840923,1.0,0.7,1.0,0.5,1.0,0.19999999999999996,1.0,0.09999999999999998,1.0,0.050000000000000044
CONTROL N=50,50,OOD_NEAR_figura_ocho_00,ood_near,figura_ocho,3,4.5,2,2,0.04746142075161508,1.0,0.7,1.0,0.5,1.0,0.19999999999999996,1.0,0.09999999999999998,1.0,0.050000000000000044
CONTROL N=50,50,OOD_NEAR_figura_ocho_00,ood_near,figura_ocho,4,6.0,2,2,0.028637915273495348,0.0,0.3,1.0,0.5,1.0,0.19999999999999996,1.0,0.09999999999999998,1.0,0.050000000000000044
CONTROL N=50,50,OOD_NEAR_figura_ocho_00,ood_near,figura_ocho,5,7.5,2,2,0.03762835618436175,1.0,0.7,1.0,0.5,1.0,0.19999999999999996,1.0,0.09999999999999998,1.0,0.050000000000000044
CONTROL N=50,50,OOD_NEAR_figura_ocho_00,ood_near,figura_ocho,6,9.0,2,2,0.0297439585983205,1.0,0.7,1.0,0.5,1.0,0.19999999999999996,1.0,0.09999999999999998,1.0,0.050000000000000044
CONTROL N=50,50,OOD_NEAR_figura_ocho_00,ood_near,figura_ocho,7,10.5,2,2,0.037586759429188925,0.44,0.14,1.0,0.5,1.0,0.19999999999999996,1.0,0.09999999999999998,1.0,0.050000000000000044
CONTROL N=50,50,OOD_NEAR_figura_ocho_00,ood_near,figura_ocho,8,12.0,2,2,0.027440054053597285,0.0,0.3,1.0,0.5,1.0,0.19999999999999996,1.0,0.09999999999999998,1.0,0.050000000000000044
CONTROL N=50,50,OOD_NEAR_figura_ocho_00,ood_near,figura_ocho,9,13.5,2,2,0.03468346123092904,0.8,0.5,1.0,0.5,1.0,0.19999999999999996,1.0,0.09999999999999998,1.0,0.050000000000000044
CONTROL N=50,50,OOD_NEAR_figura_ocho_00,ood_near,figura_ocho,10,15.0,3,3,0.015749565403676554,1.0,0.7,1.0,0.5,1.0,0.19999999999999996,1.0,0.09999999999999998,1.0,0.050000000000000044
CONTROL N=50,50,OOD_NEAR_figura_ocho_01,ood_near,figura_ocho,1,1.5,2,2,0.021939165904440686,1.0,0.7,1.0,0.5,1.0,0.19999999999999996,1.0,0.09999999999999998,1.0,0.050000000000000044
CONTROL N=50,50,OOD_NEAR_figura_ocho_01,ood_near,figura_ocho,2,3.0,2,2,0.0315374596811492,1.0,0.7,1.0,0.5,1.0,0.19999999999999996,1.0,0.09999999999999998,1.0,0.050000000000000044
CONTROL N=50,50,OOD_NEAR_figura_ocho_01,ood_near,figura_ocho,3,4.5,2,2,0.05065104248606539,1.0,0.7,1.0,0.5,1.0,0.19999999999999996,1.0,0.09999999999999998,1.0,0.050000000000000044
CONTROL N=50,50,OOD_NEAR_figura_ocho_01,ood_near,figura_ocho,4,6.0,2,2,0.024655653906215127,0.0,0.3,1.0,0.5,1.0,0.19999999999999996,1.0,0.09999999999999998,1.0,0.050000000000000044
CONTROL N=50,50,OOD_NEAR_figura_ocho_01,ood_near,figura_ocho,5,7.5,2,2,0.03585847001942593,1.0,0.7,1.0,0.5,1.0,0.19999999999999996,1.0,0.09999999999999998,1.0,0.050000000000000044
CONTROL N=50,50,OOD_NEAR_figura_ocho_01,ood_near,figura_ocho,6,9.0,2,2,0.029698675916195363,1.0,0.7,1.0,0.5,1.0,0.19999999999999996,1.0,0.09999999999999998,1.0,0.050000000000000044
CONTROL N=50,50,OOD_NEAR_figura_ocho_01,ood_near,figura_ocho,7,10.5,2,2,0.030687720186329898,0.08,0.21999999999999997,1.0,0.5,1.0,0.19999999999999996,1.0,0.09999999999999998,1.0,0.050000000000000044
CONTROL N=50,50,OOD_NEAR_figura_ocho_01,ood_near,figura_ocho,8,12.0,2,2,0.026294625734786036,0.24,0.06,1.0,0.5,1.0,0.19999999999999996,1.0,0.09999999999999998,1.0,0.050000000000000044
CONTROL N=50,50,OOD_NEAR_figura_ocho_01,ood_near,figura_ocho,9,13.5,2,2,0.03616725896575733,1.0,0.7,1.0,0.5,1.0,0.19999999999999996,1.0,0.09999999999999998,1.0,0.050000000000000044
CONTROL N=50,50,OOD_NEAR_figura_ocho_01,ood_near,figura_ocho,10,15.0,2,2,0.032265971481423475,1.0,0.7,1.0,0.5,1.0,0.19999999999999996,1.0,0.09999999999999998,1.0,0.050000000000000044
CONTROL N=50,50,OOD_NEAR_figura_ocho_02,ood_near,figura_ocho,1,1.5,4,4,0.0015810588942482718,1.0,0.7,1.0,0.5,1.0,0.19999999999999996,1.0,0.09999999999999998,1.0,0.050000000000000044
CONTROL N=50,50,OOD_NEAR_figura_ocho_02,ood_near,figura_ocho,2,3.0,2,2,0.018214710755461525,1.0,0.7,1.0,0.5,1.0,0.19999999999999996,1.0,0.09999999999999998,1.0,0.050000000000000044
CONTROL N=50,50,OOD_NEAR_figura_ocho_02,ood_near,figura_ocho,3,4.5,2,2,0.04420609114784175,1.0,0.7,1.0,0.5,1.0,0.19999999999999996,1.0,0.09999999999999998,1.0,0.050000000000000044
CONTROL N=50,50,OOD_NEAR_figura_ocho_02,ood_near,figura_ocho,4,6.0,2,2,0.02423940284911824,1.0,0.7,1.0,0.5,1.0,0.19999999999999996,1.0,0.09999999999999998,1.0,0.050000000000000044
CONTROL N=50,50,OOD_NEAR_figura_ocho_02,ood_near,figura_ocho,5,7.5,2,2,0.03636562428616598,1.0,0.7,1.0,0.5,1.0,0.19999999999999996,1.0,0.09999999999999998,1.0,0.050000000000000044
CONTROL N=50,50,OOD_NEAR_figura_ocho_02,ood_near,figura_ocho,6,9.0,2,2,0.01861972884060156,1.0,0.7,1.0,0.5,1.0,0.19999999999999996,1.0,0.09999999999999998,1.0,0.050000000000000044
CONTROL N=50,50,OOD_NEAR_figura_ocho_02,ood_near,figura_ocho,7,10.5,2,2,0.027745350779094836,0.96,0.6599999999999999,1.0,0.5,1.0,0.19999999999999996,1.0,0.09999999999999998,1.0,0.050000000000000044
CONTROL N=50,50,OOD_NEAR_figura_ocho_02,ood_near,figura_ocho,8,12.0,2,2,0.01802389045286474,0.0,0.3,0.48,0.020000000000000018,1.0,0.19999999999999996,1.0,0.09999999999999998,1.0,0.050000000000000044
CONTROL N=50,50,OOD_NEAR_figura_ocho_02,ood_near,figura_ocho,9,13.5,2,2,0.02885000204016852,0.0,0.3,1.0,0.5,1.0,0.19999999999999996,1.0,0.09999999999999998,1.0,0.050000000000000044
CONTROL N=50,50,OOD_NEAR_figura_ocho_02,ood_near,figura_ocho,10,15.0,2,2,0.03485905302458638,1.0,0.7,1.0,0.5,1.0,0.19999999999999996,1.0,0.09999999999999998,1.0,0.050000000000000044
CONTROL N=50,50,OOD_NEAR_figura_ocho_03,ood_near,figura_ocho,1,1.5,4,4,0.001083599831308196,1.0,0.7,1.0,0.5,1.0,0.19999999999999996,1.0,0.09999999999999998,1.0,0.050000000000000044
CONTROL N=50,50,OOD_NEAR_figura_ocho_03,ood_near,figura_ocho,2,3.0,2,2,0.023810092405717978,1.0,0.7,1.0,0.5,1.0,0.19999999999999996,1.0,0.09999999999999998,1.0,0.050000000000000044
CONTROL N=50,50,OOD_NEAR_figura_ocho_03,ood_near,figura_ocho,3,4.5,2,2,0.030349604943439946,1.0,0.7,1.0,0.5,1.0,0.19999999999999996,1.0,0.09999999999999998,1.0,0.050000000000000044
CONTROL N=50,50,OOD_NEAR_figura_ocho_03,ood_near,figura_ocho,4,6.0,2,2,0.04050875597717537,1.0,0.7,1.0,0.5,1.0,0.19999999999999996,1.0,0.09999999999999998,1.0,0.050000000000000044
CONTROL N=50,50,OOD_NEAR_figura_ocho_03,ood_near,figura_ocho,5,7.5,2,2,0.042250764035336986,1.0,0.7,1.0,0.5,1.0,0.19999999999999996,1.0,0.09999999999999998,1.0,0.050000000000000044
CONTROL N=50,50,OOD_NEAR_figura_ocho_03,ood_near,figura_ocho,6,9.0,2,2,0.04511378062200358,1.0,0.7,1.0,0.5,1.0,0.19999999999999996,1.0,0.09999999999999998,1.0,0.050000000000000044
CONTROL N=50,50,OOD_NEAR_figura_ocho_03,ood_near,figura_ocho,7,10.5,2,2,0.03714918709475046,1.0,0.7,1.0,0.5,1.0,0.19999999999999996,1.0,0.09999999999999998,1.0,0.050000000000000044
CONTROL N=50,50,OOD_NEAR_figura_ocho_03,ood_near,figura_ocho,8,12.0,2,2,0.03235304782241689,1.0,0.7,1.0,0.5,1.0,0.19999999999999996,1.0,0.09999999999999998,1.0,0.050000000000000044
CONTROL N=50,50,OOD_NEAR_figura_ocho_03,ood_near,figura_ocho,9,13.5,2,2,0.04520372914440378,1.0,0.7,1.0,0.5,1.0,0.19999999999999996,1.0,0.09999999999999998,1.0,0.050000000000000044
CONTROL N=50,50,OOD_NEAR_figura_ocho_03,ood_near,figura_ocho,10,15.0,2,2,0.04071736273232883,1.0,0.7,1.0,0.5,1.0,0.19999999999999996,1.0,0.09999999999999998,1.0,0.050000000000000044
CONTROL N=50,50,OOD_NEAR_jerarquico_00,ood_near,jerarquico,1,0.45710320032053564,1,2,0.005798395280227932,1.0,0.7,1.0,0.5,1.0,0.19999999999999996,1.0,0.09999999999999998,1.0,0.050000000000000044
CONTROL N=50,50,OOD_NEAR_jerarquico_00,ood_near,jerarquico,2,0.9142064006410713,1,2,0.0065962056271047925,1.0,0.7,1.0,0.5,1.0,0.19999999999999996,1.0,0.09999999999999998,1.0,0.050000000000000044
CONTROL N=50,50,OOD_NEAR_jerarquico_00,ood_near,jerarquico,3,1.371309600961607,1,2,0.006218388822418985,1.0,0.7,1.0,0.5,1.0,0.19999999999999996,1.0,0.09999999999999998,1.0,0.050000000000000044
CONTROL N=50,50,OOD_NEAR_jerarquico_00,ood_near,jerarquico,4,1.8284128012821426,1,2,0.005528792831376713,1.0,0.7,1.0,0.5,1.0,0.19999999999999996,1.0,0.09999999999999998,1.0,0.050000000000000044
CONTROL N=50,50,OOD_NEAR_jerarquico_00,ood_near,jerarquico,5,2.2855160016026783,1,2,0.006497315980803615,1.0,0.7,1.0,0.5,1.0,0.19999999999999996,1.0,0.09999999999999998,1.0,0.050000000000000044
CONTROL N=50,50,OOD_NEAR_jerarquico_00,ood_near,jerarquico,6,2.742619201923214,1,2,0.00547063393775243,1.0,0.7,1.0,0.5,1.0,0.19999999999999996,1.0,0.09999999999999998,1.0,0.050000000000000044
CONTROL N=50,50,OOD_NEAR_jerarquico_00,ood_near,jerarquico,7,3.19972240224375,1,2,0.0066838032533734475,1.0,0.7,1.0,0.5,1.0,0.19999999999999996,1.0,0.09999999999999998,1.0,0.050000000000000044
CONTROL N=50,50,OOD_NEAR_jerarquico_00,ood_near,jerarquico,8,3.6568256025642856,1,2,0.00542793462720422,1.0,0.7,1.0,0.5,1.0,0.19999999999999996,1.0,0.09999999999999998,1.0,0.050000000000000044
CONTROL N=50,50,OOD_NEAR_jerarquico_00,ood_near,jerarquico,9,4.113928802884821,1,2,0.006471535052371498,1.0,0.7,1.0,0.5,1.0,0.19999999999999996,1.0,0.09999999999999998,1.0,0.050000000000000044
CONTROL N=50,50,OOD_NEAR_jerarquico_00,ood_near,jerarquico,10,4.571032003205357,1,2,0.006552086344892274,1.0,0.7,1.0,0.5,1.0,0.19999999999999996,1.0,0.09999999999999998,1.0,0.050000000000000044
CONTROL N=50,50,OOD_NEAR_jerarquico_01,ood_near,jerarquico,1,0.47180831053552214,1,2,0.005433741944524165,0.72,0.42,1.0,0.5,1.0,0.19999999999999996,1.0,0.09999999999999998,1.0,0.050000000000000044
CONTROL N=50,50,OOD_NEAR_jerarquico_01,ood_near,jerarquico,2,0.9436166210710444,1,2,0.005337800477973642,0.96,0.6599999999999999,1.0,0.5,1.0,0.19999999999999996,1.0,0.09999999999999998,1.0,0.050000000000000044
CONTROL N=50,50,OOD_NEAR_jerarquico_01,ood_near,jerarquico,3,1.4154249316065666,1,2,0.005651071874843277,0.44,0.14,1.0,0.5,1.0,0.19999999999999996,1.0,0.09999999999999998,1.0,0.050000000000000044
CONTROL N=50,50,OOD_NEAR_jerarquico_01,ood_near,jerarquico,4,1.8872332421420888,1,2,0.005556251535131652,1.0,0.7,1.0,0.5,1.0,0.19999999999999996,1.0,0.09999999999999998,1.0,0.050000000000000044
CONTROL N=50,50,OOD_NEAR_jerarquico_01,ood_near,jerarquico,5,2.3590415526776107,1,2,0.004898555325349639,0.72,0.42,1.0,0.5,1.0,0.19999999999999996,1.0,0.09999999999999998,1.0,0.050000000000000044
CONTROL N=50,50,OOD_NEAR_jerarquico_01,ood_near,jerarquico,6,2.8308498632131327,1,2,0.005661640817856891,1.0,0.7,1.0,0.5,1.0,0.19999999999999996,1.0,0.09999999999999998,1.0,0.050000000000000044
CONTROL N=50,50,OOD_NEAR_jerarquico_01,ood_near,jerarquico,7,3.302658173748655,1,2,0.005300900767209479,0.16,0.13999999999999999,1.0,0.5,1.0,0.19999999999999996,1.0,0.09999999999999998,1.0,0.050000000000000044
CONTROL N=50,50,OOD_NEAR_jerarquico_01,ood_near,jerarquico,8,3.7744664842841775,1,2,0.00736644395406107,1.0,0.7,1.0,0.5,1.0,0.19999999999999996,1.0,0.09999999999999998,1.0,0.050000000000000044
CONTROL N=50,50,OOD_NEAR_jerarquico_01,ood_near,jerarquico,9,4.2462747948196995,2,2,0.01273732127286601,1.0,0.7,1.0,0.5,1.0,0.19999999999999996,1.0,0.09999999999999998,1.0,0.050000000000000044
CONTROL N=50,50,OOD_NEAR_jerarquico_01,ood_near,jerarquico,10,4.7180831053552215,2,2,0.006562305858368852,1.0,0.7,1.0,0.5,1.0,0.19999999999999996,1.0,0.09999999999999998,1.0,0.050000000000000044
CONTROL N=50,50,OOD_NEAR_jerarquico_02,ood_near,jerarquico,1,0.44422507837791325,1,2,0.005240508819676327,0.28,0.019999999999999962,1.0,0.5,1.0,0.19999999999999996,1.0,0.09999999999999998,1.0,0.050000000000000044
CONTROL N=50,50,OOD_NEAR_jerarquico_02,ood_near,jerarquico,2,0.8884501567558265,1,2,0.004431617431064292,0.96,0.6599999999999999,1.0,0.5,1.0,0.19999999999999996,1.0,0.09999999999999998,1.0,0.050000000000000044
CONTROL N=50,50,OOD_NEAR_jerarquico_02,ood_near,jerarquico,3,1.3326752351337396,1,2,0.006305245328129173,0.6,0.3,1.0,0.5,1.0,0.19999999999999996,1.0,0.09999999999999998,1.0,0.050000000000000044
CONTROL N=50,50,OOD_NEAR_jerarquico_02,ood_near,jerarquico,4,1.776900313511653,1,2,0.004600050101026684,0.92,0.6200000000000001,1.0,0.5,1.0,0.19999999999999996,1.0,0.09999999999999998,1.0,0.050000000000000044
CONTROL N=50,50,OOD_NEAR_jerarquico_02,ood_near,jerarquico,5,2.2211253918895664,1,2,0.005159324051178208,0.92,0.6200000000000001,1.0,0.5,1.0,0.19999999999999996,1.0,0.09999999999999998,1.0,0.050000000000000044
CONTROL N=50,50,OOD_NEAR_jerarquico_02,ood_near,jerarquico,6,2.6653504702674797,1,2,0.004841531914194088,0.92,0.6200000000000001,1.0,0.5,1.0,0.19999999999999996,1.0,0.09999999999999998,1.0,0.050000000000000044
CONTROL N=50,50,OOD_NEAR_jerarquico_02,ood_near,jerarquico,7,3.1095755486453927,1,2,0.005032880920076922,0.96,0.6599999999999999,1.0,0.5,1.0,0.19999999999999996,1.0,0.09999999999999998,1.0,0.050000000000000044
CONTROL N=50,50,OOD_NEAR_jerarquico_02,ood_near,jerarquico,8,3.553800627023306,1,2,0.004927312880534308,0.92,0.6200000000000001,1.0,0.5,1.0,0.19999999999999996,1.0,0.09999999999999998,1.0,0.050000000000000044
CONTROL N=50,50,OOD_NEAR_jerarquico_02,ood_near,jerarquico,9,3.9980257054012194,1,2,0.005244729330310208,1.0,0.7,1.0,0.5,1.0,0.19999999999999996,1.0,0.09999999999999998,1.0,0.050000000000000044
CONTROL N=50,50,OOD_NEAR_jerarquico_02,ood_near,jerarquico,10,4.442250783779133,1,2,0.0049504643457603525,0.92,0.6200000000000001,1.0,0.5,1.0,0.19999999999999996,1.0,0.09999999999999998,1.0,0.050000000000000044
CONTROL N=50,50,OOD_NEAR_jerarquico_03,ood_near,jerarquico,1,0.4649910083877734,1,2,0.003906564233481821,0.0,0.3,0.0,0.5,1.0,0.19999999999999996,1.0,0.09999999999999998,1.0,0.050000000000000044
CONTROL N=50,50,OOD_NEAR_jerarquico_03,ood_near,jerarquico,2,0.9299820167755468,1,2,0.0036764875357023353,1.0,0.7,1.0,0.5,1.0,0.19999999999999996,1.0,0.09999999999999998,1.0,0.050000000000000044
CONTROL N=50,50,OOD_NEAR_jerarquico_03,ood_near,jerarquico,3,1.3949730251633201,1,2,0.0038826296595292596,1.0,0.7,1.0,0.5,1.0,0.19999999999999996,1.0,0.09999999999999998,1.0,0.050000000000000044
CONTROL N=50,50,OOD_NEAR_jerarquico_03,ood_near,jerarquico,4,1.8599640335510936,1,2,0.003648750631301627,1.0,0.7,1.0,0.5,1.0,0.19999999999999996,1.0,0.09999999999999998,1.0,0.050000000000000044
CONTROL N=50,50,OOD_NEAR_jerarquico_03,ood_near,jerarquico,5,2.324955041938867,1,2,0.003993381511139327,1.0,0.7,1.0,0.5,1.0,0.19999999999999996,1.0,0.09999999999999998,1.0,0.050000000000000044
CONTROL N=50,50,OOD_NEAR_jerarquico_03,ood_near,jerarquico,6,2.7899460503266407,1,2,0.0036630213106596315,1.0,0.7,1.0,0.5,1.0,0.19999999999999996,1.0,0.09999999999999998,1.0,0.050000000000000044
CONTROL N=50,50,OOD_NEAR_jerarquico_03,ood_near,jerarquico,7,3.2549370587144137,1,2,0.004590991002420141,1.0,0.7,1.0,0.5,1.0,0.19999999999999996,1.0,0.09999999999999998,1.0,0.050000000000000044
CONTROL N=50,50,OOD_NEAR_jerarquico_03,ood_near,jerarquico,8,3.7199280671021873,1,2,0.006021635734059126,1.0,0.7,1.0,0.5,1.0,0.19999999999999996,1.0,0.09999999999999998,1.0,0.050000000000000044
CONTROL N=50,50,OOD_NEAR_jerarquico_03,ood_near,jerarquico,9,4.184919075489961,1,2,0.007513763184237389,1.0,0.7,1.0,0.5,1.0,0.19999999999999996,1.0,0.09999999999999998,1.0,0.050000000000000044
CONTROL N=50,50,OOD_NEAR_jerarquico_03,ood_near,jerarquico,10,4.649910083877734,1,2,0.006084068312615417,1.0,0.7,1.0,0.5,1.0,0.19999999999999996,1.0,0.09999999999999998,1.0,0.050000000000000044
CONTROL N=50,50,OOD_NEAR_resonancia_00,ood_near,resonancia,1,0.34007061815226963,2,2,0.025849331333733384,1.0,0.7,1.0,0.5,1.0,0.19999999999999996,1.0,0.09999999999999998,1.0,0.050000000000000044
CONTROL N=50,50,OOD_NEAR_resonancia_00,ood_near,resonancia,2,0.6801412363045393,1,2,0.011311124101504547,1.0,0.7,1.0,0.5,1.0,0.19999999999999996,1.0,0.09999999999999998,1.0,0.050000000000000044
CONTROL N=50,50,OOD_NEAR_resonancia_00,ood_near,resonancia,3,1.0202118544568088,2,2,0.010309193743526996,0.0,0.3,1.0,0.5,1.0,0.19999999999999996,1.0,0.09999999999999998,1.0,0.050000000000000044
CONTROL N=50,50,OOD_NEAR_resonancia_00,ood_near,resonancia,4,1.3602824726090785,2,2,0.0005518201105366745,0.0,0.3,0.52,0.020000000000000018,1.0,0.19999999999999996,1.0,0.09999999999999998,1.0,0.050000000000000044
CONTROL N=50,50,OOD_NEAR_resonancia_00,ood_near,resonancia,5,1.7003530907613482,2,2,0.0038298537410267515,0.0,0.3,1.0,0.5,1.0,0.19999999999999996,1.0,0.09999999999999998,1.0,0.050000000000000044
CONTROL N=50,50,OOD_NEAR_resonancia_00,ood_near,resonancia,6,2.0404237089136177,3,3,0.0003560224566105241,0.0,0.3,0.0,0.5,0.96,0.15999999999999992,1.0,0.09999999999999998,1.0,0.050000000000000044
CONTROL N=50,50,OOD_NEAR_resonancia_00,ood_near,resonancia,7,2.3804943270658874,4,4,0.00013160859313406217,0.0,0.3,0.8,0.30000000000000004,1.0,0.19999999999999996,1.0,0.09999999999999998,1.0,0.050000000000000044
CONTROL N=50,50,OOD_NEAR_resonancia_00,ood_near,resonancia,8,2.720564945218157,4,4,0.0002871441876471629,0.0,0.3,0.0,0.5,0.04,0.76,0.08,0.8200000000000001,0.16,0.7899999999999999
CONTROL N=50,50,OOD_NEAR_resonancia_00,ood_near,resonancia,9,3.0606355633704267,4,4,0.01599273935329037,0.0,0.3,1.0,0.5,1.0,0.19999999999999996,1.0,0.09999999999999998,1.0,0.050000000000000044
CONTROL N=50,50,OOD_NEAR_resonancia_00,ood_near,resonancia,10,3.4007061815226964,5,5,0.004101784437865257,1.0,0.7,1.0,0.5,1.0,0.19999999999999996,1.0,0.09999999999999998,1.0,0.050000000000000044
CONTROL N=50,50,OOD_NEAR_resonancia_01,ood_near,resonancia,1,0.33206930389657535,1,2,0.010294014128484076,0.0,0.3,1.0,0.5,1.0,0.19999999999999996,1.0,0.09999999999999998,1.0,0.050000000000000044
CONTROL N=50,50,OOD_NEAR_resonancia_01,ood_near,resonancia,2,0.6641386077931508,1,2,0.008408646349192183,1.0,0.7,1.0,0.5,1.0,0.19999999999999996,1.0,0.09999999999999998,1.0,0.050000000000000044
CONTROL N=50,50,OOD_NEAR_resonancia_01,ood_near,resonancia,3,0.9962079116897262,1,2,0.007951852158663427,1.0,0.7,1.0,0.5,1.0,0.19999999999999996,1.0,0.09999999999999998,1.0,0.050000000000000044
CONTROL N=50,50,OOD_NEAR_resonancia_01,ood_near,resonancia,4,1.3282772155863016,1,2,0.00925145202481768,0.04,0.26,1.0,0.5,1.0,0.19999999999999996,1.0,0.09999999999999998,1.0,0.050000000000000044
CONTROL N=50,50,OOD_NEAR_resonancia_01,ood_near,resonancia,5,1.660346519482877,1,2,0.009211280334232365,0.0,0.3,1.0,0.5,1.0,0.19999999999999996,1.0,0.09999999999999998,1.0,0.050000000000000044
CONTROL N=50,50,OOD_NEAR_resonancia_01,ood_near,resonancia,6,1.9924158233794524,1,2,0.008859005540885229,0.04,0.26,1.0,0.5,1.0,0.19999999999999996,1.0,0.09999999999999998,1.0,0.050000000000000044
CONTROL N=50,50,OOD_NEAR_resonancia_01,ood_near,resonancia,7,2.3244851272760276,1,2,0.009151299558738871,0.16,0.13999999999999999,1.0,0.5,1.0,0.19999999999999996,1.0,0.09999999999999998,1.0,0.050000000000000044
CONTROL N=50,50,OOD_NEAR_resonancia_01,ood_near,resonancia,8,2.6565544311726033,1,2,0.009572087940210146,0.12,0.18,1.0,0.5,1.0,0.19999999999999996,1.0,0.09999999999999998,1.0,0.050000000000000044
CONTROL N=50,50,OOD_NEAR_resonancia_01,ood_near,resonancia,9,2.9886237350691784,1,2,0.009237926806131043,0.0,0.3,1.0,0.5,1.0,0.19999999999999996,1.0,0.09999999999999998,1.0,0.050000000000000044
CONTROL N=50,50,OOD_NEAR_resonancia_01,ood_near,resonancia,10,3.3206930389657536,1,2,0.00890533601313008,0.0,0.3,1.0,0.5,1.0,0.19999999999999996,1.0,0.09999999999999998,1.0,0.050000000000000044
CONTROL N=50,50,OOD_NEAR_resonancia_02,ood_near,resonancia,1,0.397942483005445,1,2,0.010307353961456258,1.0,0.7,1.0,0.5,1.0,0.19999999999999996,1.0,0.09999999999999998,1.0,0.050000000000000044
CONTROL N=50,50,OOD_NEAR_resonancia_02,ood_near,resonancia,2,0.79588496601089,2,2,0.03325283179121997,1.0,0.7,1.0,0.5,1.0,0.19999999999999996,1.0,0.09999999999999998,1.0,0.050000000000000044
CONTROL N=50,50,OOD_NEAR_resonancia_02,ood_near,resonancia,3,1.193827449016335,1,2,0.016829100836778375,1.0,0.7,1.0,0.5,1.0,0.19999999999999996,1.0,0.09999999999999998,1.0,0.050000000000000044
CONTROL N=50,50,OOD_NEAR_resonancia_02,ood_near,resonancia,4,1.59176993202178,2,2,0.017497723933890024,1.0,0.7,1.0,0.5,1.0,0.19999999999999996,1.0,0.09999999999999998,1.0,0.050000000000000044
CONTROL N=50,50,OOD_NEAR_resonancia_02,ood_near,resonancia,5,1.989712415027225,1,2,0.01424388787276903,1.0,0.7,1.0,0.5,1.0,0.19999999999999996,1.0,0.09999999999999998,1.0,0.050000000000000044
CONTROL N=50,50,OOD_NEAR_resonancia_02,ood_near,resonancia,6,2.38765489803267,2,2,0.0017004553175622493,1.0,0.7,1.0,0.5,1.0,0.19999999999999996,1.0,0.09999999999999998,1.0,0.050000000000000044
CONTROL N=50,50,OOD_NEAR_resonancia_02,ood_near,resonancia,7,2.785597381038115,2,2,0.0016336561780344056,1.0,0.7,1.0,0.5,1.0,0.19999999999999996,1.0,0.09999999999999998,1.0,0.050000000000000044
CONTROL N=50,50,OOD_NEAR_resonancia_02,ood_near,resonancia,8,3.18353986404356,2,2,0.0028274045522061688,1.0,0.7,1.0,0.5,1.0,0.19999999999999996,1.0,0.09999999999999998,1.0,0.050000000000000044
CONTROL N=50,50,OOD_NEAR_resonancia_02,ood_near,resonancia,9,3.581482347049005,2,2,0.006679366264170218,1.0,0.7,1.0,0.5,1.0,0.19999999999999996,1.0,0.09999999999999998,1.0,0.050000000000000044
CONTROL N=50,50,OOD_NEAR_resonancia_02,ood_near,resonancia,10,3.97942483005445,3,3,0.00018704023911667204,0.0,0.3,0.0,0.5,1.0,0.19999999999999996,1.0,0.09999999999999998,1.0,0.050000000000000044
CONTROL N=50,50,OOD_NEAR_resonancia_03,ood_near,resonancia,1,0.3727373233582223,2,2,0.04152474458639351,1.0,0.7,1.0,0.5,1.0,0.19999999999999996,1.0,0.09999999999999998,1.0,0.050000000000000044
CONTROL N=50,50,OOD_NEAR_resonancia_03,ood_near,resonancia,2,0.7454746467164446,2,2,0.06299551307649999,1.0,0.7,1.0,0.5,1.0,0.19999999999999996,1.0,0.09999999999999998,1.0,0.050000000000000044
CONTROL N=50,50,OOD_NEAR_resonancia_03,ood_near,resonancia,3,1.1182119700746669,1,2,0.010518347182493162,1.0,0.7,1.0,0.5,1.0,0.19999999999999996,1.0,0.09999999999999998,1.0,0.050000000000000044
CONTROL N=50,50,OOD_NEAR_resonancia_03,ood_near,resonancia,4,1.4909492934328892,2,2,0.015454856692624806,0.0,0.3,1.0,0.5,1.0,0.19999999999999996,1.0,0.09999999999999998,1.0,0.050000000000000044
CONTROL N=50,50,OOD_NEAR_resonancia_03,ood_near,resonancia,5,1.8636866167911115,1,2,0.014341735538911556,1.0,0.7,1.0,0.5,1.0,0.19999999999999996,1.0,0.09999999999999998,1.0,0.050000000000000044
CONTROL N=50,50,OOD_NEAR_resonancia_03,ood_near,resonancia,6,2.2364239401493338,1,2,0.010638875127943344,0.36,0.06,1.0,0.5,1.0,0.19999999999999996,1.0,0.09999999999999998,1.0,0.050000000000000044
CONTROL N=50,50,OOD_NEAR_resonancia_03,ood_near,resonancia,7,2.609161263507556,1,2,0.0076280533794417515,0.0,0.3,0.0,0.5,1.0,0.19999999999999996,1.0,0.09999999999999998,1.0,0.050000000000000044
CONTROL N=50,50,OOD_NEAR_resonancia_03,ood_near,resonancia,8,2.9818985868657784,1,2,0.008047142957959219,0.0,0.3,0.0,0.5,1.0,0.19999999999999996,1.0,0.09999999999999998,1.0,0.050000000000000044
CONTROL N=50,50,OOD_NEAR_resonancia_03,ood_near,resonancia,9,3.3546359102240007,2,2,0.02369501369707154,0.0,0.3,1.0,0.5,1.0,0.19999999999999996,1.0,0.09999999999999998,1.0,0.050000000000000044
CONTROL N=50,50,OOD_NEAR_resonancia_03,ood_near,resonancia,10,3.727373233582223,2,2,0.017870267777254548,0.8,0.5,1.0,0.5,1.0,0.19999999999999996,1.0,0.09999999999999998,1.0,0.050000000000000044
CONTROL N=50,50,OOD_NEAR_euler_colineal_00,ood_near,euler_colineal,1,1.5,1,2,0.00668524205225694,1.0,0.7,1.0,0.5,1.0,0.19999999999999996,1.0,0.09999999999999998,1.0,0.050000000000000044
CONTROL N=50,50,OOD_NEAR_euler_colineal_00,ood_near,euler_colineal,2,3.0,1,2,0.007646623844087075,0.0,0.3,0.96,0.45999999999999996,1.0,0.19999999999999996,1.0,0.09999999999999998,1.0,0.050000000000000044
CONTROL N=50,50,OOD_NEAR_euler_colineal_00,ood_near,euler_colineal,3,4.5,2,2,0.006377469095794073,0.0,0.3,0.24,0.26,1.0,0.19999999999999996,1.0,0.09999999999999998,1.0,0.050000000000000044
CONTROL N=50,50,OOD_NEAR_euler_colineal_00,ood_near,euler_colineal,4,6.0,3,3,0.00035458891065974285,1.0,0.7,1.0,0.5,1.0,0.19999999999999996,1.0,0.09999999999999998,1.0,0.050000000000000044
CONTROL N=50,50,OOD_NEAR_euler_colineal_00,ood_near,euler_colineal,5,7.5,6,6,0.00019721019612496722,0.0,0.3,0.76,0.26,1.0,0.19999999999999996,1.0,0.09999999999999998,1.0,0.050000000000000044
CONTROL N=50,50,OOD_NEAR_euler_colineal_00,ood_near,euler_colineal,6,9.0,7,7,0.0011071010968505763,0.12,0.18,0.68,0.18000000000000005,0.84,0.039999999999999925,1.0,0.09999999999999998,1.0,0.050000000000000044
CONTROL N=50,50,OOD_NEAR_euler_colineal_00,ood_near,euler_colineal,7,10.5,8,8,0.00038152323764938307,0.0,0.3,0.96,0.45999999999999996,1.0,0.19999999999999996,1.0,0.09999999999999998,1.0,0.050000000000000044
CONTROL N=50,50,OOD_NEAR_euler_colineal_00,ood_near,euler_colineal,8,12.0,8,8,0.000253101647836963,1.0,0.7,1.0,0.5,1.0,0.19999999999999996,1.0,0.09999999999999998,1.0,0.050000000000000044
CONTROL N=50,50,OOD_NEAR_euler_colineal_00,ood_near,euler_colineal,9,13.5,7,7,0.00046298847630780234,0.36,0.06,0.84,0.33999999999999997,0.96,0.15999999999999992,1.0,0.09999999999999998,1.0,0.050000000000000044
CONTROL N=50,50,OOD_NEAR_euler_colineal_00,ood_near,euler_colineal,10,15.0,7,7,0.00025323575275039135,0.84,0.54,0.92,0.42000000000000004,1.0,0.19999999999999996,1.0,0.09999999999999998,1.0,0.050000000000000044
CONTROL N=50,50,OOD_NEAR_euler_colineal_01,ood_near,euler_colineal,1,1.5,1,2,0.006334437596084388,0.84,0.54,1.0,0.5,1.0,0.19999999999999996,1.0,0.09999999999999998,1.0,0.050000000000000044
CONTROL N=50,50,OOD_NEAR_euler_colineal_01,ood_near,euler_colineal,2,3.0,1,2,0.005308181529842756,1.0,0.7,1.0,0.5,1.0,0.19999999999999996,1.0,0.09999999999999998,1.0,0.050000000000000044
CONTROL N=50,50,OOD_NEAR_euler_colineal_01,ood_near,euler_colineal,3,4.5,1,2,0.0059289469352890355,1.0,0.7,1.0,0.5,1.0,0.19999999999999996,1.0,0.09999999999999998,1.0,0.050000000000000044
CONTROL N=50,50,OOD_NEAR_euler_colineal_01,ood_near,euler_colineal,4,6.0,5,5,0.002133827357437138,1.0,0.7,1.0,0.5,1.0,0.19999999999999996,1.0,0.09999999999999998,1.0,0.050000000000000044
CONTROL N=50,50,OOD_NEAR_euler_colineal_01,ood_near,euler_colineal,5,7.5,6,6,0.00015868750756382782,0.84,0.54,1.0,0.5,1.0,0.19999999999999996,1.0,0.09999999999999998,1.0,0.050000000000000044
CONTROL N=50,50,OOD_NEAR_euler_colineal_01,ood_near,euler_colineal,6,9.0,6,6,0.00011500557580173411,1.0,0.7,1.0,0.5,1.0,0.19999999999999996,1.0,0.09999999999999998,1.0,0.050000000000000044
CONTROL N=50,50,OOD_NEAR_euler_colineal_01,ood_near,euler_colineal,7,10.5,7,7,6.30378451571044e-06,0.0,0.3,1.0,0.5,1.0,0.19999999999999996,1.0,0.09999999999999998,1.0,0.050000000000000044
CONTROL N=50,50,OOD_NEAR_euler_colineal_01,ood_near,euler_colineal,8,12.0,6,6,5.0351959131727965e-05,0.0,0.3,0.04,0.46,1.0,0.19999999999999996,1.0,0.09999999999999998,1.0,0.050000000000000044
CONTROL N=50,50,OOD_NEAR_euler_colineal_01,ood_near,euler_colineal,9,13.5,6,6,1.716302595756148e-05,1.0,0.7,1.0,0.5,1.0,0.19999999999999996,1.0,0.09999999999999998,1.0,0.050000000000000044
CONTROL N=50,50,OOD_NEAR_euler_colineal_01,ood_near,euler_colineal,10,15.0,5,5,2.346407283977514e-05,1.0,0.7,1.0,0.5,1.0,0.19999999999999996,1.0,0.09999999999999998,1.0,0.050000000000000044
CONTROL N=50,50,OOD_NEAR_euler_colineal_02,ood_near,euler_colineal,1,1.5,1,2,0.00845523273638295,1.0,0.7,1.0,0.5,1.0,0.19999999999999996,1.0,0.09999999999999998,1.0,0.050000000000000044
CONTROL N=50,50,OOD_NEAR_euler_colineal_02,ood_near,euler_colineal,2,3.0,1,2,0.0029409680458575282,1.0,0.7,1.0,0.5,1.0,0.19999999999999996,1.0,0.09999999999999998,1.0,0.050000000000000044
CONTROL N=50,50,OOD_NEAR_euler_colineal_02,ood_near,euler_colineal,3,4.5,3,3,0.000730908917338499,1.0,0.7,1.0,0.5,1.0,0.19999999999999996,1.0,0.09999999999999998,1.0,0.050000000000000044
CONTROL N=50,50,OOD_NEAR_euler_colineal_02,ood_near,euler_colineal,4,6.0,4,4,0.00010530936942423379,0.0,0.3,1.0,0.5,1.0,0.19999999999999996,1.0,0.09999999999999998,1.0,0.050000000000000044
CONTROL N=50,50,OOD_NEAR_euler_colineal_02,ood_near,euler_colineal,5,7.5,6,6,0.002744730154450723,0.88,0.5800000000000001,1.0,0.5,1.0,0.19999999999999996,1.0,0.09999999999999998,1.0,0.050000000000000044
CONTROL N=50,50,OOD_NEAR_euler_colineal_02,ood_near,euler_colineal,6,9.0,8,8,0.00011027479571766596,0.88,0.5800000000000001,0.92,0.42000000000000004,1.0,0.19999999999999996,1.0,0.09999999999999998,1.0,0.050000000000000044
CONTROL N=50,50,OOD_NEAR_euler_colineal_02,ood_near,euler_colineal,7,10.5,7,7,0.00023350786613292963,0.52,0.22000000000000003,0.84,0.33999999999999997,1.0,0.19999999999999996,1.0,0.09999999999999998,1.0,0.050000000000000044
CONTROL N=50,50,OOD_NEAR_euler_colineal_02,ood_near,euler_colineal,8,12.0,7,7,4.705454461093149e-05,0.8,0.5,0.92,0.42000000000000004,0.96,0.15999999999999992,1.0,0.09999999999999998,1.0,0.050000000000000044
CONTROL N=50,50,OOD_NEAR_euler_colineal_02,ood_near,euler_colineal,9,13.5,7,7,9.829912578974143e-06,0.48,0.18,0.84,0.33999999999999997,0.96,0.15999999999999992,1.0,0.09999999999999998,1.0,0.050000000000000044
CONTROL N=50,50,OOD_NEAR_euler_colineal_02,ood_near,euler_colineal,10,15.0,6,6,8.284955462819739e-06,0.48,0.18,0.64,0.14,1.0,0.19999999999999996,1.0,0.09999999999999998,1.0,0.050000000000000044
CONTROL N=50,50,OOD_NEAR_euler_colineal_03,ood_near,euler_colineal,1,1.5,1,2,0.009469670868954541,1.0,0.7,1.0,0.5,1.0,0.19999999999999996,1.0,0.09999999999999998,1.0,0.050000000000000044
CONTROL N=50,50,OOD_NEAR_euler_colineal_03,ood_near,euler_colineal,2,3.0,1,2,0.0036590342980081032,0.8,0.5,1.0,0.5,1.0,0.19999999999999996,1.0,0.09999999999999998,1.0,0.050000000000000044
CONTROL N=50,50,OOD_NEAR_euler_colineal_03,ood_near,euler_colineal,3,4.5,4,4,0.00037891496254326693,0.0,0.3,0.48,0.020000000000000018,1.0,0.19999999999999996,1.0,0.09999999999999998,1.0,0.050000000000000044
CONTROL N=50,50,OOD_NEAR_euler_colineal_03,ood_near,euler_colineal,4,6.0,5,5,0.00036680377346278066,0.0,0.3,0.0,0.5,0.96,0.15999999999999992,0.96,0.05999999999999994,1.0,0.050000000000000044
CONTROL N=50,50,OOD_NEAR_euler_colineal_03,ood_near,euler_colineal,5,7.5,7,7,0.001094546272165305,0.68,0.38000000000000006,0.88,0.38,0.96,0.15999999999999992,1.0,0.09999999999999998,1.0,0.050000000000000044
CONTROL N=50,50,OOD_NEAR_euler_colineal_03,ood_near,euler_colineal,6,9.0,8,8,0.0003646110951450696,0.24,0.06,0.52,0.020000000000000018,0.88,0.07999999999999996,1.0,0.09999999999999998,1.0,0.050000000000000044
CONTROL N=50,50,OOD_NEAR_euler_colineal_03,ood_near,euler_colineal,7,10.5,8,8,4.746686127454845e-05,0.48,0.18,0.6,0.09999999999999998,0.96,0.15999999999999992,1.0,0.09999999999999998,1.0,0.050000000000000044
CONTROL N=50,50,OOD_NEAR_euler_colineal_03,ood_near,euler_colineal,8,12.0,8,8,6.495348971692776e-06,0.16,0.13999999999999999,0.8,0.30000000000000004,0.92,0.12,0.96,0.05999999999999994,1.0,0.050000000000000044
CONTROL N=50,50,OOD_NEAR_euler_colineal_03,ood_near,euler_colineal,9,13.5,8,8,1.0609998956713785e-06,0.44,0.14,0.68,0.18000000000000005,0.92,0.12,1.0,0.09999999999999998,1.0,0.050000000000000044
CONTROL N=50,50,OOD_NEAR_euler_colineal_03,ood_near,euler_colineal,10,15.0,8,8,4.1584960371780187e-07,0.32,0.020000000000000018,0.56,0.06000000000000005,0.92,0.12,1.0,0.09999999999999998,1.0,0.050000000000000044
CONTROL N=50,50,OOD_NEAR_masas_asimetricas_00,ood_near,masas_asimetricas,1,0.8808790250442602,1,2,0.011983991983111853,1.0,0.7,1.0,0.5,1.0,0.19999999999999996,1.0,0.09999999999999998,1.0,0.050000000000000044
CONTROL N=50,50,OOD_NEAR_masas_asimetricas_00,ood_near,masas_asimetricas,2,1.7617580500885204,2,2,0.03157769610732178,1.0,0.7,1.0,0.5,1.0,0.19999999999999996,1.0,0.09999999999999998,1.0,0.050000000000000044
CONTROL N=50,50,OOD_NEAR_masas_asimetricas_00,ood_near,masas_asimetricas,3,2.6426370751327806,1,2,0.016079149291570272,1.0,0.7,1.0,0.5,1.0,0.19999999999999996,1.0,0.09999999999999998,1.0,0.050000000000000044
CONTROL N=50,50,OOD_NEAR_masas_asimetricas_00,ood_near,masas_asimetricas,4,3.5235161001770408,2,2,0.021509770127556945,1.0,0.7,1.0,0.5,1.0,0.19999999999999996,1.0,0.09999999999999998,1.0,0.050000000000000044
CONTROL N=50,50,OOD_NEAR_masas_asimetricas_00,ood_near,masas_asimetricas,5,4.404395125221301,1,2,0.011758165411745378,0.0,0.3,1.0,0.5,1.0,0.19999999999999996,1.0,0.09999999999999998,1.0,0.050000000000000044
CONTROL N=50,50,OOD_NEAR_masas_asimetricas_00,ood_near,masas_asimetricas,6,5.285274150265561,1,2,0.007937117217182085,0.72,0.42,1.0,0.5,1.0,0.19999999999999996,1.0,0.09999999999999998,1.0,0.050000000000000044
CONTROL N=50,50,OOD_NEAR_masas_asimetricas_00,ood_near,masas_asimetricas,7,6.166153175309821,2,2,0.015971057531046266,0.0,0.3,0.92,0.42000000000000004,1.0,0.19999999999999996,1.0,0.09999999999999998,1.0,0.050000000000000044
CONTROL N=50,50,OOD_NEAR_masas_asimetricas_00,ood_near,masas_asimetricas,8,7.0470322003540815,1,2,0.007865460200249773,1.0,0.7,1.0,0.5,1.0,0.19999999999999996,1.0,0.09999999999999998,1.0,0.050000000000000044
CONTROL N=50,50,OOD_NEAR_masas_asimetricas_00,ood_near,masas_asimetricas,9,7.927911225398342,2,2,0.0208189402954243,0.56,0.26000000000000006,1.0,0.5,1.0,0.19999999999999996,1.0,0.09999999999999998,1.0,0.050000000000000044
CONTROL N=50,50,OOD_NEAR_masas_asimetricas_00,ood_near,masas_asimetricas,10,8.808790250442602,1,2,0.010257643974190322,1.0,0.7,1.0,0.5,1.0,0.19999999999999996,1.0,0.09999999999999998,1.0,0.050000000000000044
CONTROL N=50,50,OOD_NEAR_masas_asimetricas_01,ood_near,masas_asimetricas,1,0.7501798348658469,1,2,0.010158620400723599,1.0,0.7,1.0,0.5,1.0,0.19999999999999996,1.0,0.09999999999999998,1.0,0.050000000000000044
CONTROL N=50,50,OOD_NEAR_masas_asimetricas_01,ood_near,masas_asimetricas,2,1.5003596697316939,2,2,0.018360150294321552,0.0,0.3,1.0,0.5,1.0,0.19999999999999996,1.0,0.09999999999999998,1.0,0.050000000000000044
CONTROL N=50,50,OOD_NEAR_masas_asimetricas_01,ood_near,masas_asimetricas,3,2.250539504597541,1,2,0.011521278588842797,0.92,0.6200000000000001,1.0,0.5,1.0,0.19999999999999996,1.0,0.09999999999999998,1.0,0.050000000000000044
CONTROL N=50,50,OOD_NEAR_masas_asimetricas_01,ood_near,masas_asimetricas,4,3.0007193394633878,1,2,0.016669025098449985,0.0,0.3,1.0,0.5,1.0,0.19999999999999996,1.0,0.09999999999999998,1.0,0.050000000000000044
CONTROL N=50,50,OOD_NEAR_masas_asimetricas_01,ood_near,masas_asimetricas,5,3.7508991743292346,1,2,0.01018638289158552,0.0,0.3,0.32,0.18,1.0,0.19999999999999996,1.0,0.09999999999999998,1.0,0.050000000000000044
CONTROL N=50,50,OOD_NEAR_masas_asimetricas_01,ood_near,masas_asimetricas,6,4.501079009195082,1,2,0.00922099269714538,0.0,0.3,0.44,0.06,1.0,0.19999999999999996,1.0,0.09999999999999998,1.0,0.050000000000000044
CONTROL N=50,50,OOD_NEAR_masas_asimetricas_01,ood_near,masas_asimetricas,7,5.251258844060929,1,2,0.012431398758481352,0.6,0.3,1.0,0.5,1.0,0.19999999999999996,1.0,0.09999999999999998,1.0,0.050000000000000044
CONTROL N=50,50,OOD_NEAR_masas_asimetricas_01,ood_near,masas_asimetricas,8,6.0014386789267755,1,2,0.008288727765402137,0.0,0.3,0.0,0.5,1.0,0.19999999999999996,1.0,0.09999999999999998,1.0,0.050000000000000044
CONTROL N=50,50,OOD_NEAR_masas_asimetricas_01,ood_near,masas_asimetricas,9,6.751618513792622,2,2,0.017584540917238725,0.0,0.3,0.76,0.26,1.0,0.19999999999999996,1.0,0.09999999999999998,1.0,0.050000000000000044
CONTROL N=50,50,OOD_NEAR_masas_asimetricas_01,ood_near,masas_asimetricas,10,7.501798348658469,1,2,0.007279377155407279,0.96,0.6599999999999999,1.0,0.5,1.0,0.19999999999999996,1.0,0.09999999999999998,1.0,0.050000000000000044
CONTROL N=50,50,OOD_NEAR_masas_asimetricas_02,ood_near,masas_asimetricas,1,0.9421951298066219,1,2,0.014446921121991191,1.0,0.7,1.0,0.5,1.0,0.19999999999999996,1.0,0.09999999999999998,1.0,0.050000000000000044
CONTROL N=50,50,OOD_NEAR_masas_asimetricas_02,ood_near,masas_asimetricas,2,1.8843902596132436,2,2,0.038972057850901354,1.0,0.7,1.0,0.5,1.0,0.19999999999999996,1.0,0.09999999999999998,1.0,0.050000000000000044
CONTROL N=50,50,OOD_NEAR_masas_asimetricas_02,ood_near,masas_asimetricas,3,2.8265853894198654,1,2,0.019710831329128,1.0,0.7,1.0,0.5,1.0,0.19999999999999996,1.0,0.09999999999999998,1.0,0.050000000000000044
CONTROL N=50,50,OOD_NEAR_masas_asimetricas_02,ood_near,masas_asimetricas,4,3.768780519226487,2,2,0.025962472839637554,1.0,0.7,1.0,0.5,1.0,0.19999999999999996,1.0,0.09999999999999998,1.0,0.050000000000000044
CONTROL N=50,50,OOD_NEAR_masas_asimetricas_02,ood_near,masas_asimetricas,5,4.710975649033109,1,2,0.014319041230358518,1.0,0.7,1.0,0.5,1.0,0.19999999999999996,1.0,0.09999999999999998,1.0,0.050000000000000044
CONTROL N=50,50,OOD_NEAR_masas_asimetricas_02,ood_near,masas_asimetricas,6,5.653170778839732,1,2,0.006528172808112276,1.0,0.7,1.0,0.5,1.0,0.19999999999999996,1.0,0.09999999999999998,1.0,0.050000000000000044
CONTROL N=50,50,OOD_NEAR_masas_asimetricas_02,ood_near,masas_asimetricas,7,6.595365908646353,2,2,0.02583919989279071,1.0,0.7,1.0,0.5,1.0,0.19999999999999996,1.0,0.09999999999999998,1.0,0.050000000000000044
CONTROL N=50,50,OOD_NEAR_masas_asimetricas_02,ood_near,masas_asimetricas,8,7.537561038452974,1,2,0.008057366867302672,0.68,0.38000000000000006,1.0,0.5,1.0,0.19999999999999996,1.0,0.09999999999999998,1.0,0.050000000000000044
CONTROL N=50,50,OOD_NEAR_masas_asimetricas_02,ood_near,masas_asimetricas,9,8.479756168259597,2,2,0.02025355178909021,1.0,0.7,1.0,0.5,1.0,0.19999999999999996,1.0,0.09999999999999998,1.0,0.050000000000000044
CONTROL N=50,50,OOD_NEAR_masas_asimetricas_02,ood_near,masas_asimetricas,10,9.421951298066219,1,2,0.018619370948212727,0.0,0.3,1.0,0.5,1.0,0.19999999999999996,1.0,0.09999999999999998,1.0,0.050000000000000044
CONTROL N=50,50,OOD_NEAR_masas_asimetricas_03,ood_near,masas_asimetricas,1,0.7865285243780283,1,2,0.00850195992534326,0.0,0.3,1.0,0.5,1.0,0.19999999999999996,1.0,0.09999999999999998,1.0,0.050000000000000044
CONTROL N=50,50,OOD_NEAR_masas_asimetricas_03,ood_near,masas_asimetricas,2,1.5730570487560565,1,2,0.014190330494825163,0.0,0.3,0.32,0.18,1.0,0.19999999999999996,1.0,0.09999999999999998,1.0,0.050000000000000044
CONTROL N=50,50,OOD_NEAR_masas_asimetricas_03,ood_near,masas_asimetricas,3,2.3595855731340847,1,2,0.008824545955665597,0.0,0.3,0.0,0.5,1.0,0.19999999999999996,1.0,0.09999999999999998,1.0,0.050000000000000044
CONTROL N=50,50,OOD_NEAR_masas_asimetricas_03,ood_near,masas_asimetricas,4,3.146114097512113,1,2,0.012634202930649189,0.0,0.3,0.08,0.42,1.0,0.19999999999999996,1.0,0.09999999999999998,1.0,0.050000000000000044
CONTROL N=50,50,OOD_NEAR_masas_asimetricas_03,ood_near,masas_asimetricas,5,3.932642621890141,1,2,0.008948651269755574,0.0,0.3,0.0,0.5,1.0,0.19999999999999996,1.0,0.09999999999999998,1.0,0.050000000000000044
CONTROL N=50,50,OOD_NEAR_masas_asimetricas_03,ood_near,masas_asimetricas,6,4.719171146268169,1,2,0.013232367587314532,0.0,0.3,0.16,0.33999999999999997,1.0,0.19999999999999996,1.0,0.09999999999999998,1.0,0.050000000000000044
CONTROL N=50,50,OOD_NEAR_masas_asimetricas_03,ood_near,masas_asimetricas,7,5.505699670646198,1,2,0.010970343755158698,0.0,0.3,0.4,0.09999999999999998,1.0,0.19999999999999996,1.0,0.09999999999999998,1.0,0.050000000000000044
CONTROL N=50,50,OOD_NEAR_masas_asimetricas_03,ood_near,masas_asimetricas,8,6.292228195024227,1,2,0.009830441962938008,0.0,0.3,0.0,0.5,1.0,0.19999999999999996,1.0,0.09999999999999998,1.0,0.050000000000000044
CONTROL N=50,50,OOD_NEAR_masas_asimetricas_03,ood_near,masas_asimetricas,9,7.0787567194022545,1,2,0.012343390943258911,0.0,0.3,1.0,0.5,1.0,0.19999999999999996,1.0,0.09999999999999998,1.0,0.050000000000000044
CONTROL N=50,50,OOD_NEAR_masas_asimetricas_03,ood_near,masas_asimetricas,10,7.865285243780283,1,2,0.008208152761543136,0.0,0.3,0.28,0.21999999999999997,1.0,0.19999999999999996,1.0,0.09999999999999998,1.0,0.050000000000000044
CONTROL N=50,50,OOD_FAR_separatriz_00,ood_far,separatriz,1,0.560161757991949,1,2,0.005268786761425393,1.0,0.7,1.0,0.5,1.0,0.19999999999999996,1.0,0.09999999999999998,1.0,0.050000000000000044
CONTROL N=50,50,OOD_FAR_separatriz_00,ood_far,separatriz,2,1.120323515983898,1,2,0.004505818611383642,1.0,0.7,1.0,0.5,1.0,0.19999999999999996,1.0,0.09999999999999998,1.0,0.050000000000000044
CONTROL N=50,50,OOD_FAR_separatriz_00,ood_far,separatriz,3,1.680485273975847,1,2,0.005094940812991158,0.76,0.46,1.0,0.5,1.0,0.19999999999999996,1.0,0.09999999999999998,1.0,0.050000000000000044
CONTROL N=50,50,OOD_FAR_separatriz_00,ood_far,separatriz,4,2.240647031967796,1,2,0.004592108270952933,1.0,0.7,1.0,0.5,1.0,0.19999999999999996,1.0,0.09999999999999998,1.0,0.050000000000000044
CONTROL N=50,50,OOD_FAR_separatriz_00,ood_far,separatriz,5,2.800808789959745,1,2,0.004719856146428539,1.0,0.7,1.0,0.5,1.0,0.19999999999999996,1.0,0.09999999999999998,1.0,0.050000000000000044
CONTROL N=50,50,OOD_FAR_separatriz_00,ood_far,separatriz,6,3.3609705479516943,1,2,0.004612809616030029,1.0,0.7,1.0,0.5,1.0,0.19999999999999996,1.0,0.09999999999999998,1.0,0.050000000000000044
CONTROL N=50,50,OOD_FAR_separatriz_00,ood_far,separatriz,7,3.921132305943643,1,2,0.004998110922097834,0.92,0.6200000000000001,1.0,0.5,1.0,0.19999999999999996,1.0,0.09999999999999998,1.0,0.050000000000000044
CONTROL N=50,50,OOD_FAR_separatriz_00,ood_far,separatriz,8,4.481294063935592,1,2,0.004635057750207283,1.0,0.7,1.0,0.5,1.0,0.19999999999999996,1.0,0.09999999999999998,1.0,0.050000000000000044
CONTROL N=50,50,OOD_FAR_separatriz_00,ood_far,separatriz,9,5.041455821927541,1,2,0.004758558999827974,1.0,0.7,1.0,0.5,1.0,0.19999999999999996,1.0,0.09999999999999998,1.0,0.050000000000000044
CONTROL N=50,50,OOD_FAR_separatriz_00,ood_far,separatriz,10,5.60161757991949,1,2,0.004638075167000605,1.0,0.7,1.0,0.5,1.0,0.19999999999999996,1.0,0.09999999999999998,1.0,0.050000000000000044
CONTROL N=50,50,OOD_FAR_separatriz_01,ood_far,separatriz,1,0.5566347864814842,1,2,0.006795057181257704,1.0,0.7,1.0,0.5,1.0,0.19999999999999996,1.0,0.09999999999999998,1.0,0.050000000000000044
CONTROL N=50,50,OOD_FAR_separatriz_01,ood_far,separatriz,2,1.1132695729629685,1,2,0.005649641994741212,1.0,0.7,1.0,0.5,1.0,0.19999999999999996,1.0,0.09999999999999998,1.0,0.050000000000000044
CONTROL N=50,50,OOD_FAR_separatriz_01,ood_far,separatriz,3,1.6699043594444527,1,2,0.005684186740128134,1.0,0.7,1.0,0.5,1.0,0.19999999999999996,1.0,0.09999999999999998,1.0,0.050000000000000044
CONTROL N=50,50,OOD_FAR_separatriz_01,ood_far,separatriz,4,2.226539145925937,1,2,0.005589193209887914,1.0,0.7,1.0,0.5,1.0,0.19999999999999996,1.0,0.09999999999999998,1.0,0.050000000000000044
CONTROL N=50,50,OOD_FAR_separatriz_01,ood_far,separatriz,5,2.783173932407421,1,2,0.005453742103999485,1.0,0.7,1.0,0.5,1.0,0.19999999999999996,1.0,0.09999999999999998,1.0,0.050000000000000044
CONTROL N=50,50,OOD_FAR_separatriz_01,ood_far,separatriz,6,3.3398087188889054,1,2,0.005585640560713292,1.0,0.7,1.0,0.5,1.0,0.19999999999999996,1.0,0.09999999999999998,1.0,0.050000000000000044
CONTROL N=50,50,OOD_FAR_separatriz_01,ood_far,separatriz,7,3.8964435053703896,1,2,0.005872030872396557,1.0,0.7,1.0,0.5,1.0,0.19999999999999996,1.0,0.09999999999999998,1.0,0.050000000000000044
CONTROL N=50,50,OOD_FAR_separatriz_01,ood_far,separatriz,8,4.453078291851874,1,2,0.005581207228246897,1.0,0.7,1.0,0.5,1.0,0.19999999999999996,1.0,0.09999999999999998,1.0,0.050000000000000044
CONTROL N=50,50,OOD_FAR_separatriz_01,ood_far,separatriz,9,5.009713078333358,1,2,0.005847662038557876,1.0,0.7,1.0,0.5,1.0,0.19999999999999996,1.0,0.09999999999999998,1.0,0.050000000000000044
CONTROL N=50,50,OOD_FAR_separatriz_01,ood_far,separatriz,10,5.566347864814842,1,2,0.005574421898451852,1.0,0.7,1.0,0.5,1.0,0.19999999999999996,1.0,0.09999999999999998,1.0,0.050000000000000044
CONTROL N=50,50,OOD_FAR_separatriz_02,ood_far,separatriz,1,0.5612747153107003,1,2,0.005272298258455039,1.0,0.7,1.0,0.5,1.0,0.19999999999999996,1.0,0.09999999999999998,1.0,0.050000000000000044
CONTROL N=50,50,OOD_FAR_separatriz_02,ood_far,separatriz,2,1.1225494306214006,1,2,0.004367673806696644,0.0,0.3,0.08,0.42,1.0,0.19999999999999996,1.0,0.09999999999999998,1.0,0.050000000000000044
CONTROL N=50,50,OOD_FAR_separatriz_02,ood_far,separatriz,3,1.6838241459321008,1,2,0.003755853061121933,0.0,0.3,0.52,0.020000000000000018,1.0,0.19999999999999996,1.0,0.09999999999999998,1.0,0.050000000000000044
CONTROL N=50,50,OOD_FAR_separatriz_02,ood_far,separatriz,4,2.245098861242801,1,2,0.004338582809910574,0.0,0.3,0.08,0.42,1.0,0.19999999999999996,1.0,0.09999999999999998,1.0,0.050000000000000044
CONTROL N=50,50,OOD_FAR_separatriz_02,ood_far,separatriz,5,2.8063735765535016,1,2,0.004062417988950335,0.0,0.3,1.0,0.5,1.0,0.19999999999999996,1.0,0.09999999999999998,1.0,0.050000000000000044
CONTROL N=50,50,OOD_FAR_separatriz_02,ood_far,separatriz,6,3.367648291864202,1,2,0.004649630883363005,0.0,0.3,0.08,0.42,1.0,0.19999999999999996,1.0,0.09999999999999998,1.0,0.050000000000000044
CONTROL N=50,50,OOD_FAR_separatriz_02,ood_far,separatriz,7,3.9289230071749017,1,2,0.004114963128195071,0.0,0.3,1.0,0.5,1.0,0.19999999999999996,1.0,0.09999999999999998,1.0,0.050000000000000044
CONTROL N=50,50,OOD_FAR_separatriz_02,ood_far,separatriz,8,4.490197722485602,1,2,0.004867988991502224,0.0,0.3,0.16,0.33999999999999997,1.0,0.19999999999999996,1.0,0.09999999999999998,1.0,0.050000000000000044
CONTROL N=50,50,OOD_FAR_separatriz_02,ood_far,separatriz,9,5.051472437796303,1,2,0.0046032379516544085,0.0,0.3,1.0,0.5,1.0,0.19999999999999996,1.0,0.09999999999999998,1.0,0.050000000000000044
CONTROL N=50,50,OOD_FAR_separatriz_02,ood_far,separatriz,10,5.612747153107003,1,2,0.004961213841571037,0.0,0.3,0.16,0.33999999999999997,1.0,0.19999999999999996,1.0,0.09999999999999998,1.0,0.050000000000000044
CONTROL N=50,50,OOD_FAR_separatriz_03,ood_far,separatriz,1,0.5621716527502312,1,2,0.008203863690033918,1.0,0.7,1.0,0.5,1.0,0.19999999999999996,1.0,0.09999999999999998,1.0,0.050000000000000044
CONTROL N=50,50,OOD_FAR_separatriz_03,ood_far,separatriz,2,1.1243433055004624,1,2,0.005549097955771449,0.0,0.3,0.0,0.5,1.0,0.19999999999999996,1.0,0.09999999999999998,1.0,0.050000000000000044
CONTROL N=50,50,OOD_FAR_separatriz_03,ood_far,separatriz,3,1.6865149582506935,1,2,0.005857742403449068,0.0,0.3,0.96,0.45999999999999996,1.0,0.19999999999999996,1.0,0.09999999999999998,1.0,0.050000000000000044
CONTROL N=50,50,OOD_FAR_separatriz_03,ood_far,separatriz,4,2.2486866110009247,1,2,0.005539101381369609,0.0,0.3,0.04,0.46,1.0,0.19999999999999996,1.0,0.09999999999999998,1.0,0.050000000000000044
CONTROL N=50,50,OOD_FAR_separatriz_03,ood_far,separatriz,5,2.8108582637511557,1,2,0.005895567871649448,0.0,0.3,0.52,0.020000000000000018,1.0,0.19999999999999996,1.0,0.09999999999999998,1.0,0.050000000000000044
CONTROL N=50,50,OOD_FAR_separatriz_03,ood_far,separatriz,6,3.3730299165013866,1,2,0.0052635405045052975,0.0,0.3,0.04,0.46,1.0,0.19999999999999996,1.0,0.09999999999999998,1.0,0.050000000000000044
CONTROL N=50,50,OOD_FAR_separatriz_03,ood_far,separatriz,7,3.9352015692516185,1,2,0.00576221745434616,0.0,0.3,0.44,0.06,1.0,0.19999999999999996,1.0,0.09999999999999998,1.0,0.050000000000000044
CONTROL N=50,50,OOD_FAR_separatriz_03,ood_far,separatriz,8,4.497373222001849,1,2,0.005306252315951004,0.0,0.3,0.04,0.46,1.0,0.19999999999999996,1.0,0.09999999999999998,1.0,0.050000000000000044
CONTROL N=50,50,OOD_FAR_separatriz_03,ood_far,separatriz,9,5.05954487475208,1,2,0.004975792500045349,0.0,0.3,0.04,0.46,1.0,0.19999999999999996,1.0,0.09999999999999998,1.0,0.050000000000000044
CONTROL N=50,50,OOD_FAR_separatriz_03,ood_far,separatriz,10,5.621716527502311,1,2,0.005486210876001349,0.0,0.3,0.04,0.46,1.0,0.19999999999999996,1.0,0.09999999999999998,1.0,0.050000000000000044
CONTROL N=50,50,OOD_FAR_encuentro_violento_00,ood_far,encuentro_violento,1,0.4029832822545892,2,2,0.022541092067514406,1.0,0.7,1.0,0.5,1.0,0.19999999999999996,1.0,0.09999999999999998,1.0,0.050000000000000044
CONTROL N=50,50,OOD_FAR_encuentro_violento_00,ood_far,encuentro_violento,2,0.8059665645091783,2,2,0.027668098027902863,0.0,0.3,0.0,0.5,0.0,0.8,0.28,0.62,0.48,0.47
CONTROL N=50,50,OOD_FAR_encuentro_violento_00,ood_far,encuentro_violento,3,1.2089498467637674,2,2,0.032919694725680904,0.64,0.34,0.96,0.45999999999999996,1.0,0.19999999999999996,1.0,0.09999999999999998,1.0,0.050000000000000044
CONTROL N=50,50,OOD_FAR_encuentro_violento_00,ood_far,encuentro_violento,4,1.6119331290183565,2,2,0.025900845473612693,0.4,0.10000000000000003,0.88,0.38,1.0,0.19999999999999996,1.0,0.09999999999999998,1.0,0.050000000000000044
CONTROL N=50,50,OOD_FAR_encuentro_violento_00,ood_far,encuentro_violento,5,2.014916411272946,2,2,0.03724181372258471,0.0,0.3,0.0,0.5,0.32,0.48000000000000004,0.36,0.54,0.8,0.1499999999999999
CONTROL N=50,50,OOD_FAR_encuentro_violento_00,ood_far,encuentro_violento,6,2.417899693527535,2,2,0.02345034242604172,0.36,0.06,0.6,0.09999999999999998,1.0,0.19999999999999996,1.0,0.09999999999999998,1.0,0.050000000000000044
CONTROL N=50,50,OOD_FAR_encuentro_violento_00,ood_far,encuentro_violento,7,2.820882975782124,2,2,0.033386167474572674,0.96,0.6599999999999999,0.96,0.45999999999999996,1.0,0.19999999999999996,1.0,0.09999999999999998,1.0,0.050000000000000044
CONTROL N=50,50,OOD_FAR_encuentro_violento_00,ood_far,encuentro_violento,8,3.223866258036713,2,2,0.030862045820898115,0.0,0.3,0.04,0.46,0.36,0.44000000000000006,0.8,0.09999999999999998,1.0,0.050000000000000044
CONTROL N=50,50,OOD_FAR_encuentro_violento_00,ood_far,encuentro_violento,9,3.6268495402913024,2,2,0.03276826929460406,0.56,0.26000000000000006,0.6,0.09999999999999998,0.72,0.08000000000000007,1.0,0.09999999999999998,1.0,0.050000000000000044
CONTROL N=50,50,OOD_FAR_encuentro_violento_00,ood_far,encuentro_violento,10,4.029832822545892,2,2,0.03950252494010407,0.84,0.54,0.92,0.42000000000000004,1.0,0.19999999999999996,1.0,0.09999999999999998,1.0,0.050000000000000044
CONTROL N=50,50,OOD_FAR_encuentro_violento_01,ood_far,encuentro_violento,1,0.2897329888251865,2,2,0.04080223238432115,0.0,0.3,0.12,0.38,0.48,0.32000000000000006,0.72,0.18000000000000005,1.0,0.050000000000000044
CONTROL N=50,50,OOD_FAR_encuentro_violento_01,ood_far,encuentro_violento,2,0.579465977650373,2,2,0.05763664666722812,0.84,0.54,0.96,0.45999999999999996,1.0,0.19999999999999996,1.0,0.09999999999999998,1.0,0.050000000000000044
CONTROL N=50,50,OOD_FAR_encuentro_violento_01,ood_far,encuentro_violento,3,0.8691989664755595,2,2,0.052533182555702496,0.12,0.18,0.44,0.06,0.88,0.07999999999999996,0.92,0.020000000000000018,1.0,0.050000000000000044
CONTROL N=50,50,OOD_FAR_encuentro_violento_01,ood_far,encuentro_violento,4,1.158931955300746,2,2,0.03531953473914518,0.36,0.06,0.64,0.14,0.8,0.0,0.92,0.020000000000000018,0.96,0.010000000000000009
CONTROL N=50,50,OOD_FAR_encuentro_violento_01,ood_far,encuentro_violento,5,1.4486649441259325,2,2,0.058407901999714934,0.52,0.22000000000000003,0.84,0.33999999999999997,0.92,0.12,0.96,0.05999999999999994,1.0,0.050000000000000044
CONTROL N=50,50,OOD_FAR_encuentro_violento_01,ood_far,encuentro_violento,6,1.738397932951119,2,2,0.03218231422287279,0.4,0.10000000000000003,0.56,0.06000000000000005,0.88,0.07999999999999996,0.96,0.05999999999999994,1.0,0.050000000000000044
CONTROL N=50,50,OOD_FAR_encuentro_violento_01,ood_far,encuentro_violento,7,2.0281309217763055,2,2,0.03581903818729835,0.28,0.019999999999999962,0.56,0.06000000000000005,0.76,0.040000000000000036,0.92,0.020000000000000018,1.0,0.050000000000000044
CONTROL N=50,50,OOD_FAR_encuentro_violento_01,ood_far,encuentro_violento,8,2.317863910601492,2,2,0.04167129845969997,0.24,0.06,0.52,0.020000000000000018,0.92,0.12,1.0,0.09999999999999998,1.0,0.050000000000000044
CONTROL N=50,50,OOD_FAR_encuentro_violento_01,ood_far,encuentro_violento,9,2.6075968994266785,2,2,0.04834007314817385,0.48,0.18,0.6,0.09999999999999998,0.8,0.0,0.88,0.020000000000000018,0.92,0.029999999999999916
CONTROL N=50,50,OOD_FAR_encuentro_violento_01,ood_far,encuentro_violento,10,2.897329888251865,2,2,0.04075180857409743,0.36,0.06,0.4,0.09999999999999998,0.68,0.12,0.88,0.020000000000000018,0.92,0.029999999999999916
CONTROL N=50,50,OOD_FAR_encuentro_violento_02,ood_far,encuentro_violento,1,0.4384302918925199,3,3,0.004809254591752049,0.0,0.3,0.48,0.020000000000000018,0.96,0.15999999999999992,0.96,0.05999999999999994,1.0,0.050000000000000044
CONTROL N=50,50,OOD_FAR_encuentro_violento_02,ood_far,encuentro_violento,2,0.8768605837850398,3,3,0.009244202135269481,0.08,0.21999999999999997,0.2,0.3,0.72,0.08000000000000007,0.88,0.020000000000000018,0.92,0.029999999999999916
CONTROL N=50,50,OOD_FAR_encuentro_violento_02,ood_far,encuentro_violento,3,1.3152908756775599,3,3,0.017679148507970945,0.2,0.09999999999999998,0.36,0.14,0.56,0.24,0.68,0.21999999999999997,0.88,0.06999999999999995
CONTROL N=50,50,OOD_FAR_encuentro_violento_02,ood_far,encuentro_violento,4,1.7537211675700797,3,3,0.009696070235724677,0.32,0.020000000000000018,0.48,0.020000000000000018,0.68,0.12,0.88,0.020000000000000018,0.96,0.010000000000000009
CONTROL N=50,50,OOD_FAR_encuentro_violento_02,ood_far,encuentro_violento,5,2.1921514594625995,3,3,0.015204216148872182,0.52,0.22000000000000003,0.52,0.020000000000000018,0.92,0.12,0.96,0.05999999999999994,0.96,0.010000000000000009
CONTROL N=50,50,OOD_FAR_encuentro_violento_02,ood_far,encuentro_violento,6,2.6305817513551193,3,3,0.024245861348172013,0.48,0.18,0.68,0.18000000000000005,0.84,0.039999999999999925,0.92,0.020000000000000018,0.96,0.010000000000000009
CONTROL N=50,50,OOD_FAR_encuentro_violento_02,ood_far,encuentro_violento,7,3.0690120432476395,3,3,0.01383458958183011,0.4,0.10000000000000003,0.84,0.33999999999999997,0.92,0.12,0.96,0.05999999999999994,1.0,0.050000000000000044
CONTROL N=50,50,OOD_FAR_encuentro_violento_02,ood_far,encuentro_violento,8,3.5074423351401594,3,3,0.01606423804375246,0.32,0.020000000000000018,0.68,0.18000000000000005,0.8,0.0,0.92,0.020000000000000018,0.92,0.029999999999999916
CONTROL N=50,50,OOD_FAR_encuentro_violento_02,ood_far,encuentro_violento,9,3.945872627032679,4,4,0.0021525694020348694,0.56,0.26000000000000006,0.68,0.18000000000000005,0.84,0.039999999999999925,0.96,0.05999999999999994,0.96,0.010000000000000009
CONTROL N=50,50,OOD_FAR_encuentro_violento_02,ood_far,encuentro_violento,10,4.384302918925199,3,3,0.019428691631225164,0.56,0.26000000000000006,0.92,0.42000000000000004,0.96,0.15999999999999992,1.0,0.09999999999999998,1.0,0.050000000000000044
CONTROL N=50,50,OOD_FAR_encuentro_violento_03,ood_far,encuentro_violento,1,0.3049076340024614,3,3,0.016000637075970225,0.96,0.6599999999999999,1.0,0.5,1.0,0.19999999999999996,1.0,0.09999999999999998,1.0,0.050000000000000044
CONTROL N=50,50,OOD_FAR_encuentro_violento_03,ood_far,encuentro_violento,2,0.6098152680049229,3,3,0.007814305719779894,0.24,0.06,0.48,0.020000000000000018,0.72,0.08000000000000007,0.84,0.06000000000000005,0.84,0.10999999999999999
CONTROL N=50,50,OOD_FAR_encuentro_violento_03,ood_far,encuentro_violento,3,0.9147229020073844,3,3,0.00423261771762201,0.12,0.18,0.64,0.14,1.0,0.19999999999999996,1.0,0.09999999999999998,1.0,0.050000000000000044
CONTROL N=50,50,OOD_FAR_encuentro_violento_03,ood_far,encuentro_violento,4,1.2196305360098458,3,3,0.007865731744282123,0.44,0.14,0.72,0.21999999999999997,0.96,0.15999999999999992,0.96,0.05999999999999994,1.0,0.050000000000000044
CONTROL N=50,50,OOD_FAR_encuentro_violento_03,ood_far,encuentro_violento,5,1.5245381700123073,3,3,0.007205996041934248,0.2,0.09999999999999998,0.68,0.18000000000000005,0.84,0.039999999999999925,0.96,0.05999999999999994,1.0,0.050000000000000044
CONTROL N=50,50,OOD_FAR_encuentro_violento_03,ood_far,encuentro_violento,6,1.8294458040147688,4,4,0.006808700558255441,0.32,0.020000000000000018,0.76,0.26,0.96,0.15999999999999992,0.96,0.05999999999999994,0.96,0.010000000000000009
CONTROL N=50,50,OOD_FAR_encuentro_violento_03,ood_far,encuentro_violento,7,2.13435343801723,4,4,0.006344510986948677,0.52,0.22000000000000003,0.64,0.14,0.76,0.040000000000000036,0.84,0.06000000000000005,0.88,0.06999999999999995
CONTROL N=50,50,OOD_FAR_encuentro_violento_03,ood_far,encuentro_violento,8,2.4392610720196917,4,4,0.0016369926091194707,0.4,0.10000000000000003,0.64,0.14,0.92,0.12,0.96,0.05999999999999994,0.96,0.010000000000000009
CONTROL N=50,50,OOD_FAR_encuentro_violento_03,ood_far,encuentro_violento,9,2.744168706022153,5,5,0.00048050059470587203,0.52,0.22000000000000003,0.68,0.18000000000000005,0.92,0.12,0.96,0.05999999999999994,1.0,0.050000000000000044
CONTROL N=50,50,OOD_FAR_encuentro_violento_03,ood_far,encuentro_violento,10,3.049076340024614,4,4,0.0028104940267604473,0.32,0.020000000000000018,0.64,0.14,0.88,0.07999999999999996,0.96,0.05999999999999994,1.0,0.050000000000000044
CONTROL N=50,50,OOD_FAR_escape_temprano_00,ood_far,escape_temprano,1,0.7830244004640371,1,2,0.007412668968357044,0.0,0.3,1.0,0.5,1.0,0.19999999999999996,1.0,0.09999999999999998,1.0,0.050000000000000044
CONTROL N=50,50,OOD_FAR_escape_temprano_00,ood_far,escape_temprano,2,1.5660488009280742,1,2,0.008213193240809895,0.88,0.5800000000000001,1.0,0.5,1.0,0.19999999999999996,1.0,0.09999999999999998,1.0,0.050000000000000044
CONTROL N=50,50,OOD_FAR_escape_temprano_00,ood_far,escape_temprano,3,2.349073201392111,1,2,0.0058566105687397,0.0,0.3,0.36,0.14,1.0,0.19999999999999996,1.0,0.09999999999999998,1.0,0.050000000000000044
CONTROL N=50,50,OOD_FAR_escape_temprano_00,ood_far,escape_temprano,4,3.1320976018561484,1,2,0.007376853057966648,0.52,0.22000000000000003,1.0,0.5,1.0,0.19999999999999996,1.0,0.09999999999999998,1.0,0.050000000000000044
CONTROL N=50,50,OOD_FAR_escape_temprano_00,ood_far,escape_temprano,5,3.9151220023201856,1,2,0.006532516529317489,0.04,0.26,1.0,0.5,1.0,0.19999999999999996,1.0,0.09999999999999998,1.0,0.050000000000000044
CONTROL N=50,50,OOD_FAR_escape_temprano_00,ood_far,escape_temprano,6,4.698146402784222,1,2,0.007539671932778336,0.56,0.26000000000000006,1.0,0.5,1.0,0.19999999999999996,1.0,0.09999999999999998,1.0,0.050000000000000044
CONTROL N=50,50,OOD_FAR_escape_temprano_00,ood_far,escape_temprano,7,5.48117080324826,1,2,0.006887484847777436,0.2,0.09999999999999998,1.0,0.5,1.0,0.19999999999999996,1.0,0.09999999999999998,1.0,0.050000000000000044
CONTROL N=50,50,OOD_FAR_escape_temprano_00,ood_far,escape_temprano,8,6.264195203712297,1,2,0.007869469871257924,0.68,0.38000000000000006,1.0,0.5,1.0,0.19999999999999996,1.0,0.09999999999999998,1.0,0.050000000000000044
CONTROL N=50,50,OOD_FAR_escape_temprano_00,ood_far,escape_temprano,9,7.047219604176334,1,2,0.007565830265476598,0.36,0.06,1.0,0.5,1.0,0.19999999999999996,1.0,0.09999999999999998,1.0,0.050000000000000044
CONTROL N=50,50,OOD_FAR_escape_temprano_00,ood_far,escape_temprano,10,7.830244004640371,1,2,0.00814606691662802,0.68,0.38000000000000006,1.0,0.5,1.0,0.19999999999999996,1.0,0.09999999999999998,1.0,0.050000000000000044
CONTROL N=50,50,OOD_FAR_escape_temprano_01,ood_far,escape_temprano,1,0.7656515789155334,1,2,0.009464667706933326,1.0,0.7,1.0,0.5,1.0,0.19999999999999996,1.0,0.09999999999999998,1.0,0.050000000000000044
CONTROL N=50,50,OOD_FAR_escape_temprano_01,ood_far,escape_temprano,2,1.5313031578310667,1,2,0.006373773751883341,0.64,0.34,1.0,0.5,1.0,0.19999999999999996,1.0,0.09999999999999998,1.0,0.050000000000000044
CONTROL N=50,50,OOD_FAR_escape_temprano_01,ood_far,escape_temprano,3,2.2969547367466,1,2,0.008369569664330516,1.0,0.7,1.0,0.5,1.0,0.19999999999999996,1.0,0.09999999999999998,1.0,0.050000000000000044
CONTROL N=50,50,OOD_FAR_escape_temprano_01,ood_far,escape_temprano,4,3.0626063156621335,1,2,0.00612913100335347,0.92,0.6200000000000001,1.0,0.5,1.0,0.19999999999999996,1.0,0.09999999999999998,1.0,0.050000000000000044
CONTROL N=50,50,OOD_FAR_escape_temprano_01,ood_far,escape_temprano,5,3.828257894577667,1,2,0.006169966350384038,1.0,0.7,1.0,0.5,1.0,0.19999999999999996,1.0,0.09999999999999998,1.0,0.050000000000000044
CONTROL N=50,50,OOD_FAR_escape_temprano_01,ood_far,escape_temprano,6,4.5939094734932,1,2,0.005908906158723751,0.96,0.6599999999999999,1.0,0.5,1.0,0.19999999999999996,1.0,0.09999999999999998,1.0,0.050000000000000044
CONTROL N=50,50,OOD_FAR_escape_temprano_01,ood_far,escape_temprano,7,5.359561052408734,1,2,0.005280648516090047,1.0,0.7,1.0,0.5,1.0,0.19999999999999996,1.0,0.09999999999999998,1.0,0.050000000000000044
CONTROL N=50,50,OOD_FAR_escape_temprano_01,ood_far,escape_temprano,8,6.125212631324267,1,2,0.0061844047707038455,0.96,0.6599999999999999,1.0,0.5,1.0,0.19999999999999996,1.0,0.09999999999999998,1.0,0.050000000000000044
CONTROL N=50,50,OOD_FAR_escape_temprano_01,ood_far,escape_temprano,9,6.8908642102398,1,2,0.0053775021757657224,1.0,0.7,1.0,0.5,1.0,0.19999999999999996,1.0,0.09999999999999998,1.0,0.050000000000000044
CONTROL N=50,50,OOD_FAR_escape_temprano_01,ood_far,escape_temprano,10,7.656515789155334,1,2,0.00647242512235754,1.0,0.7,1.0,0.5,1.0,0.19999999999999996,1.0,0.09999999999999998,1.0,0.050000000000000044
CONTROL N=50,50,OOD_FAR_escape_temprano_02,ood_far,escape_temprano,1,0.804522877107785,1,2,0.006753298163892378,0.0,0.3,0.44,0.06,1.0,0.19999999999999996,1.0,0.09999999999999998,1.0,0.050000000000000044
CONTROL N=50,50,OOD_FAR_escape_temprano_02,ood_far,escape_temprano,2,1.60904575421557,1,2,0.005790061069877244,1.0,0.7,1.0,0.5,1.0,0.19999999999999996,1.0,0.09999999999999998,1.0,0.050000000000000044
CONTROL N=50,50,OOD_FAR_escape_temprano_02,ood_far,escape_temprano,3,2.413568631323355,1,2,0.0059754691187016715,1.0,0.7,1.0,0.5,1.0,0.19999999999999996,1.0,0.09999999999999998,1.0,0.050000000000000044
CONTROL N=50,50,OOD_FAR_escape_temprano_02,ood_far,escape_temprano,4,3.21809150843114,1,2,0.005702875230478897,1.0,0.7,1.0,0.5,1.0,0.19999999999999996,1.0,0.09999999999999998,1.0,0.050000000000000044
CONTROL N=50,50,OOD_FAR_escape_temprano_02,ood_far,escape_temprano,5,4.022614385538925,1,2,0.005416940958075226,1.0,0.7,1.0,0.5,1.0,0.19999999999999996,1.0,0.09999999999999998,1.0,0.050000000000000044
CONTROL N=50,50,OOD_FAR_escape_temprano_02,ood_far,escape_temprano,6,4.82713726264671,1,2,0.00558253676997833,1.0,0.7,1.0,0.5,1.0,0.19999999999999996,1.0,0.09999999999999998,1.0,0.050000000000000044
CONTROL N=50,50,OOD_FAR_escape_temprano_02,ood_far,escape_temprano,7,5.631660139754495,1,2,0.005326095480817785,1.0,0.7,1.0,0.5,1.0,0.19999999999999996,1.0,0.09999999999999998,1.0,0.050000000000000044
CONTROL N=50,50,OOD_FAR_escape_temprano_02,ood_far,escape_temprano,8,6.43618301686228,1,2,0.005614912315778845,1.0,0.7,1.0,0.5,1.0,0.19999999999999996,1.0,0.09999999999999998,1.0,0.050000000000000044
CONTROL N=50,50,OOD_FAR_escape_temprano_02,ood_far,escape_temprano,9,7.240705893970065,1,2,0.005253023375173578,1.0,0.7,1.0,0.5,1.0,0.19999999999999996,1.0,0.09999999999999998,1.0,0.050000000000000044
CONTROL N=50,50,OOD_FAR_escape_temprano_02,ood_far,escape_temprano,10,8.04522877107785,1,2,0.005642923167458943,1.0,0.7,1.0,0.5,1.0,0.19999999999999996,1.0,0.09999999999999998,1.0,0.050000000000000044
CONTROL N=50,50,OOD_FAR_escape_temprano_03,ood_far,escape_temprano,1,0.7902209538842365,1,2,0.007143399276707998,1.0,0.7,1.0,0.5,1.0,0.19999999999999996,1.0,0.09999999999999998,1.0,0.050000000000000044
CONTROL N=50,50,OOD_FAR_escape_temprano_03,ood_far,escape_temprano,2,1.5804419077684733,1,2,0.007563500324586561,1.0,0.7,1.0,0.5,1.0,0.19999999999999996,1.0,0.09999999999999998,1.0,0.050000000000000044
CONTROL N=50,50,OOD_FAR_escape_temprano_03,ood_far,escape_temprano,3,2.37066286165271,1,2,0.006737571383555808,1.0,0.7,1.0,0.5,1.0,0.19999999999999996,1.0,0.09999999999999998,1.0,0.050000000000000044
CONTROL N=50,50,OOD_FAR_escape_temprano_03,ood_far,escape_temprano,4,3.1608838155369465,1,2,0.007805651292103902,1.0,0.7,1.0,0.5,1.0,0.19999999999999996,1.0,0.09999999999999998,1.0,0.050000000000000044
CONTROL N=50,50,OOD_FAR_escape_temprano_03,ood_far,escape_temprano,5,3.951104769421183,1,2,0.007324276851599069,1.0,0.7,1.0,0.5,1.0,0.19999999999999996,1.0,0.09999999999999998,1.0,0.050000000000000044
CONTROL N=50,50,OOD_FAR_escape_temprano_03,ood_far,escape_temprano,6,4.74132572330542,1,2,0.008180426042770014,1.0,0.7,1.0,0.5,1.0,0.19999999999999996,1.0,0.09999999999999998,1.0,0.050000000000000044
CONTROL N=50,50,OOD_FAR_escape_temprano_03,ood_far,escape_temprano,7,5.531546677189656,1,2,0.007178106265760138,1.0,0.7,1.0,0.5,1.0,0.19999999999999996,1.0,0.09999999999999998,1.0,0.050000000000000044
CONTROL N=50,50,OOD_FAR_escape_temprano_03,ood_far,escape_temprano,8,6.321767631073892,1,2,0.008375088642135285,1.0,0.7,1.0,0.5,1.0,0.19999999999999996,1.0,0.09999999999999998,1.0,0.050000000000000044
CONTROL N=50,50,OOD_FAR_escape_temprano_03,ood_far,escape_temprano,9,7.111988584958129,1,2,0.007741578947257577,1.0,0.7,1.0,0.5,1.0,0.19999999999999996,1.0,0.09999999999999998,1.0,0.050000000000000044
CONTROL N=50,50,OOD_FAR_escape_temprano_03,ood_far,escape_temprano,10,7.902209538842365,1,2,0.0085067623334659,1.0,0.7,1.0,0.5,1.0,0.19999999999999996,1.0,0.09999999999999998,1.0,0.050000000000000044
CONTROL N=50,50,OOD_FAR_masas_extremas_00,ood_far,masas_extremas,1,0.4039323870261927,1,2,0.009908755639399242,0.0,0.3,1.0,0.5,1.0,0.19999999999999996,1.0,0.09999999999999998,1.0,0.050000000000000044
CONTROL N=50,50,OOD_FAR_masas_extremas_00,ood_far,masas_extremas,2,0.8078647740523854,1,2,0.014514165888365354,0.88,0.5800000000000001,1.0,0.5,1.0,0.19999999999999996,1.0,0.09999999999999998,1.0,0.050000000000000044
CONTROL N=50,50,OOD_FAR_masas_extremas_00,ood_far,masas_extremas,3,1.2117971610785783,1,2,0.014447536553384599,0.0,0.3,1.0,0.5,1.0,0.19999999999999996,1.0,0.09999999999999998,1.0,0.050000000000000044
CONTROL N=50,50,OOD_FAR_masas_extremas_00,ood_far,masas_extremas,4,1.6157295481047709,1,2,0.017454673933392947,1.0,0.7,1.0,0.5,1.0,0.19999999999999996,1.0,0.09999999999999998,1.0,0.050000000000000044
CONTROL N=50,50,OOD_FAR_masas_extremas_00,ood_far,masas_extremas,5,2.0196619351309635,1,2,0.013794248580276341,1.0,0.7,1.0,0.5,1.0,0.19999999999999996,1.0,0.09999999999999998,1.0,0.050000000000000044
CONTROL N=50,50,OOD_FAR_masas_extremas_00,ood_far,masas_extremas,6,2.423594322157156,1,2,0.014330832567782137,0.92,0.6200000000000001,1.0,0.5,1.0,0.19999999999999996,1.0,0.09999999999999998,1.0,0.050000000000000044
CONTROL N=50,50,OOD_FAR_masas_extremas_00,ood_far,masas_extremas,7,2.827526709183349,1,2,0.014453231766174135,0.96,0.6599999999999999,1.0,0.5,1.0,0.19999999999999996,1.0,0.09999999999999998,1.0,0.050000000000000044
CONTROL N=50,50,OOD_FAR_masas_extremas_00,ood_far,masas_extremas,8,3.2314590962095417,1,2,0.01513001771121624,1.0,0.7,1.0,0.5,1.0,0.19999999999999996,1.0,0.09999999999999998,1.0,0.050000000000000044
CONTROL N=50,50,OOD_FAR_masas_extremas_00,ood_far,masas_extremas,9,3.6353914832357344,1,2,0.015136334652517302,1.0,0.7,1.0,0.5,1.0,0.19999999999999996,1.0,0.09999999999999998,1.0,0.050000000000000044
CONTROL N=50,50,OOD_FAR_masas_extremas_00,ood_far,masas_extremas,10,4.039323870261927,1,2,0.014737277045510354,0.92,0.6200000000000001,1.0,0.5,1.0,0.19999999999999996,1.0,0.09999999999999998,1.0,0.050000000000000044
CONTROL N=50,50,OOD_FAR_masas_extremas_01,ood_far,masas_extremas,1,0.4031805459574681,1,2,0.00820878676379276,1.0,0.7,1.0,0.5,1.0,0.19999999999999996,1.0,0.09999999999999998,1.0,0.050000000000000044
CONTROL N=50,50,OOD_FAR_masas_extremas_01,ood_far,masas_extremas,2,0.8063610919149362,1,2,0.008623895396130956,0.0,0.3,0.92,0.42000000000000004,1.0,0.19999999999999996,1.0,0.09999999999999998,1.0,0.050000000000000044
CONTROL N=50,50,OOD_FAR_masas_extremas_01,ood_far,masas_extremas,3,1.2095416378724044,1,2,0.01131159599635171,1.0,0.7,1.0,0.5,1.0,0.19999999999999996,1.0,0.09999999999999998,1.0,0.050000000000000044
CONTROL N=50,50,OOD_FAR_masas_extremas_01,ood_far,masas_extremas,4,1.6127221838298724,1,2,0.01141479640300336,0.64,0.34,1.0,0.5,1.0,0.19999999999999996,1.0,0.09999999999999998,1.0,0.050000000000000044
CONTROL N=50,50,OOD_FAR_masas_extremas_01,ood_far,masas_extremas,5,2.0159027297873404,1,2,0.011425118486037611,1.0,0.7,1.0,0.5,1.0,0.19999999999999996,1.0,0.09999999999999998,1.0,0.050000000000000044
CONTROL N=50,50,OOD_FAR_masas_extremas_01,ood_far,masas_extremas,6,2.4190832757448084,1,2,0.01026297556481955,0.68,0.38000000000000006,1.0,0.5,1.0,0.19999999999999996,1.0,0.09999999999999998,1.0,0.050000000000000044
CONTROL N=50,50,OOD_FAR_masas_extremas_01,ood_far,masas_extremas,7,2.822263821702277,1,2,0.009887907875608776,1.0,0.7,1.0,0.5,1.0,0.19999999999999996,1.0,0.09999999999999998,1.0,0.050000000000000044
CONTROL N=50,50,OOD_FAR_masas_extremas_01,ood_far,masas_extremas,8,3.225444367659745,1,2,0.010565089187696096,0.68,0.38000000000000006,1.0,0.5,1.0,0.19999999999999996,1.0,0.09999999999999998,1.0,0.050000000000000044
CONTROL N=50,50,OOD_FAR_masas_extremas_01,ood_far,masas_extremas,9,3.628624913617213,1,2,0.010353452730180275,1.0,0.7,1.0,0.5,1.0,0.19999999999999996,1.0,0.09999999999999998,1.0,0.050000000000000044
CONTROL N=50,50,OOD_FAR_masas_extremas_01,ood_far,masas_extremas,10,4.031805459574681,1,2,0.010821746944479953,0.84,0.54,1.0,0.5,1.0,0.19999999999999996,1.0,0.09999999999999998,1.0,0.050000000000000044
CONTROL N=50,50,OOD_FAR_masas_extremas_02,ood_far,masas_extremas,1,0.6055344268403091,1,2,0.007461230016699595,1.0,0.7,1.0,0.5,1.0,0.19999999999999996,1.0,0.09999999999999998,1.0,0.050000000000000044
CONTROL N=50,50,OOD_FAR_masas_extremas_02,ood_far,masas_extremas,2,1.2110688536806182,1,2,0.008186722733522165,1.0,0.7,1.0,0.5,1.0,0.19999999999999996,1.0,0.09999999999999998,1.0,0.050000000000000044
CONTROL N=50,50,OOD_FAR_masas_extremas_02,ood_far,masas_extremas,3,1.8166032805209273,1,2,0.011726359729200506,1.0,0.7,1.0,0.5,1.0,0.19999999999999996,1.0,0.09999999999999998,1.0,0.050000000000000044
CONTROL N=50,50,OOD_FAR_masas_extremas_02,ood_far,masas_extremas,4,2.4221377073612365,1,2,0.009239854359996802,1.0,0.7,1.0,0.5,1.0,0.19999999999999996,1.0,0.09999999999999998,1.0,0.050000000000000044
CONTROL N=50,50,OOD_FAR_masas_extremas_02,ood_far,masas_extremas,5,3.027672134201546,1,2,0.008268673847169006,1.0,0.7,1.0,0.5,1.0,0.19999999999999996,1.0,0.09999999999999998,1.0,0.050000000000000044
CONTROL N=50,50,OOD_FAR_masas_extremas_02,ood_far,masas_extremas,6,3.633206561041855,1,2,0.007912015751503304,1.0,0.7,1.0,0.5,1.0,0.19999999999999996,1.0,0.09999999999999998,1.0,0.050000000000000044
CONTROL N=50,50,OOD_FAR_masas_extremas_02,ood_far,masas_extremas,7,4.238740987882164,1,2,0.008132667560037752,1.0,0.7,1.0,0.5,1.0,0.19999999999999996,1.0,0.09999999999999998,1.0,0.050000000000000044
CONTROL N=50,50,OOD_FAR_masas_extremas_02,ood_far,masas_extremas,8,4.844275414722473,1,2,0.010635925850194019,1.0,0.7,1.0,0.5,1.0,0.19999999999999996,1.0,0.09999999999999998,1.0,0.050000000000000044
CONTROL N=50,50,OOD_FAR_masas_extremas_02,ood_far,masas_extremas,9,5.449809841562782,1,2,0.010106515063274053,1.0,0.7,1.0,0.5,1.0,0.19999999999999996,1.0,0.09999999999999998,1.0,0.050000000000000044
CONTROL N=50,50,OOD_FAR_masas_extremas_02,ood_far,masas_extremas,10,6.055344268403092,1,2,0.010441330157258597,1.0,0.7,1.0,0.5,1.0,0.19999999999999996,1.0,0.09999999999999998,1.0,0.050000000000000044
CONTROL N=50,50,OOD_FAR_masas_extremas_03,ood_far,masas_extremas,1,0.477650591694929,1,2,0.008276755459490599,1.0,0.7,1.0,0.5,1.0,0.19999999999999996,1.0,0.09999999999999998,1.0,0.050000000000000044
CONTROL N=50,50,OOD_FAR_masas_extremas_03,ood_far,masas_extremas,2,0.9553011833898579,1,2,0.006158280963604942,1.0,0.7,1.0,0.5,1.0,0.19999999999999996,1.0,0.09999999999999998,1.0,0.050000000000000044
CONTROL N=50,50,OOD_FAR_masas_extremas_03,ood_far,masas_extremas,3,1.4329517750847869,1,2,0.007799150739360257,1.0,0.7,1.0,0.5,1.0,0.19999999999999996,1.0,0.09999999999999998,1.0,0.050000000000000044
CONTROL N=50,50,OOD_FAR_masas_extremas_03,ood_far,masas_extremas,4,1.9106023667797158,1,2,0.009518448184359714,1.0,0.7,1.0,0.5,1.0,0.19999999999999996,1.0,0.09999999999999998,1.0,0.050000000000000044
CONTROL N=50,50,OOD_FAR_masas_extremas_03,ood_far,masas_extremas,5,2.388252958474645,1,2,0.006571640311640738,1.0,0.7,1.0,0.5,1.0,0.19999999999999996,1.0,0.09999999999999998,1.0,0.050000000000000044
CONTROL N=50,50,OOD_FAR_masas_extremas_03,ood_far,masas_extremas,6,2.865903550169574,1,2,0.006696893296645596,1.0,0.7,1.0,0.5,1.0,0.19999999999999996,1.0,0.09999999999999998,1.0,0.050000000000000044
CONTROL N=50,50,OOD_FAR_masas_extremas_03,ood_far,masas_extremas,7,3.343554141864503,1,2,0.004682274844447916,1.0,0.7,1.0,0.5,1.0,0.19999999999999996,1.0,0.09999999999999998,1.0,0.050000000000000044
CONTROL N=50,50,OOD_FAR_masas_extremas_03,ood_far,masas_extremas,8,3.8212047335594317,1,2,0.006211449814377413,1.0,0.7,1.0,0.5,1.0,0.19999999999999996,1.0,0.09999999999999998,1.0,0.050000000000000044
CONTROL N=50,50,OOD_FAR_masas_extremas_03,ood_far,masas_extremas,9,4.298855325254361,1,2,0.005255702811955831,1.0,0.7,1.0,0.5,1.0,0.19999999999999996,1.0,0.09999999999999998,1.0,0.050000000000000044
CONTROL N=50,50,OOD_FAR_masas_extremas_03,ood_far,masas_extremas,10,4.77650591694929,1,2,0.008474845482602295,1.0,0.7,1.0,0.5,1.0,0.19999999999999996,1.0,0.09999999999999998,1.0,0.050000000000000044
CONTROL N=50,50,OOD_FAR_no_virializado_00,ood_far,no_virializado,1,1.5,7,7,2.418578424128146e-05,1.0,0.7,1.0,0.5,1.0,0.19999999999999996,1.0,0.09999999999999998,1.0,0.050000000000000044
CONTROL N=50,50,OOD_FAR_no_virializado_00,ood_far,no_virializado,2,3.0,6,6,0.00011307399392641111,1.0,0.7,1.0,0.5,1.0,0.19999999999999996,1.0,0.09999999999999998,1.0,0.050000000000000044
CONTROL N=50,50,OOD_FAR_no_virializado_00,ood_far,no_virializado,3,4.5,6,6,7.106898984111893e-05,1.0,0.7,1.0,0.5,1.0,0.19999999999999996,1.0,0.09999999999999998,1.0,0.050000000000000044
CONTROL N=50,50,OOD_FAR_no_virializado_00,ood_far,no_virializado,4,6.0,4,4,0.0010830449370724537,1.0,0.7,1.0,0.5,1.0,0.19999999999999996,1.0,0.09999999999999998,1.0,0.050000000000000044
CONTROL N=50,50,OOD_FAR_no_virializado_00,ood_far,no_virializado,5,7.5,1,2,0.010057547805966321,0.0,0.3,1.0,0.5,1.0,0.19999999999999996,1.0,0.09999999999999998,1.0,0.050000000000000044
CONTROL N=50,50,OOD_FAR_no_virializado_00,ood_far,no_virializado,6,9.0,2,2,0.01513742590812865,1.0,0.7,1.0,0.5,1.0,0.19999999999999996,1.0,0.09999999999999998,1.0,0.050000000000000044
CONTROL N=50,50,OOD_FAR_no_virializado_00,ood_far,no_virializado,7,10.5,4,4,0.0006802818074672804,1.0,0.7,1.0,0.5,1.0,0.19999999999999996,1.0,0.09999999999999998,1.0,0.050000000000000044
CONTROL N=50,50,OOD_FAR_no_virializado_00,ood_far,no_virializado,8,12.0,5,5,0.00034506470730465117,1.0,0.7,1.0,0.5,1.0,0.19999999999999996,1.0,0.09999999999999998,1.0,0.050000000000000044
CONTROL N=50,50,OOD_FAR_no_virializado_00,ood_far,no_virializado,9,13.5,5,5,0.0004662205392863792,1.0,0.7,1.0,0.5,1.0,0.19999999999999996,1.0,0.09999999999999998,1.0,0.050000000000000044
CONTROL N=50,50,OOD_FAR_no_virializado_00,ood_far,no_virializado,10,15.0,5,5,0.0005503744950109518,1.0,0.7,1.0,0.5,1.0,0.19999999999999996,1.0,0.09999999999999998,1.0,0.050000000000000044
CONTROL N=50,50,OOD_FAR_no_virializado_01,ood_far,no_virializado,1,1.5,7,7,5.493023428911499e-05,1.0,0.7,1.0,0.5,1.0,0.19999999999999996,1.0,0.09999999999999998,1.0,0.050000000000000044
CONTROL N=50,50,OOD_FAR_no_virializado_01,ood_far,no_virializado,2,3.0,8,8,0.001955169309751495,1.0,0.7,1.0,0.5,1.0,0.19999999999999996,1.0,0.09999999999999998,1.0,0.050000000000000044
CONTROL N=50,50,OOD_FAR_no_virializado_01,ood_far,no_virializado,3,4.5,7,7,0.0013603111400231878,1.0,0.7,1.0,0.5,1.0,0.19999999999999996,1.0,0.09999999999999998,1.0,0.050000000000000044
CONTROL N=50,50,OOD_FAR_no_virializado_01,ood_far,no_virializado,4,6.0,6,6,0.0020159075910279986,1.0,0.7,1.0,0.5,1.0,0.19999999999999996,1.0,0.09999999999999998,1.0,0.050000000000000044
CONTROL N=50,50,OOD_FAR_no_virializado_01,ood_far,no_virializado,5,7.5,6,6,0.00021404914469244846,1.0,0.7,1.0,0.5,1.0,0.19999999999999996,1.0,0.09999999999999998,1.0,0.050000000000000044
CONTROL N=50,50,OOD_FAR_no_virializado_01,ood_far,no_virializado,6,9.0,5,5,0.0004911375605513327,1.0,0.7,1.0,0.5,1.0,0.19999999999999996,1.0,0.09999999999999998,1.0,0.050000000000000044
CONTROL N=50,50,OOD_FAR_no_virializado_01,ood_far,no_virializado,7,10.5,6,6,0.0012866098627444876,1.0,0.7,1.0,0.5,1.0,0.19999999999999996,1.0,0.09999999999999998,1.0,0.050000000000000044
CONTROL N=50,50,OOD_FAR_no_virializado_01,ood_far,no_virializado,8,12.0,6,6,0.0011015372929858215,1.0,0.7,1.0,0.5,1.0,0.19999999999999996,1.0,0.09999999999999998,1.0,0.050000000000000044
CONTROL N=50,50,OOD_FAR_no_virializado_01,ood_far,no_virializado,9,13.5,6,6,0.0014225081778976732,1.0,0.7,1.0,0.5,1.0,0.19999999999999996,1.0,0.09999999999999998,1.0,0.050000000000000044
CONTROL N=50,50,OOD_FAR_no_virializado_01,ood_far,no_virializado,10,15.0,3,3,0.00399224831565294,1.0,0.7,1.0,0.5,1.0,0.19999999999999996,1.0,0.09999999999999998,1.0,0.050000000000000044
CONTROL N=50,50,OOD_FAR_no_virializado_02,ood_far,no_virializado,1,1.5,2,2,0.013873546435996316,1.0,0.7,1.0,0.5,1.0,0.19999999999999996,1.0,0.09999999999999998,1.0,0.050000000000000044
CONTROL N=50,50,OOD_FAR_no_virializado_02,ood_far,no_virializado,2,3.0,1,2,0.00439528417166529,0.0,0.3,1.0,0.5,1.0,0.19999999999999996,1.0,0.09999999999999998,1.0,0.050000000000000044
CONTROL N=50,50,OOD_FAR_no_virializado_02,ood_far,no_virializado,3,4.5,1,2,0.004370539588579561,0.0,0.3,0.44,0.06,1.0,0.19999999999999996,1.0,0.09999999999999998,1.0,0.050000000000000044
CONTROL N=50,50,OOD_FAR_no_virializado_02,ood_far,no_virializado,4,6.0,1,2,0.003850339968993907,0.0,0.3,0.24,0.26,1.0,0.19999999999999996,1.0,0.09999999999999998,1.0,0.050000000000000044
CONTROL N=50,50,OOD_FAR_no_virializado_02,ood_far,no_virializado,5,7.5,1,2,0.0034934966368376716,0.0,0.3,0.64,0.14,1.0,0.19999999999999996,1.0,0.09999999999999998,1.0,0.050000000000000044
CONTROL N=50,50,OOD_FAR_no_virializado_02,ood_far,no_virializado,6,9.0,2,2,0.011633126572601139,0.0,0.3,1.0,0.5,1.0,0.19999999999999996,1.0,0.09999999999999998,1.0,0.050000000000000044
CONTROL N=50,50,OOD_FAR_no_virializado_02,ood_far,no_virializado,7,10.5,1,2,0.003769714379941322,0.0,0.3,0.12,0.38,1.0,0.19999999999999996,1.0,0.09999999999999998,1.0,0.050000000000000044
CONTROL N=50,50,OOD_FAR_no_virializado_02,ood_far,no_virializado,8,12.0,1,2,0.004134493519265371,0.0,0.3,0.12,0.38,1.0,0.19999999999999996,1.0,0.09999999999999998,1.0,0.050000000000000044
CONTROL N=50,50,OOD_FAR_no_virializado_02,ood_far,no_virializado,9,13.5,1,2,0.00397302157380145,0.0,0.3,0.12,0.38,1.0,0.19999999999999996,1.0,0.09999999999999998,1.0,0.050000000000000044
CONTROL N=50,50,OOD_FAR_no_virializado_02,ood_far,no_virializado,10,15.0,1,2,0.003650484345384033,0.0,0.3,0.04,0.46,1.0,0.19999999999999996,1.0,0.09999999999999998,1.0,0.050000000000000044
CONTROL N=50,50,OOD_FAR_no_virializado_03,ood_far,no_virializado,1,1.5,2,2,0.01638146532383107,1.0,0.7,1.0,0.5,1.0,0.19999999999999996,1.0,0.09999999999999998,1.0,0.050000000000000044
CONTROL N=50,50,OOD_FAR_no_virializado_03,ood_far,no_virializado,2,3.0,5,5,0.0002461341108952838,1.0,0.7,1.0,0.5,1.0,0.19999999999999996,1.0,0.09999999999999998,1.0,0.050000000000000044
CONTROL N=50,50,OOD_FAR_no_virializado_03,ood_far,no_virializado,3,4.5,3,3,0.004911508773315158,1.0,0.7,1.0,0.5,1.0,0.19999999999999996,1.0,0.09999999999999998,1.0,0.050000000000000044
CONTROL N=50,50,OOD_FAR_no_virializado_03,ood_far,no_virializado,4,6.0,2,2,0.01845673256845891,1.0,0.7,1.0,0.5,1.0,0.19999999999999996,1.0,0.09999999999999998,1.0,0.050000000000000044
CONTROL N=50,50,OOD_FAR_no_virializado_03,ood_far,no_virializado,5,7.5,2,2,0.020411592764725595,1.0,0.7,1.0,0.5,1.0,0.19999999999999996,1.0,0.09999999999999998,1.0,0.050000000000000044
CONTROL N=50,50,OOD_FAR_no_virializado_03,ood_far,no_virializado,6,9.0,2,2,0.0156265816805418,1.0,0.7,1.0,0.5,1.0,0.19999999999999996,1.0,0.09999999999999998,1.0,0.050000000000000044
CONTROL N=50,50,OOD_FAR_no_virializado_03,ood_far,no_virializado,7,10.5,2,2,0.01219475624955822,1.0,0.7,1.0,0.5,1.0,0.19999999999999996,1.0,0.09999999999999998,1.0,0.050000000000000044
CONTROL N=50,50,OOD_FAR_no_virializado_03,ood_far,no_virializado,8,12.0,1,2,0.007883396327107873,1.0,0.7,1.0,0.5,1.0,0.19999999999999996,1.0,0.09999999999999998,1.0,0.050000000000000044
CONTROL N=50,50,OOD_FAR_no_virializado_03,ood_far,no_virializado,9,13.5,1,2,0.005991889629097846,1.0,0.7,1.0,0.5,1.0,0.19999999999999996,1.0,0.09999999999999998,1.0,0.050000000000000044
CONTROL N=50,50,OOD_FAR_no_virializado_03,ood_far,no_virializado,10,15.0,2,2,0.00566316609284473,0.24,0.06,1.0,0.5,1.0,0.19999999999999996,1.0,0.09999999999999998,1.0,0.050000000000000044
CONTROL N=100,100,ID_figura_ocho_00,in_distribution,figura_ocho,1,1.5,4,4,0.00017283829878494272,1.0,0.7,1.0,0.5,1.0,0.19999999999999996,1.0,0.09999999999999998,1.0,0.050000000000000044
CONTROL N=100,100,ID_figura_ocho_00,in_distribution,figura_ocho,2,3.0,2,2,0.013746199224229006,0.2,0.09999999999999998,1.0,0.5,1.0,0.19999999999999996,1.0,0.09999999999999998,1.0,0.050000000000000044
CONTROL N=100,100,ID_figura_ocho_00,in_distribution,figura_ocho,3,4.5,2,2,0.01732007165743468,1.0,0.7,1.0,0.5,1.0,0.19999999999999996,1.0,0.09999999999999998,1.0,0.050000000000000044
CONTROL N=100,100,ID_figura_ocho_00,in_distribution,figura_ocho,4,6.0,2,2,0.013171941154103584,1.0,0.7,1.0,0.5,1.0,0.19999999999999996,1.0,0.09999999999999998,1.0,0.050000000000000044
CONTROL N=100,100,ID_figura_ocho_00,in_distribution,figura_ocho,5,7.5,2,2,0.015554647759510005,0.92,0.6200000000000001,1.0,0.5,1.0,0.19999999999999996,1.0,0.09999999999999998,1.0,0.050000000000000044
CONTROL N=100,100,ID_figura_ocho_00,in_distribution,figura_ocho,6,9.0,2,2,0.017285544544369216,1.0,0.7,1.0,0.5,1.0,0.19999999999999996,1.0,0.09999999999999998,1.0,0.050000000000000044
CONTROL N=100,100,ID_figura_ocho_00,in_distribution,figura_ocho,7,10.5,2,2,0.018411636104832083,1.0,0.7,1.0,0.5,1.0,0.19999999999999996,1.0,0.09999999999999998,1.0,0.050000000000000044
CONTROL N=100,100,ID_figura_ocho_00,in_distribution,figura_ocho,8,12.0,2,2,0.016832394594915888,0.6,0.3,1.0,0.5,1.0,0.19999999999999996,1.0,0.09999999999999998,1.0,0.050000000000000044
CONTROL N=100,100,ID_figura_ocho_00,in_distribution,figura_ocho,9,13.5,2,2,0.015774522555383457,1.0,0.7,1.0,0.5,1.0,0.19999999999999996,1.0,0.09999999999999998,1.0,0.050000000000000044
CONTROL N=100,100,ID_figura_ocho_00,in_distribution,figura_ocho,10,15.0,2,2,0.020497272675452975,0.68,0.38000000000000006,1.0,0.5,1.0,0.19999999999999996,1.0,0.09999999999999998,1.0,0.050000000000000044
CONTROL N=100,100,ID_figura_ocho_01,in_distribution,figura_ocho,1,1.5,4,4,0.000370040406386394,1.0,0.7,1.0,0.5,1.0,0.19999999999999996,1.0,0.09999999999999998,1.0,0.050000000000000044
CONTROL N=100,100,ID_figura_ocho_01,in_distribution,figura_ocho,2,3.0,2,2,0.01190976685486318,0.0,0.3,0.72,0.21999999999999997,1.0,0.19999999999999996,1.0,0.09999999999999998,1.0,0.050000000000000044
CONTROL N=100,100,ID_figura_ocho_01,in_distribution,figura_ocho,3,4.5,2,2,0.015806178479836508,1.0,0.7,1.0,0.5,1.0,0.19999999999999996,1.0,0.09999999999999998,1.0,0.050000000000000044
CONTROL N=100,100,ID_figura_ocho_01,in_distribution,figura_ocho,4,6.0,2,2,0.014280041546046512,1.0,0.7,1.0,0.5,1.0,0.19999999999999996,1.0,0.09999999999999998,1.0,0.050000000000000044
CONTROL N=100,100,ID_figura_ocho_01,in_distribution,figura_ocho,5,7.5,2,2,0.02152134063635016,1.0,0.7,1.0,0.5,1.0,0.19999999999999996,1.0,0.09999999999999998,1.0,0.050000000000000044
CONTROL N=100,100,ID_figura_ocho_01,in_distribution,figura_ocho,6,9.0,2,2,0.013689436046992473,1.0,0.7,1.0,0.5,1.0,0.19999999999999996,1.0,0.09999999999999998,1.0,0.050000000000000044
CONTROL N=100,100,ID_figura_ocho_01,in_distribution,figura_ocho,7,10.5,2,2,0.01759872896133246,1.0,0.7,1.0,0.5,1.0,0.19999999999999996,1.0,0.09999999999999998,1.0,0.050000000000000044
CONTROL N=100,100,ID_figura_ocho_01,in_distribution,figura_ocho,8,12.0,2,2,0.017794785097238787,1.0,0.7,1.0,0.5,1.0,0.19999999999999996,1.0,0.09999999999999998,1.0,0.050000000000000044
CONTROL N=100,100,ID_figura_ocho_01,in_distribution,figura_ocho,9,13.5,2,2,0.019110278062216702,1.0,0.7,1.0,0.5,1.0,0.19999999999999996,1.0,0.09999999999999998,1.0,0.050000000000000044
CONTROL N=100,100,ID_figura_ocho_01,in_distribution,figura_ocho,10,15.0,2,2,0.014991875605360685,1.0,0.7,1.0,0.5,1.0,0.19999999999999996,1.0,0.09999999999999998,1.0,0.050000000000000044
CONTROL N=100,100,ID_figura_ocho_02,in_distribution,figura_ocho,1,1.5,5,5,9.12085707936474e-05,1.0,0.7,1.0,0.5,1.0,0.19999999999999996,1.0,0.09999999999999998,1.0,0.050000000000000044
CONTROL N=100,100,ID_figura_ocho_02,in_distribution,figura_ocho,2,3.0,2,2,0.010911662930775678,0.96,0.6599999999999999,1.0,0.5,1.0,0.19999999999999996,1.0,0.09999999999999998,1.0,0.050000000000000044
CONTROL N=100,100,ID_figura_ocho_02,in_distribution,figura_ocho,3,4.5,2,2,0.023136738479237907,0.0,0.3,1.0,0.5,1.0,0.19999999999999996,1.0,0.09999999999999998,1.0,0.050000000000000044
CONTROL N=100,100,ID_figura_ocho_02,in_distribution,figura_ocho,4,6.0,2,2,0.014327980771803356,0.32,0.020000000000000018,1.0,0.5,1.0,0.19999999999999996,1.0,0.09999999999999998,1.0,0.050000000000000044
CONTROL N=100,100,ID_figura_ocho_02,in_distribution,figura_ocho,5,7.5,2,2,0.020155333492522486,0.0,0.3,0.48,0.020000000000000018,1.0,0.19999999999999996,1.0,0.09999999999999998,1.0,0.050000000000000044
CONTROL N=100,100,ID_figura_ocho_02,in_distribution,figura_ocho,6,9.0,2,2,0.016103476967364264,0.88,0.5800000000000001,1.0,0.5,1.0,0.19999999999999996,1.0,0.09999999999999998,1.0,0.050000000000000044
CONTROL N=100,100,ID_figura_ocho_02,in_distribution,figura_ocho,7,10.5,2,2,0.016365656062085104,0.96,0.6599999999999999,1.0,0.5,1.0,0.19999999999999996,1.0,0.09999999999999998,1.0,0.050000000000000044
CONTROL N=100,100,ID_figura_ocho_02,in_distribution,figura_ocho,8,12.0,2,2,0.01632039743065743,1.0,0.7,1.0,0.5,1.0,0.19999999999999996,1.0,0.09999999999999998,1.0,0.050000000000000044
CONTROL N=100,100,ID_figura_ocho_02,in_distribution,figura_ocho,9,13.5,2,2,0.019941491721199845,0.04,0.26,1.0,0.5,1.0,0.19999999999999996,1.0,0.09999999999999998,1.0,0.050000000000000044
CONTROL N=100,100,ID_figura_ocho_02,in_distribution,figura_ocho,10,15.0,2,2,0.018080681503641876,1.0,0.7,1.0,0.5,1.0,0.19999999999999996,1.0,0.09999999999999998,1.0,0.050000000000000044
CONTROL N=100,100,ID_figura_ocho_03,in_distribution,figura_ocho,1,1.5,4,4,0.00028003271285125344,1.0,0.7,1.0,0.5,1.0,0.19999999999999996,1.0,0.09999999999999998,1.0,0.050000000000000044
CONTROL N=100,100,ID_figura_ocho_03,in_distribution,figura_ocho,2,3.0,2,2,0.013431060530753623,1.0,0.7,1.0,0.5,1.0,0.19999999999999996,1.0,0.09999999999999998,1.0,0.050000000000000044
CONTROL N=100,100,ID_figura_ocho_03,in_distribution,figura_ocho,3,4.5,2,2,0.021268140327107225,1.0,0.7,1.0,0.5,1.0,0.19999999999999996,1.0,0.09999999999999998,1.0,0.050000000000000044
CONTROL N=100,100,ID_figura_ocho_03,in_distribution,figura_ocho,4,6.0,2,2,0.02021532595182944,1.0,0.7,1.0,0.5,1.0,0.19999999999999996,1.0,0.09999999999999998,1.0,0.050000000000000044
CONTROL N=100,100,ID_figura_ocho_03,in_distribution,figura_ocho,5,7.5,2,2,0.03166092363362719,1.0,0.7,1.0,0.5,1.0,0.19999999999999996,1.0,0.09999999999999998,1.0,0.050000000000000044
CONTROL N=100,100,ID_figura_ocho_03,in_distribution,figura_ocho,6,9.0,2,2,0.01559452680365098,1.0,0.7,1.0,0.5,1.0,0.19999999999999996,1.0,0.09999999999999998,1.0,0.050000000000000044
CONTROL N=100,100,ID_figura_ocho_03,in_distribution,figura_ocho,7,10.5,2,2,0.019967441753997044,1.0,0.7,1.0,0.5,1.0,0.19999999999999996,1.0,0.09999999999999998,1.0,0.050000000000000044
CONTROL N=100,100,ID_figura_ocho_03,in_distribution,figura_ocho,8,12.0,2,2,0.023359208280083452,1.0,0.7,1.0,0.5,1.0,0.19999999999999996,1.0,0.09999999999999998,1.0,0.050000000000000044
CONTROL N=100,100,ID_figura_ocho_03,in_distribution,figura_ocho,9,13.5,2,2,0.027232350900021376,1.0,0.7,1.0,0.5,1.0,0.19999999999999996,1.0,0.09999999999999998,1.0,0.050000000000000044
CONTROL N=100,100,ID_figura_ocho_03,in_distribution,figura_ocho,10,15.0,2,2,0.01571664837681125,1.0,0.7,1.0,0.5,1.0,0.19999999999999996,1.0,0.09999999999999998,1.0,0.050000000000000044
CONTROL N=100,100,ID_jerarquico_00,in_distribution,jerarquico,1,0.471266491421797,1,2,0.002004116580543726,1.0,0.7,1.0,0.5,1.0,0.19999999999999996,1.0,0.09999999999999998,1.0,0.050000000000000044
CONTROL N=100,100,ID_jerarquico_00,in_distribution,jerarquico,2,0.942532982843594,1,2,0.0013208344460685058,0.0,0.3,1.0,0.5,1.0,0.19999999999999996,1.0,0.09999999999999998,1.0,0.050000000000000044
CONTROL N=100,100,ID_jerarquico_00,in_distribution,jerarquico,3,1.413799474265391,1,2,0.0013215739987438532,0.0,0.3,0.96,0.45999999999999996,1.0,0.19999999999999996,1.0,0.09999999999999998,1.0,0.050000000000000044
CONTROL N=100,100,ID_jerarquico_00,in_distribution,jerarquico,4,1.8850659656871882,1,2,0.001356517662492375,0.0,0.3,1.0,0.5,1.0,0.19999999999999996,1.0,0.09999999999999998,1.0,0.050000000000000044
CONTROL N=100,100,ID_jerarquico_00,in_distribution,jerarquico,5,2.3563324571089854,1,2,0.0014569426247489383,0.0,0.3,0.88,0.38,1.0,0.19999999999999996,1.0,0.09999999999999998,1.0,0.050000000000000044
CONTROL N=100,100,ID_jerarquico_00,in_distribution,jerarquico,6,2.8275989485307824,1,2,0.0012822955527281518,0.0,0.3,1.0,0.5,1.0,0.19999999999999996,1.0,0.09999999999999998,1.0,0.050000000000000044
CONTROL N=100,100,ID_jerarquico_00,in_distribution,jerarquico,7,3.2988654399525794,1,2,0.0012897118995006996,0.0,0.3,0.76,0.26,1.0,0.19999999999999996,1.0,0.09999999999999998,1.0,0.050000000000000044
CONTROL N=100,100,ID_jerarquico_00,in_distribution,jerarquico,8,3.7701319313743764,1,2,0.0012525476576800674,0.0,0.3,0.96,0.45999999999999996,1.0,0.19999999999999996,1.0,0.09999999999999998,1.0,0.050000000000000044
CONTROL N=100,100,ID_jerarquico_00,in_distribution,jerarquico,9,4.241398422796173,1,2,0.0013422370339190805,0.0,0.3,0.8,0.30000000000000004,1.0,0.19999999999999996,1.0,0.09999999999999998,1.0,0.050000000000000044
CONTROL N=100,100,ID_jerarquico_00,in_distribution,jerarquico,10,4.71266491421797,1,2,0.0013318098220518127,0.0,0.3,1.0,0.5,1.0,0.19999999999999996,1.0,0.09999999999999998,1.0,0.050000000000000044
CONTROL N=100,100,ID_jerarquico_01,in_distribution,jerarquico,1,0.4416475528509517,1,2,0.0021743180249423925,1.0,0.7,1.0,0.5,1.0,0.19999999999999996,1.0,0.09999999999999998,1.0,0.050000000000000044
CONTROL N=100,100,ID_jerarquico_01,in_distribution,jerarquico,2,0.8832951057019034,1,2,0.0011860228171801674,0.8,0.5,1.0,0.5,1.0,0.19999999999999996,1.0,0.09999999999999998,1.0,0.050000000000000044
CONTROL N=100,100,ID_jerarquico_01,in_distribution,jerarquico,3,1.324942658552855,1,2,0.0009279995460189661,0.04,0.26,0.56,0.06000000000000005,1.0,0.19999999999999996,1.0,0.09999999999999998,1.0,0.050000000000000044
CONTROL N=100,100,ID_jerarquico_01,in_distribution,jerarquico,4,1.7665902114038068,1,2,0.001165219734745256,0.52,0.22000000000000003,1.0,0.5,1.0,0.19999999999999996,1.0,0.09999999999999998,1.0,0.050000000000000044
CONTROL N=100,100,ID_jerarquico_01,in_distribution,jerarquico,5,2.2082377642547586,1,2,0.0009405651763975962,0.0,0.3,0.76,0.26,1.0,0.19999999999999996,1.0,0.09999999999999998,1.0,0.050000000000000044
CONTROL N=100,100,ID_jerarquico_01,in_distribution,jerarquico,6,2.6498853171057104,1,2,0.001168541858378765,0.48,0.18,1.0,0.5,1.0,0.19999999999999996,1.0,0.09999999999999998,1.0,0.050000000000000044
CONTROL N=100,100,ID_jerarquico_01,in_distribution,jerarquico,7,3.0915328699566618,1,2,0.0009180913367186459,0.0,0.3,0.36,0.14,1.0,0.19999999999999996,1.0,0.09999999999999998,1.0,0.050000000000000044
CONTROL N=100,100,ID_jerarquico_01,in_distribution,jerarquico,8,3.5331804228076136,1,2,0.0012007882946474438,0.44,0.14,1.0,0.5,1.0,0.19999999999999996,1.0,0.09999999999999998,1.0,0.050000000000000044
CONTROL N=100,100,ID_jerarquico_01,in_distribution,jerarquico,9,3.9748279756585654,1,2,0.0008897607195735065,0.0,0.3,0.04,0.46,1.0,0.19999999999999996,1.0,0.09999999999999998,1.0,0.050000000000000044
CONTROL N=100,100,ID_jerarquico_01,in_distribution,jerarquico,10,4.416475528509517,1,2,0.001199539113779684,0.28,0.019999999999999962,1.0,0.5,1.0,0.19999999999999996,1.0,0.09999999999999998,1.0,0.050000000000000044
CONTROL N=100,100,ID_jerarquico_02,in_distribution,jerarquico,1,0.36917309782390384,1,2,0.00217592239956079,0.8,0.5,1.0,0.5,1.0,0.19999999999999996,1.0,0.09999999999999998,1.0,0.050000000000000044
CONTROL N=100,100,ID_jerarquico_02,in_distribution,jerarquico,2,0.7383461956478077,1,2,0.0016945496656691323,0.0,0.3,0.04,0.46,1.0,0.19999999999999996,1.0,0.09999999999999998,1.0,0.050000000000000044
CONTROL N=100,100,ID_jerarquico_02,in_distribution,jerarquico,3,1.1075192934717115,1,2,0.0014413864325511876,0.84,0.54,1.0,0.5,1.0,0.19999999999999996,1.0,0.09999999999999998,1.0,0.050000000000000044
CONTROL N=100,100,ID_jerarquico_02,in_distribution,jerarquico,4,1.4766923912956154,1,2,0.0015589134876811258,0.0,0.3,0.0,0.5,1.0,0.19999999999999996,1.0,0.09999999999999998,1.0,0.050000000000000044
CONTROL N=100,100,ID_jerarquico_02,in_distribution,jerarquico,5,1.8458654891195192,1,2,0.0014309391827082428,0.32,0.020000000000000018,1.0,0.5,1.0,0.19999999999999996,1.0,0.09999999999999998,1.0,0.050000000000000044
CONTROL N=100,100,ID_jerarquico_02,in_distribution,jerarquico,6,2.215038586943423,1,2,0.0015546962602921762,0.0,0.3,0.04,0.46,1.0,0.19999999999999996,1.0,0.09999999999999998,1.0,0.050000000000000044
CONTROL N=100,100,ID_jerarquico_02,in_distribution,jerarquico,7,2.584211684767327,1,2,0.0016120920867011294,0.0,0.3,1.0,0.5,1.0,0.19999999999999996,1.0,0.09999999999999998,1.0,0.050000000000000044
CONTROL N=100,100,ID_jerarquico_02,in_distribution,jerarquico,8,2.9533847825912307,1,2,0.0015874299414712215,0.0,0.3,0.08,0.42,1.0,0.19999999999999996,1.0,0.09999999999999998,1.0,0.050000000000000044
CONTROL N=100,100,ID_jerarquico_02,in_distribution,jerarquico,9,3.3225578804151343,1,2,0.0016625633015503484,0.0,0.3,1.0,0.5,1.0,0.19999999999999996,1.0,0.09999999999999998,1.0,0.050000000000000044
CONTROL N=100,100,ID_jerarquico_02,in_distribution,jerarquico,10,3.6917309782390384,1,2,0.001582229129567356,0.0,0.3,0.08,0.42,1.0,0.19999999999999996,1.0,0.09999999999999998,1.0,0.050000000000000044
CONTROL N=100,100,ID_jerarquico_03,in_distribution,jerarquico,1,0.4524831053122072,1,2,0.002033087522830902,0.44,0.14,1.0,0.5,1.0,0.19999999999999996,1.0,0.09999999999999998,1.0,0.050000000000000044
CONTROL N=100,100,ID_jerarquico_03,in_distribution,jerarquico,2,0.9049662106244144,1,2,0.0013593408253110334,1.0,0.7,1.0,0.5,1.0,0.19999999999999996,1.0,0.09999999999999998,1.0,0.050000000000000044
CONTROL N=100,100,ID_jerarquico_03,in_distribution,jerarquico,3,1.3574493159366217,1,2,0.001295424404484112,0.08,0.21999999999999997,0.88,0.38,1.0,0.19999999999999996,1.0,0.09999999999999998,1.0,0.050000000000000044
CONTROL N=100,100,ID_jerarquico_03,in_distribution,jerarquico,4,1.8099324212488288,1,2,0.001218299322999193,1.0,0.7,1.0,0.5,1.0,0.19999999999999996,1.0,0.09999999999999998,1.0,0.050000000000000044
CONTROL N=100,100,ID_jerarquico_03,in_distribution,jerarquico,5,2.262415526561036,1,2,0.0014724435334369892,1.0,0.7,1.0,0.5,1.0,0.19999999999999996,1.0,0.09999999999999998,1.0,0.050000000000000044
CONTROL N=100,100,ID_jerarquico_03,in_distribution,jerarquico,6,2.7148986318732433,1,2,0.001205413816552317,1.0,0.7,1.0,0.5,1.0,0.19999999999999996,1.0,0.09999999999999998,1.0,0.050000000000000044
CONTROL N=100,100,ID_jerarquico_03,in_distribution,jerarquico,7,3.1673817371854507,1,2,0.0013374343620742087,1.0,0.7,1.0,0.5,1.0,0.19999999999999996,1.0,0.09999999999999998,1.0,0.050000000000000044
CONTROL N=100,100,ID_jerarquico_03,in_distribution,jerarquico,8,3.6198648424976576,1,2,0.001225001423097018,1.0,0.7,1.0,0.5,1.0,0.19999999999999996,1.0,0.09999999999999998,1.0,0.050000000000000044
CONTROL N=100,100,ID_jerarquico_03,in_distribution,jerarquico,9,4.072347947809865,1,2,0.0027970515550167965,1.0,0.7,1.0,0.5,1.0,0.19999999999999996,1.0,0.09999999999999998,1.0,0.050000000000000044
CONTROL N=100,100,ID_jerarquico_03,in_distribution,jerarquico,10,4.524831053122072,2,2,0.0013289811385287776,0.08,0.21999999999999997,0.84,0.33999999999999997,1.0,0.19999999999999996,1.0,0.09999999999999998,1.0,0.050000000000000044
CONTROL N=100,100,ID_resonancia_00,in_distribution,resonancia,1,0.39678810308029255,1,2,0.006445023909548098,1.0,0.7,1.0,0.5,1.0,0.19999999999999996,1.0,0.09999999999999998,1.0,0.050000000000000044
CONTROL N=100,100,ID_resonancia_00,in_distribution,resonancia,2,0.7935762061605851,2,2,0.006431753917630159,1.0,0.7,1.0,0.5,1.0,0.19999999999999996,1.0,0.09999999999999998,1.0,0.050000000000000044
CONTROL N=100,100,ID_resonancia_00,in_distribution,resonancia,3,1.1903643092408775,2,2,0.02200779615867493,1.0,0.7,1.0,0.5,1.0,0.19999999999999996,1.0,0.09999999999999998,1.0,0.050000000000000044
CONTROL N=100,100,ID_resonancia_00,in_distribution,resonancia,4,1.5871524123211702,1,2,0.002740594677350224,1.0,0.7,1.0,0.5,1.0,0.19999999999999996,1.0,0.09999999999999998,1.0,0.050000000000000044
CONTROL N=100,100,ID_resonancia_00,in_distribution,resonancia,5,1.9839405154014629,1,2,0.0011760025110524564,1.0,0.7,1.0,0.5,1.0,0.19999999999999996,1.0,0.09999999999999998,1.0,0.050000000000000044
CONTROL N=100,100,ID_resonancia_00,in_distribution,resonancia,6,2.3807286184817555,1,2,0.0014114790391623472,1.0,0.7,1.0,0.5,1.0,0.19999999999999996,1.0,0.09999999999999998,1.0,0.050000000000000044
CONTROL N=100,100,ID_resonancia_00,in_distribution,resonancia,7,2.7775167215620478,3,3,0.0003261712509881457,1.0,0.7,1.0,0.5,1.0,0.19999999999999996,1.0,0.09999999999999998,1.0,0.050000000000000044
CONTROL N=100,100,ID_resonancia_00,in_distribution,resonancia,8,3.1743048246423404,2,2,0.004788409813518577,1.0,0.7,1.0,0.5,1.0,0.19999999999999996,1.0,0.09999999999999998,1.0,0.050000000000000044
CONTROL N=100,100,ID_resonancia_00,in_distribution,resonancia,9,3.571092927722633,2,2,0.0008183435167254581,0.92,0.6200000000000001,1.0,0.5,1.0,0.19999999999999996,1.0,0.09999999999999998,1.0,0.050000000000000044
CONTROL N=100,100,ID_resonancia_00,in_distribution,resonancia,10,3.9678810308029258,2,2,0.01618154428819993,0.96,0.6599999999999999,1.0,0.5,1.0,0.19999999999999996,1.0,0.09999999999999998,1.0,0.050000000000000044
CONTROL N=100,100,ID_resonancia_01,in_distribution,resonancia,1,0.43580603477803204,1,2,0.005641100383499951,1.0,0.7,1.0,0.5,1.0,0.19999999999999996,1.0,0.09999999999999998,1.0,0.050000000000000044
CONTROL N=100,100,ID_resonancia_01,in_distribution,resonancia,2,0.8716120695560641,1,2,0.005284101334549318,1.0,0.7,1.0,0.5,1.0,0.19999999999999996,1.0,0.09999999999999998,1.0,0.050000000000000044
CONTROL N=100,100,ID_resonancia_01,in_distribution,resonancia,3,1.3074181043340962,1,2,0.003824360775461969,0.0,0.3,0.52,0.020000000000000018,1.0,0.19999999999999996,1.0,0.09999999999999998,1.0,0.050000000000000044
CONTROL N=100,100,ID_resonancia_01,in_distribution,resonancia,4,1.7432241391121281,1,2,0.004598197184939706,0.44,0.14,1.0,0.5,1.0,0.19999999999999996,1.0,0.09999999999999998,1.0,0.050000000000000044
CONTROL N=100,100,ID_resonancia_01,in_distribution,resonancia,5,2.17903017389016,1,2,0.0021334432491890076,0.0,0.3,0.36,0.14,1.0,0.19999999999999996,1.0,0.09999999999999998,1.0,0.050000000000000044
CONTROL N=100,100,ID_resonancia_01,in_distribution,resonancia,6,2.614836208668192,1,2,0.0004907700690054093,0.0,0.3,0.04,0.46,1.0,0.19999999999999996,1.0,0.09999999999999998,1.0,0.050000000000000044
CONTROL N=100,100,ID_resonancia_01,in_distribution,resonancia,7,3.0506422434462244,1,2,0.0007108128332215062,0.0,0.3,0.4,0.09999999999999998,1.0,0.19999999999999996,1.0,0.09999999999999998,1.0,0.050000000000000044
CONTROL N=100,100,ID_resonancia_01,in_distribution,resonancia,8,3.4864482782242563,1,2,0.001571978069757595,0.0,0.3,0.04,0.46,1.0,0.19999999999999996,1.0,0.09999999999999998,1.0,0.050000000000000044
CONTROL N=100,100,ID_resonancia_01,in_distribution,resonancia,9,3.922254313002288,2,2,0.0012379307678851465,0.0,0.3,0.04,0.46,1.0,0.19999999999999996,1.0,0.09999999999999998,1.0,0.050000000000000044
CONTROL N=100,100,ID_resonancia_01,in_distribution,resonancia,10,4.35806034778032,3,3,0.0001614554329851245,0.0,0.3,0.0,0.5,0.36,0.44000000000000006,1.0,0.09999999999999998,1.0,0.050000000000000044
CONTROL N=100,100,ID_resonancia_02,in_distribution,resonancia,1,0.36225977028621276,1,2,0.006805548416283472,0.0,0.3,0.0,0.5,1.0,0.19999999999999996,1.0,0.09999999999999998,1.0,0.050000000000000044
CONTROL N=100,100,ID_resonancia_02,in_distribution,resonancia,2,0.7245195405724254,2,2,0.01025412031456151,0.0,0.3,1.0,0.5,1.0,0.19999999999999996,1.0,0.09999999999999998,1.0,0.050000000000000044
CONTROL N=100,100,ID_resonancia_02,in_distribution,resonancia,3,1.086779310858638,2,2,0.010466126034475592,1.0,0.7,1.0,0.5,1.0,0.19999999999999996,1.0,0.09999999999999998,1.0,0.050000000000000044
CONTROL N=100,100,ID_resonancia_02,in_distribution,resonancia,4,1.4490390811448508,2,2,0.009715837703219321,1.0,0.7,1.0,0.5,1.0,0.19999999999999996,1.0,0.09999999999999998,1.0,0.050000000000000044
CONTROL N=100,100,ID_resonancia_02,in_distribution,resonancia,5,1.8112988514310635,2,2,0.008405264070813127,1.0,0.7,1.0,0.5,1.0,0.19999999999999996,1.0,0.09999999999999998,1.0,0.050000000000000044
CONTROL N=100,100,ID_resonancia_02,in_distribution,resonancia,6,2.173558621717276,1,2,0.006811953647514693,1.0,0.7,1.0,0.5,1.0,0.19999999999999996,1.0,0.09999999999999998,1.0,0.050000000000000044
CONTROL N=100,100,ID_resonancia_02,in_distribution,resonancia,7,2.535818392003489,1,2,0.003880305121463689,1.0,0.7,1.0,0.5,1.0,0.19999999999999996,1.0,0.09999999999999998,1.0,0.050000000000000044
CONTROL N=100,100,ID_resonancia_02,in_distribution,resonancia,8,2.898078162289702,1,2,0.0014156344252482655,1.0,0.7,1.0,0.5,1.0,0.19999999999999996,1.0,0.09999999999999998,1.0,0.050000000000000044
CONTROL N=100,100,ID_resonancia_02,in_distribution,resonancia,9,3.2603379325759145,1,2,0.003897601423342281,1.0,0.7,1.0,0.5,1.0,0.19999999999999996,1.0,0.09999999999999998,1.0,0.050000000000000044
CONTROL N=100,100,ID_resonancia_02,in_distribution,resonancia,10,3.6225977028621275,1,2,0.007710899373906071,1.0,0.7,1.0,0.5,1.0,0.19999999999999996,1.0,0.09999999999999998,1.0,0.050000000000000044
CONTROL N=100,100,ID_resonancia_03,in_distribution,resonancia,1,0.3923686895518708,2,2,0.0060280780277873905,1.0,0.7,1.0,0.5,1.0,0.19999999999999996,1.0,0.09999999999999998,1.0,0.050000000000000044
CONTROL N=100,100,ID_resonancia_03,in_distribution,resonancia,2,0.7847373791037415,2,2,0.024400621199564335,0.0,0.3,1.0,0.5,1.0,0.19999999999999996,1.0,0.09999999999999998,1.0,0.050000000000000044
CONTROL N=100,100,ID_resonancia_03,in_distribution,resonancia,3,1.1771060686556123,1,2,0.00805833000292564,1.0,0.7,1.0,0.5,1.0,0.19999999999999996,1.0,0.09999999999999998,1.0,0.050000000000000044
CONTROL N=100,100,ID_resonancia_03,in_distribution,resonancia,4,1.569474758207483,1,2,0.005222743328007501,1.0,0.7,1.0,0.5,1.0,0.19999999999999996,1.0,0.09999999999999998,1.0,0.050000000000000044
CONTROL N=100,100,ID_resonancia_03,in_distribution,resonancia,5,1.9618434477593538,2,2,0.014789851892966669,1.0,0.7,1.0,0.5,1.0,0.19999999999999996,1.0,0.09999999999999998,1.0,0.050000000000000044
CONTROL N=100,100,ID_resonancia_03,in_distribution,resonancia,6,2.3542121373112246,2,2,0.013754871579456717,1.0,0.7,1.0,0.5,1.0,0.19999999999999996,1.0,0.09999999999999998,1.0,0.050000000000000044
CONTROL N=100,100,ID_resonancia_03,in_distribution,resonancia,7,2.7465808268630956,1,2,0.006779282675633512,1.0,0.7,1.0,0.5,1.0,0.19999999999999996,1.0,0.09999999999999998,1.0,0.050000000000000044
CONTROL N=100,100,ID_resonancia_03,in_distribution,resonancia,8,3.138949516414966,2,2,0.000717282778719074,0.0,0.3,0.0,0.5,1.0,0.19999999999999996,1.0,0.09999999999999998,1.0,0.050000000000000044
CONTROL N=100,100,ID_resonancia_03,in_distribution,resonancia,9,3.531318205966837,2,2,0.0007431422730354926,0.0,0.3,0.0,0.5,1.0,0.19999999999999996,1.0,0.09999999999999998,1.0,0.050000000000000044
CONTROL N=100,100,ID_resonancia_03,in_distribution,resonancia,10,3.923686895518708,4,4,0.00013121353527965543,0.0,0.3,0.92,0.42000000000000004,1.0,0.19999999999999996,1.0,0.09999999999999998,1.0,0.050000000000000044
CONTROL N=100,100,ID_euler_colineal_00,in_distribution,euler_colineal,1,1.5,1,2,0.005957036396370917,1.0,0.7,1.0,0.5,1.0,0.19999999999999996,1.0,0.09999999999999998,1.0,0.050000000000000044
CONTROL N=100,100,ID_euler_colineal_00,in_distribution,euler_colineal,2,3.0,2,2,9.824786708658539e-05,1.0,0.7,1.0,0.5,1.0,0.19999999999999996,1.0,0.09999999999999998,1.0,0.050000000000000044
CONTROL N=100,100,ID_euler_colineal_00,in_distribution,euler_colineal,3,4.5,2,2,0.0010495238952645143,1.0,0.7,1.0,0.5,1.0,0.19999999999999996,1.0,0.09999999999999998,1.0,0.050000000000000044
CONTROL N=100,100,ID_euler_colineal_00,in_distribution,euler_colineal,4,6.0,3,3,0.0005843815902005708,0.0,0.3,0.08,0.42,0.8,0.0,1.0,0.09999999999999998,1.0,0.050000000000000044
CONTROL N=100,100,ID_euler_colineal_00,in_distribution,euler_colineal,5,7.5,7,7,8.526366203515662e-06,1.0,0.7,1.0,0.5,1.0,0.19999999999999996,1.0,0.09999999999999998,1.0,0.050000000000000044
CONTROL N=100,100,ID_euler_colineal_00,in_distribution,euler_colineal,6,9.0,7,7,0.00033073358683059474,0.0,0.3,0.0,0.5,0.48,0.32000000000000006,0.72,0.18000000000000005,1.0,0.050000000000000044
CONTROL N=100,100,ID_euler_colineal_00,in_distribution,euler_colineal,7,10.5,9,9,3.6344386258745796e-05,0.68,0.38000000000000006,0.76,0.26,0.84,0.039999999999999925,0.88,0.020000000000000018,0.96,0.010000000000000009
CONTROL N=100,100,ID_euler_colineal_00,in_distribution,euler_colineal,8,12.0,8,8,5.513326293994053e-05,0.56,0.26000000000000006,0.64,0.14,0.8,0.0,0.96,0.05999999999999994,1.0,0.050000000000000044
CONTROL N=100,100,ID_euler_colineal_00,in_distribution,euler_colineal,9,13.5,8,8,1.9335090177154515e-05,0.32,0.020000000000000018,0.48,0.020000000000000018,0.88,0.07999999999999996,0.96,0.05999999999999994,0.96,0.010000000000000009
CONTROL N=100,100,ID_euler_colineal_00,in_distribution,euler_colineal,10,15.0,8,8,3.0406849232854704e-06,0.24,0.06,0.52,0.020000000000000018,0.88,0.07999999999999996,0.92,0.020000000000000018,0.96,0.010000000000000009
CONTROL N=100,100,ID_euler_colineal_01,in_distribution,euler_colineal,1,1.5,2,2,0.0011673568734625502,0.0,0.3,1.0,0.5,1.0,0.19999999999999996,1.0,0.09999999999999998,1.0,0.050000000000000044
CONTROL N=100,100,ID_euler_colineal_01,in_distribution,euler_colineal,2,3.0,2,2,0.0017253466808403593,0.0,0.3,0.0,0.5,0.0,0.8,0.0,0.9,1.0,0.050000000000000044
CONTROL N=100,100,ID_euler_colineal_01,in_distribution,euler_colineal,3,4.5,3,3,0.00024766734880948333,0.0,0.3,0.0,0.5,0.0,0.8,0.0,0.9,0.0,0.95
CONTROL N=100,100,ID_euler_colineal_01,in_distribution,euler_colineal,4,6.0,4,4,3.638014969247877e-05,0.0,0.3,0.0,0.5,0.0,0.8,1.0,0.09999999999999998,1.0,0.050000000000000044
CONTROL N=100,100,ID_euler_colineal_01,in_distribution,euler_colineal,5,7.5,5,5,1.2230084353232054e-05,0.0,0.3,0.0,0.5,1.0,0.19999999999999996,1.0,0.09999999999999998,1.0,0.050000000000000044
CONTROL N=100,100,ID_euler_colineal_01,in_distribution,euler_colineal,6,9.0,6,6,0.0001477501719367126,0.0,0.3,1.0,0.5,1.0,0.19999999999999996,1.0,0.09999999999999998,1.0,0.050000000000000044
CONTROL N=100,100,ID_euler_colineal_01,in_distribution,euler_colineal,7,10.5,7,7,3.340320426037692e-05,0.0,0.3,0.04,0.46,1.0,0.19999999999999996,1.0,0.09999999999999998,1.0,0.050000000000000044
CONTROL N=100,100,ID_euler_colineal_01,in_distribution,euler_colineal,8,12.0,7,7,1.3484783927831908e-05,0.56,0.26000000000000006,0.72,0.21999999999999997,0.96,0.15999999999999992,1.0,0.09999999999999998,1.0,0.050000000000000044
CONTROL N=100,100,ID_euler_colineal_01,in_distribution,euler_colineal,9,13.5,6,6,1.979416690168086e-05,0.2,0.09999999999999998,0.44,0.06,0.96,0.15999999999999992,1.0,0.09999999999999998,1.0,0.050000000000000044
CONTROL N=100,100,ID_euler_colineal_01,in_distribution,euler_colineal,10,15.0,6,6,2.053514821144865e-05,0.52,0.22000000000000003,0.6,0.09999999999999998,0.92,0.12,1.0,0.09999999999999998,1.0,0.050000000000000044
CONTROL N=100,100,ID_euler_colineal_02,in_distribution,euler_colineal,1,1.5,1,2,0.0023308172013457563,0.96,0.6599999999999999,1.0,0.5,1.0,0.19999999999999996,1.0,0.09999999999999998,1.0,0.050000000000000044
CONTROL N=100,100,ID_euler_colineal_02,in_distribution,euler_colineal,2,3.0,1,2,0.0008302075142346955,0.0,0.3,0.36,0.14,1.0,0.19999999999999996,1.0,0.09999999999999998,1.0,0.050000000000000044
CONTROL N=100,100,ID_euler_colineal_02,in_distribution,euler_colineal,3,4.5,2,2,0.0027426993240813905,0.0,0.3,0.04,0.46,1.0,0.19999999999999996,1.0,0.09999999999999998,1.0,0.050000000000000044
CONTROL N=100,100,ID_euler_colineal_02,in_distribution,euler_colineal,4,6.0,5,5,5.244517302361398e-06,0.0,0.3,0.0,0.5,1.0,0.19999999999999996,1.0,0.09999999999999998,1.0,0.050000000000000044
CONTROL N=100,100,ID_euler_colineal_02,in_distribution,euler_colineal,5,7.5,5,5,0.00045811401153197093,0.0,0.3,0.0,0.5,0.84,0.039999999999999925,0.88,0.020000000000000018,0.96,0.010000000000000009
CONTROL N=100,100,ID_euler_colineal_02,in_distribution,euler_colineal,6,9.0,7,7,0.00024011509691800205,0.0,0.3,0.08,0.42,0.76,0.040000000000000036,0.88,0.020000000000000018,0.92,0.029999999999999916
CONTROL N=100,100,ID_euler_colineal_02,in_distribution,euler_colineal,7,10.5,8,8,1.295610821844743e-05,0.04,0.26,0.16,0.33999999999999997,0.76,0.040000000000000036,0.96,0.05999999999999994,0.96,0.010000000000000009
CONTROL N=100,100,ID_euler_colineal_02,in_distribution,euler_colineal,8,12.0,8,8,6.111524640889017e-06,0.04,0.26,0.24,0.26,0.8,0.0,1.0,0.09999999999999998,1.0,0.050000000000000044
CONTROL N=100,100,ID_euler_colineal_02,in_distribution,euler_colineal,9,13.5,7,7,6.0941654915417296e-06,0.04,0.26,0.2,0.3,0.88,0.07999999999999996,0.96,0.05999999999999994,0.96,0.010000000000000009
CONTROL N=100,100,ID_euler_colineal_02,in_distribution,euler_colineal,10,15.0,6,6,1.4088076520722677e-05,0.16,0.13999999999999999,0.24,0.26,1.0,0.19999999999999996,1.0,0.09999999999999998,1.0,0.050000000000000044
CONTROL N=100,100,ID_euler_colineal_03,in_distribution,euler_colineal,1,1.5,1,2,0.004668603899645943,1.0,0.7,1.0,0.5,1.0,0.19999999999999996,1.0,0.09999999999999998,1.0,0.050000000000000044
CONTROL N=100,100,ID_euler_colineal_03,in_distribution,euler_colineal,2,3.0,2,2,0.00503453193751132,1.0,0.7,1.0,0.5,1.0,0.19999999999999996,1.0,0.09999999999999998,1.0,0.050000000000000044
CONTROL N=100,100,ID_euler_colineal_03,in_distribution,euler_colineal,3,4.5,3,3,6.591952686506702e-06,1.0,0.7,1.0,0.5,1.0,0.19999999999999996,1.0,0.09999999999999998,1.0,0.050000000000000044
CONTROL N=100,100,ID_euler_colineal_03,in_distribution,euler_colineal,4,6.0,4,4,1.977865443919684e-06,1.0,0.7,1.0,0.5,1.0,0.19999999999999996,1.0,0.09999999999999998,1.0,0.050000000000000044
CONTROL N=100,100,ID_euler_colineal_03,in_distribution,euler_colineal,5,7.5,5,5,1.6249718163667105e-05,1.0,0.7,1.0,0.5,1.0,0.19999999999999996,1.0,0.09999999999999998,1.0,0.050000000000000044
CONTROL N=100,100,ID_euler_colineal_03,in_distribution,euler_colineal,6,9.0,6,6,0.00015246055133037666,0.0,0.3,0.04,0.46,0.84,0.039999999999999925,0.92,0.020000000000000018,0.92,0.029999999999999916
CONTROL N=100,100,ID_euler_colineal_03,in_distribution,euler_colineal,7,10.5,8,8,5.376136815580747e-05,0.16,0.13999999999999999,0.48,0.020000000000000018,0.76,0.040000000000000036,0.96,0.05999999999999994,0.96,0.010000000000000009
CONTROL N=100,100,ID_euler_colineal_03,in_distribution,euler_colineal,8,12.0,8,8,0.00011421461239252504,0.16,0.13999999999999999,0.4,0.09999999999999998,0.76,0.040000000000000036,0.96,0.05999999999999994,1.0,0.050000000000000044
CONTROL N=100,100,ID_euler_colineal_03,in_distribution,euler_colineal,9,13.5,8,8,7.995667084603525e-05,0.44,0.14,0.56,0.06000000000000005,0.72,0.08000000000000007,0.92,0.020000000000000018,0.96,0.010000000000000009
CONTROL N=100,100,ID_euler_colineal_03,in_distribution,euler_colineal,10,15.0,8,8,4.29555829425393e-05,0.28,0.019999999999999962,0.56,0.06000000000000005,0.84,0.039999999999999925,0.88,0.020000000000000018,0.96,0.010000000000000009
CONTROL N=100,100,ID_masas_asimetricas_00,in_distribution,masas_asimetricas,1,0.7047131801114512,1,2,0.0038234683287612123,1.0,0.7,1.0,0.5,1.0,0.19999999999999996,1.0,0.09999999999999998,1.0,0.050000000000000044
CONTROL N=100,100,ID_masas_asimetricas_00,in_distribution,masas_asimetricas,2,1.4094263602229025,1,2,0.007516549846140926,1.0,0.7,1.0,0.5,1.0,0.19999999999999996,1.0,0.09999999999999998,1.0,0.050000000000000044
CONTROL N=100,100,ID_masas_asimetricas_00,in_distribution,masas_asimetricas,3,2.114139540334354,1,2,0.004608387108431711,1.0,0.7,1.0,0.5,1.0,0.19999999999999996,1.0,0.09999999999999998,1.0,0.050000000000000044
CONTROL N=100,100,ID_masas_asimetricas_00,in_distribution,masas_asimetricas,4,2.818852720445805,1,2,0.006639285215991782,1.0,0.7,1.0,0.5,1.0,0.19999999999999996,1.0,0.09999999999999998,1.0,0.050000000000000044
CONTROL N=100,100,ID_masas_asimetricas_00,in_distribution,masas_asimetricas,5,3.523565900557256,1,2,0.005840147459374334,1.0,0.7,1.0,0.5,1.0,0.19999999999999996,1.0,0.09999999999999998,1.0,0.050000000000000044
CONTROL N=100,100,ID_masas_asimetricas_00,in_distribution,masas_asimetricas,6,4.228279080668707,1,2,0.0055932287110348426,1.0,0.7,1.0,0.5,1.0,0.19999999999999996,1.0,0.09999999999999998,1.0,0.050000000000000044
CONTROL N=100,100,ID_masas_asimetricas_00,in_distribution,masas_asimetricas,7,4.932992260780159,1,2,0.0054062673321812,1.0,0.7,1.0,0.5,1.0,0.19999999999999996,1.0,0.09999999999999998,1.0,0.050000000000000044
CONTROL N=100,100,ID_masas_asimetricas_00,in_distribution,masas_asimetricas,8,5.63770544089161,1,2,0.004334385280540644,1.0,0.7,1.0,0.5,1.0,0.19999999999999996,1.0,0.09999999999999998,1.0,0.050000000000000044
CONTROL N=100,100,ID_masas_asimetricas_00,in_distribution,masas_asimetricas,9,6.342418621003061,1,2,0.007831681828412576,1.0,0.7,1.0,0.5,1.0,0.19999999999999996,1.0,0.09999999999999998,1.0,0.050000000000000044
CONTROL N=100,100,ID_masas_asimetricas_00,in_distribution,masas_asimetricas,10,7.047131801114512,1,2,0.003399481033849873,1.0,0.7,1.0,0.5,1.0,0.19999999999999996,1.0,0.09999999999999998,1.0,0.050000000000000044
CONTROL N=100,100,ID_masas_asimetricas_01,in_distribution,masas_asimetricas,1,0.8978404335466046,1,2,0.0053226240894939285,1.0,0.7,1.0,0.5,1.0,0.19999999999999996,1.0,0.09999999999999998,1.0,0.050000000000000044
CONTROL N=100,100,ID_masas_asimetricas_01,in_distribution,masas_asimetricas,2,1.7956808670932092,2,2,0.012060275632749513,0.0,0.3,1.0,0.5,1.0,0.19999999999999996,1.0,0.09999999999999998,1.0,0.050000000000000044
CONTROL N=100,100,ID_masas_asimetricas_01,in_distribution,masas_asimetricas,3,2.6935213006398135,1,2,0.00411197895319786,1.0,0.7,1.0,0.5,1.0,0.19999999999999996,1.0,0.09999999999999998,1.0,0.050000000000000044
CONTROL N=100,100,ID_masas_asimetricas_01,in_distribution,masas_asimetricas,4,3.5913617341864184,2,2,0.00866339154812344,1.0,0.7,1.0,0.5,1.0,0.19999999999999996,1.0,0.09999999999999998,1.0,0.050000000000000044
CONTROL N=100,100,ID_masas_asimetricas_01,in_distribution,masas_asimetricas,5,4.489202167733023,1,2,0.0034932390978171576,1.0,0.7,1.0,0.5,1.0,0.19999999999999996,1.0,0.09999999999999998,1.0,0.050000000000000044
CONTROL N=100,100,ID_masas_asimetricas_01,in_distribution,masas_asimetricas,6,5.387042601279627,1,2,0.0032193934978486578,1.0,0.7,1.0,0.5,1.0,0.19999999999999996,1.0,0.09999999999999998,1.0,0.050000000000000044
CONTROL N=100,100,ID_masas_asimetricas_01,in_distribution,masas_asimetricas,7,6.2848830348262315,1,2,0.0037689340512407203,0.0,0.3,0.28,0.21999999999999997,1.0,0.19999999999999996,1.0,0.09999999999999998,1.0,0.050000000000000044
CONTROL N=100,100,ID_masas_asimetricas_01,in_distribution,masas_asimetricas,8,7.182723468372836,1,2,0.002303684183687575,0.0,0.3,0.52,0.020000000000000018,1.0,0.19999999999999996,1.0,0.09999999999999998,1.0,0.050000000000000044
CONTROL N=100,100,ID_masas_asimetricas_01,in_distribution,masas_asimetricas,9,8.08056390191944,2,2,0.00677107843972134,0.0,0.3,0.0,0.5,1.0,0.19999999999999996,1.0,0.09999999999999998,1.0,0.050000000000000044
CONTROL N=100,100,ID_masas_asimetricas_01,in_distribution,masas_asimetricas,10,8.978404335466045,1,2,0.0022694291494349075,0.0,0.3,0.52,0.020000000000000018,1.0,0.19999999999999996,1.0,0.09999999999999998,1.0,0.050000000000000044
CONTROL N=100,100,ID_masas_asimetricas_02,in_distribution,masas_asimetricas,1,0.7202847052220581,1,2,0.0032574511319573714,1.0,0.7,1.0,0.5,1.0,0.19999999999999996,1.0,0.09999999999999998,1.0,0.050000000000000044
CONTROL N=100,100,ID_masas_asimetricas_02,in_distribution,masas_asimetricas,2,1.4405694104441162,1,2,0.0048050026135993676,1.0,0.7,1.0,0.5,1.0,0.19999999999999996,1.0,0.09999999999999998,1.0,0.050000000000000044
CONTROL N=100,100,ID_masas_asimetricas_02,in_distribution,masas_asimetricas,3,2.1608541156661745,1,2,0.005577527021262042,0.0,0.3,0.52,0.020000000000000018,1.0,0.19999999999999996,1.0,0.09999999999999998,1.0,0.050000000000000044
CONTROL N=100,100,ID_masas_asimetricas_02,in_distribution,masas_asimetricas,4,2.8811388208882325,1,2,0.005575223744758925,0.0,0.3,0.64,0.14,1.0,0.19999999999999996,1.0,0.09999999999999998,1.0,0.050000000000000044
CONTROL N=100,100,ID_masas_asimetricas_02,in_distribution,masas_asimetricas,5,3.6014235261102905,1,2,0.004978565538291577,0.0,0.3,0.6,0.09999999999999998,1.0,0.19999999999999996,1.0,0.09999999999999998,1.0,0.050000000000000044
CONTROL N=100,100,ID_masas_asimetricas_02,in_distribution,masas_asimetricas,6,4.321708231332349,1,2,0.004756095900717675,0.0,0.3,1.0,0.5,1.0,0.19999999999999996,1.0,0.09999999999999998,1.0,0.050000000000000044
CONTROL N=100,100,ID_masas_asimetricas_02,in_distribution,masas_asimetricas,7,5.041992936554407,1,2,0.004816579907759689,0.0,0.3,0.32,0.18,1.0,0.19999999999999996,1.0,0.09999999999999998,1.0,0.050000000000000044
CONTROL N=100,100,ID_masas_asimetricas_02,in_distribution,masas_asimetricas,8,5.762277641776465,1,2,0.0038635385218274434,0.0,0.3,0.96,0.45999999999999996,1.0,0.19999999999999996,1.0,0.09999999999999998,1.0,0.050000000000000044
CONTROL N=100,100,ID_masas_asimetricas_02,in_distribution,masas_asimetricas,9,6.482562346998523,1,2,0.00705312908908827,0.0,0.3,0.96,0.45999999999999996,1.0,0.19999999999999996,1.0,0.09999999999999998,1.0,0.050000000000000044
CONTROL N=100,100,ID_masas_asimetricas_02,in_distribution,masas_asimetricas,10,7.202847052220581,1,2,0.0038088712316019166,0.4,0.10000000000000003,1.0,0.5,1.0,0.19999999999999996,1.0,0.09999999999999998,1.0,0.050000000000000044
CONTROL N=100,100,ID_masas_asimetricas_03,in_distribution,masas_asimetricas,1,0.6831618610175212,1,2,0.0034976670777641873,1.0,0.7,1.0,0.5,1.0,0.19999999999999996,1.0,0.09999999999999998,1.0,0.050000000000000044
CONTROL N=100,100,ID_masas_asimetricas_03,in_distribution,masas_asimetricas,2,1.3663237220350424,1,2,0.005048898847171762,0.96,0.6599999999999999,1.0,0.5,1.0,0.19999999999999996,1.0,0.09999999999999998,1.0,0.050000000000000044
CONTROL N=100,100,ID_masas_asimetricas_03,in_distribution,masas_asimetricas,3,2.0494855830525633,1,2,0.005503745170362896,1.0,0.7,1.0,0.5,1.0,0.19999999999999996,1.0,0.09999999999999998,1.0,0.050000000000000044
CONTROL N=100,100,ID_masas_asimetricas_03,in_distribution,masas_asimetricas,4,2.7326474440700848,1,2,0.0069288004756454195,1.0,0.7,1.0,0.5,1.0,0.19999999999999996,1.0,0.09999999999999998,1.0,0.050000000000000044
CONTROL N=100,100,ID_masas_asimetricas_03,in_distribution,masas_asimetricas,5,3.415809305087606,1,2,0.005944716491334454,1.0,0.7,1.0,0.5,1.0,0.19999999999999996,1.0,0.09999999999999998,1.0,0.050000000000000044
CONTROL N=100,100,ID_masas_asimetricas_03,in_distribution,masas_asimetricas,6,4.098971166105128,1,2,0.006170321509002929,1.0,0.7,1.0,0.5,1.0,0.19999999999999996,1.0,0.09999999999999998,1.0,0.050000000000000044
CONTROL N=100,100,ID_masas_asimetricas_03,in_distribution,masas_asimetricas,7,4.782133027122648,1,2,0.006713150092843493,1.0,0.7,1.0,0.5,1.0,0.19999999999999996,1.0,0.09999999999999998,1.0,0.050000000000000044
CONTROL N=100,100,ID_masas_asimetricas_03,in_distribution,masas_asimetricas,8,5.4652948881401695,1,2,0.004044517721815512,1.0,0.7,1.0,0.5,1.0,0.19999999999999996,1.0,0.09999999999999998,1.0,0.050000000000000044
CONTROL N=100,100,ID_masas_asimetricas_03,in_distribution,masas_asimetricas,9,6.148456749157691,1,2,0.008235791481198173,1.0,0.7,1.0,0.5,1.0,0.19999999999999996,1.0,0.09999999999999998,1.0,0.050000000000000044
CONTROL N=100,100,ID_masas_asimetricas_03,in_distribution,masas_asimetricas,10,6.831618610175212,1,2,0.00312860721894021,1.0,0.7,1.0,0.5,1.0,0.19999999999999996,1.0,0.09999999999999998,1.0,0.050000000000000044
CONTROL N=100,100,OOD_NEAR_figura_ocho_00,ood_near,figura_ocho,1,1.5,2,2,0.01177211701372991,1.0,0.7,1.0,0.5,1.0,0.19999999999999996,1.0,0.09999999999999998,1.0,0.050000000000000044
CONTROL N=100,100,OOD_NEAR_figura_ocho_00,ood_near,figura_ocho,2,3.0,2,2,0.014920067315345583,1.0,0.7,1.0,0.5,1.0,0.19999999999999996,1.0,0.09999999999999998,1.0,0.050000000000000044
CONTROL N=100,100,OOD_NEAR_figura_ocho_00,ood_near,figura_ocho,3,4.5,2,2,0.023498127859104788,0.0,0.3,0.04,0.46,1.0,0.19999999999999996,1.0,0.09999999999999998,1.0,0.050000000000000044
CONTROL N=100,100,OOD_NEAR_figura_ocho_00,ood_near,figura_ocho,4,6.0,2,2,0.01404311322850478,0.0,0.3,0.72,0.21999999999999997,1.0,0.19999999999999996,1.0,0.09999999999999998,1.0,0.050000000000000044
CONTROL N=100,100,OOD_NEAR_figura_ocho_00,ood_near,figura_ocho,5,7.5,2,2,0.021914746321581302,0.0,0.3,1.0,0.5,1.0,0.19999999999999996,1.0,0.09999999999999998,1.0,0.050000000000000044
CONTROL N=100,100,OOD_NEAR_figura_ocho_00,ood_near,figura_ocho,6,9.0,2,2,0.014099817123494169,0.04,0.26,1.0,0.5,1.0,0.19999999999999996,1.0,0.09999999999999998,1.0,0.050000000000000044
CONTROL N=100,100,OOD_NEAR_figura_ocho_00,ood_near,figura_ocho,7,10.5,2,2,0.022009143229493714,0.0,0.3,0.24,0.26,1.0,0.19999999999999996,1.0,0.09999999999999998,1.0,0.050000000000000044
CONTROL N=100,100,OOD_NEAR_figura_ocho_00,ood_near,figura_ocho,8,12.0,2,2,0.016375464115561043,0.68,0.38000000000000006,1.0,0.5,1.0,0.19999999999999996,1.0,0.09999999999999998,1.0,0.050000000000000044
CONTROL N=100,100,OOD_NEAR_figura_ocho_00,ood_near,figura_ocho,9,13.5,2,2,0.01682139777252766,0.0,0.3,1.0,0.5,1.0,0.19999999999999996,1.0,0.09999999999999998,1.0,0.050000000000000044
CONTROL N=100,100,OOD_NEAR_figura_ocho_00,ood_near,figura_ocho,10,15.0,3,3,0.004290788914079039,1.0,0.7,1.0,0.5,1.0,0.19999999999999996,1.0,0.09999999999999998,1.0,0.050000000000000044
CONTROL N=100,100,OOD_NEAR_figura_ocho_01,ood_near,figura_ocho,1,1.5,2,2,0.011334452405848267,1.0,0.7,1.0,0.5,1.0,0.19999999999999996,1.0,0.09999999999999998,1.0,0.050000000000000044
CONTROL N=100,100,OOD_NEAR_figura_ocho_01,ood_near,figura_ocho,2,3.0,3,3,0.0025028106150359053,1.0,0.7,1.0,0.5,1.0,0.19999999999999996,1.0,0.09999999999999998,1.0,0.050000000000000044
CONTROL N=100,100,OOD_NEAR_figura_ocho_01,ood_near,figura_ocho,3,4.5,2,2,0.023638868460158818,1.0,0.7,1.0,0.5,1.0,0.19999999999999996,1.0,0.09999999999999998,1.0,0.050000000000000044
CONTROL N=100,100,OOD_NEAR_figura_ocho_01,ood_near,figura_ocho,4,6.0,2,2,0.012383461752822353,1.0,0.7,1.0,0.5,1.0,0.19999999999999996,1.0,0.09999999999999998,1.0,0.050000000000000044
CONTROL N=100,100,OOD_NEAR_figura_ocho_01,ood_near,figura_ocho,5,7.5,2,2,0.01888421124792079,1.0,0.7,1.0,0.5,1.0,0.19999999999999996,1.0,0.09999999999999998,1.0,0.050000000000000044
CONTROL N=100,100,OOD_NEAR_figura_ocho_01,ood_near,figura_ocho,6,9.0,2,2,0.019089704067091318,1.0,0.7,1.0,0.5,1.0,0.19999999999999996,1.0,0.09999999999999998,1.0,0.050000000000000044
CONTROL N=100,100,OOD_NEAR_figura_ocho_01,ood_near,figura_ocho,7,10.5,2,2,0.01600615228363681,0.12,0.18,1.0,0.5,1.0,0.19999999999999996,1.0,0.09999999999999998,1.0,0.050000000000000044
CONTROL N=100,100,OOD_NEAR_figura_ocho_01,ood_near,figura_ocho,8,12.0,2,2,0.014759004915527712,1.0,0.7,1.0,0.5,1.0,0.19999999999999996,1.0,0.09999999999999998,1.0,0.050000000000000044
CONTROL N=100,100,OOD_NEAR_figura_ocho_01,ood_near,figura_ocho,9,13.5,2,2,0.01819308562828638,1.0,0.7,1.0,0.5,1.0,0.19999999999999996,1.0,0.09999999999999998,1.0,0.050000000000000044
CONTROL N=100,100,OOD_NEAR_figura_ocho_01,ood_near,figura_ocho,10,15.0,2,2,0.018770901552454852,0.56,0.26000000000000006,1.0,0.5,1.0,0.19999999999999996,1.0,0.09999999999999998,1.0,0.050000000000000044
CONTROL N=100,100,OOD_NEAR_figura_ocho_02,ood_near,figura_ocho,1,1.5,4,4,0.0004172230521240679,1.0,0.7,1.0,0.5,1.0,0.19999999999999996,1.0,0.09999999999999998,1.0,0.050000000000000044
CONTROL N=100,100,OOD_NEAR_figura_ocho_02,ood_near,figura_ocho,2,3.0,2,2,0.009612552234555448,1.0,0.7,1.0,0.5,1.0,0.19999999999999996,1.0,0.09999999999999998,1.0,0.050000000000000044
CONTROL N=100,100,OOD_NEAR_figura_ocho_02,ood_near,figura_ocho,3,4.5,2,2,0.023317035430470208,1.0,0.7,1.0,0.5,1.0,0.19999999999999996,1.0,0.09999999999999998,1.0,0.050000000000000044
CONTROL N=100,100,OOD_NEAR_figura_ocho_02,ood_near,figura_ocho,4,6.0,2,2,0.009802404037708537,0.16,0.13999999999999999,1.0,0.5,1.0,0.19999999999999996,1.0,0.09999999999999998,1.0,0.050000000000000044
CONTROL N=100,100,OOD_NEAR_figura_ocho_02,ood_near,figura_ocho,5,7.5,2,2,0.01832186581588154,0.2,0.09999999999999998,1.0,0.5,1.0,0.19999999999999996,1.0,0.09999999999999998,1.0,0.050000000000000044
CONTROL N=100,100,OOD_NEAR_figura_ocho_02,ood_near,figura_ocho,6,9.0,2,2,0.009902473806062802,1.0,0.7,1.0,0.5,1.0,0.19999999999999996,1.0,0.09999999999999998,1.0,0.050000000000000044
CONTROL N=100,100,OOD_NEAR_figura_ocho_02,ood_near,figura_ocho,7,10.5,2,2,0.014597615767309537,0.68,0.38000000000000006,1.0,0.5,1.0,0.19999999999999996,1.0,0.09999999999999998,1.0,0.050000000000000044
CONTROL N=100,100,OOD_NEAR_figura_ocho_02,ood_near,figura_ocho,8,12.0,2,2,0.010008440167348073,0.76,0.46,1.0,0.5,1.0,0.19999999999999996,1.0,0.09999999999999998,1.0,0.050000000000000044
CONTROL N=100,100,OOD_NEAR_figura_ocho_02,ood_near,figura_ocho,9,13.5,2,2,0.013593891829105384,0.0,0.3,1.0,0.5,1.0,0.19999999999999996,1.0,0.09999999999999998,1.0,0.050000000000000044
CONTROL N=100,100,OOD_NEAR_figura_ocho_02,ood_near,figura_ocho,10,15.0,2,2,0.01777355237574024,1.0,0.7,1.0,0.5,1.0,0.19999999999999996,1.0,0.09999999999999998,1.0,0.050000000000000044
CONTROL N=100,100,OOD_NEAR_figura_ocho_03,ood_near,figura_ocho,1,1.5,4,4,0.0003611819742780506,1.0,0.7,1.0,0.5,1.0,0.19999999999999996,1.0,0.09999999999999998,1.0,0.050000000000000044
CONTROL N=100,100,OOD_NEAR_figura_ocho_03,ood_near,figura_ocho,2,3.0,2,2,0.013395582095470086,1.0,0.7,1.0,0.5,1.0,0.19999999999999996,1.0,0.09999999999999998,1.0,0.050000000000000044
CONTROL N=100,100,OOD_NEAR_figura_ocho_03,ood_near,figura_ocho,3,4.5,2,2,0.01694885826448873,1.0,0.7,1.0,0.5,1.0,0.19999999999999996,1.0,0.09999999999999998,1.0,0.050000000000000044
CONTROL N=100,100,OOD_NEAR_figura_ocho_03,ood_near,figura_ocho,4,6.0,2,2,0.01630683296288567,1.0,0.7,1.0,0.5,1.0,0.19999999999999996,1.0,0.09999999999999998,1.0,0.050000000000000044
CONTROL N=100,100,OOD_NEAR_figura_ocho_03,ood_near,figura_ocho,5,7.5,2,2,0.018701295142145802,1.0,0.7,1.0,0.5,1.0,0.19999999999999996,1.0,0.09999999999999998,1.0,0.050000000000000044
CONTROL N=100,100,OOD_NEAR_figura_ocho_03,ood_near,figura_ocho,6,9.0,2,2,0.021295979943093866,1.0,0.7,1.0,0.5,1.0,0.19999999999999996,1.0,0.09999999999999998,1.0,0.050000000000000044
CONTROL N=100,100,OOD_NEAR_figura_ocho_03,ood_near,figura_ocho,7,10.5,2,2,0.016842582183645344,1.0,0.7,1.0,0.5,1.0,0.19999999999999996,1.0,0.09999999999999998,1.0,0.050000000000000044
CONTROL N=100,100,OOD_NEAR_figura_ocho_03,ood_near,figura_ocho,8,12.0,2,2,0.014763281183399002,1.0,0.7,1.0,0.5,1.0,0.19999999999999996,1.0,0.09999999999999998,1.0,0.050000000000000044
CONTROL N=100,100,OOD_NEAR_figura_ocho_03,ood_near,figura_ocho,9,13.5,2,2,0.017992579948022107,1.0,0.7,1.0,0.5,1.0,0.19999999999999996,1.0,0.09999999999999998,1.0,0.050000000000000044
CONTROL N=100,100,OOD_NEAR_figura_ocho_03,ood_near,figura_ocho,10,15.0,2,2,0.02083184525048415,1.0,0.7,1.0,0.5,1.0,0.19999999999999996,1.0,0.09999999999999998,1.0,0.050000000000000044
CONTROL N=100,100,OOD_NEAR_jerarquico_00,ood_near,jerarquico,1,0.45710320032053564,1,2,0.0023422323170233083,1.0,0.7,1.0,0.5,1.0,0.19999999999999996,1.0,0.09999999999999998,1.0,0.050000000000000044
CONTROL N=100,100,OOD_NEAR_jerarquico_00,ood_near,jerarquico,2,0.9142064006410713,1,2,0.0012164290726131928,1.0,0.7,1.0,0.5,1.0,0.19999999999999996,1.0,0.09999999999999998,1.0,0.050000000000000044
CONTROL N=100,100,OOD_NEAR_jerarquico_00,ood_near,jerarquico,3,1.371309600961607,1,2,0.0013393888767973608,1.0,0.7,1.0,0.5,1.0,0.19999999999999996,1.0,0.09999999999999998,1.0,0.050000000000000044
CONTROL N=100,100,OOD_NEAR_jerarquico_00,ood_near,jerarquico,4,1.8284128012821426,1,2,0.0010730951801090714,0.92,0.6200000000000001,1.0,0.5,1.0,0.19999999999999996,1.0,0.09999999999999998,1.0,0.050000000000000044
CONTROL N=100,100,OOD_NEAR_jerarquico_00,ood_near,jerarquico,5,2.2855160016026783,1,2,0.001023961468074445,1.0,0.7,1.0,0.5,1.0,0.19999999999999996,1.0,0.09999999999999998,1.0,0.050000000000000044
CONTROL N=100,100,OOD_NEAR_jerarquico_00,ood_near,jerarquico,6,2.742619201923214,1,2,0.0010774393023017647,0.88,0.5800000000000001,1.0,0.5,1.0,0.19999999999999996,1.0,0.09999999999999998,1.0,0.050000000000000044
CONTROL N=100,100,OOD_NEAR_jerarquico_00,ood_near,jerarquico,7,3.19972240224375,1,2,0.0010455466985891133,1.0,0.7,1.0,0.5,1.0,0.19999999999999996,1.0,0.09999999999999998,1.0,0.050000000000000044
CONTROL N=100,100,OOD_NEAR_jerarquico_00,ood_near,jerarquico,8,3.6568256025642856,1,2,0.0010629134540206377,0.88,0.5800000000000001,1.0,0.5,1.0,0.19999999999999996,1.0,0.09999999999999998,1.0,0.050000000000000044
CONTROL N=100,100,OOD_NEAR_jerarquico_00,ood_near,jerarquico,9,4.113928802884821,1,2,0.0010614509323448454,0.84,0.54,1.0,0.5,1.0,0.19999999999999996,1.0,0.09999999999999998,1.0,0.050000000000000044
CONTROL N=100,100,OOD_NEAR_jerarquico_00,ood_near,jerarquico,10,4.571032003205357,1,2,0.0017175143337384321,1.0,0.7,1.0,0.5,1.0,0.19999999999999996,1.0,0.09999999999999998,1.0,0.050000000000000044
CONTROL N=100,100,OOD_NEAR_jerarquico_01,ood_near,jerarquico,1,0.47180831053552214,1,2,0.0020594505625683287,1.0,0.7,1.0,0.5,1.0,0.19999999999999996,1.0,0.09999999999999998,1.0,0.050000000000000044
CONTROL N=100,100,OOD_NEAR_jerarquico_01,ood_near,jerarquico,2,0.9436166210710444,1,2,0.0013911335292528613,1.0,0.7,1.0,0.5,1.0,0.19999999999999996,1.0,0.09999999999999998,1.0,0.050000000000000044
CONTROL N=100,100,OOD_NEAR_jerarquico_01,ood_near,jerarquico,3,1.4154249316065666,1,2,0.0011770779908355522,1.0,0.7,1.0,0.5,1.0,0.19999999999999996,1.0,0.09999999999999998,1.0,0.050000000000000044
CONTROL N=100,100,OOD_NEAR_jerarquico_01,ood_near,jerarquico,4,1.8872332421420888,1,2,0.0013406623616261217,1.0,0.7,1.0,0.5,1.0,0.19999999999999996,1.0,0.09999999999999998,1.0,0.050000000000000044
CONTROL N=100,100,OOD_NEAR_jerarquico_01,ood_near,jerarquico,5,2.3590415526776107,1,2,0.0012502923529615865,1.0,0.7,1.0,0.5,1.0,0.19999999999999996,1.0,0.09999999999999998,1.0,0.050000000000000044
CONTROL N=100,100,OOD_NEAR_jerarquico_01,ood_near,jerarquico,6,2.8308498632131327,1,2,0.0012761142950214466,1.0,0.7,1.0,0.5,1.0,0.19999999999999996,1.0,0.09999999999999998,1.0,0.050000000000000044
CONTROL N=100,100,OOD_NEAR_jerarquico_01,ood_near,jerarquico,7,3.302658173748655,1,2,0.0013346967810758405,1.0,0.7,1.0,0.5,1.0,0.19999999999999996,1.0,0.09999999999999998,1.0,0.050000000000000044
CONTROL N=100,100,OOD_NEAR_jerarquico_01,ood_near,jerarquico,8,3.7744664842841775,1,2,0.004706455755807167,1.0,0.7,1.0,0.5,1.0,0.19999999999999996,1.0,0.09999999999999998,1.0,0.050000000000000044
CONTROL N=100,100,OOD_NEAR_jerarquico_01,ood_near,jerarquico,9,4.2462747948196995,2,2,0.0027463890564195345,1.0,0.7,1.0,0.5,1.0,0.19999999999999996,1.0,0.09999999999999998,1.0,0.050000000000000044
CONTROL N=100,100,OOD_NEAR_jerarquico_01,ood_near,jerarquico,10,4.7180831053552215,2,2,0.002415793196976778,1.0,0.7,1.0,0.5,1.0,0.19999999999999996,1.0,0.09999999999999998,1.0,0.050000000000000044
CONTROL N=100,100,OOD_NEAR_jerarquico_02,ood_near,jerarquico,1,0.44422507837791325,1,2,0.0017598570278525877,0.0,0.3,0.04,0.46,1.0,0.19999999999999996,1.0,0.09999999999999998,1.0,0.050000000000000044
CONTROL N=100,100,OOD_NEAR_jerarquico_02,ood_near,jerarquico,2,0.8884501567558265,1,2,0.0015880752444173167,1.0,0.7,1.0,0.5,1.0,0.19999999999999996,1.0,0.09999999999999998,1.0,0.050000000000000044
CONTROL N=100,100,OOD_NEAR_jerarquico_02,ood_near,jerarquico,3,1.3326752351337396,1,2,0.0012193064611931335,0.04,0.26,0.96,0.45999999999999996,1.0,0.19999999999999996,1.0,0.09999999999999998,1.0,0.050000000000000044
CONTROL N=100,100,OOD_NEAR_jerarquico_02,ood_near,jerarquico,4,1.776900313511653,1,2,0.0015134183337553381,1.0,0.7,1.0,0.5,1.0,0.19999999999999996,1.0,0.09999999999999998,1.0,0.050000000000000044
CONTROL N=100,100,OOD_NEAR_jerarquico_02,ood_near,jerarquico,5,2.2211253918895664,1,2,0.0017516010381742216,0.92,0.6200000000000001,1.0,0.5,1.0,0.19999999999999996,1.0,0.09999999999999998,1.0,0.050000000000000044
CONTROL N=100,100,OOD_NEAR_jerarquico_02,ood_near,jerarquico,6,2.6653504702674797,1,2,0.0014854962552754024,1.0,0.7,1.0,0.5,1.0,0.19999999999999996,1.0,0.09999999999999998,1.0,0.050000000000000044
CONTROL N=100,100,OOD_NEAR_jerarquico_02,ood_near,jerarquico,7,3.1095755486453927,1,2,0.0015944943314963257,0.48,0.18,1.0,0.5,1.0,0.19999999999999996,1.0,0.09999999999999998,1.0,0.050000000000000044
CONTROL N=100,100,OOD_NEAR_jerarquico_02,ood_near,jerarquico,8,3.553800627023306,1,2,0.0014523397913979769,1.0,0.7,1.0,0.5,1.0,0.19999999999999996,1.0,0.09999999999999998,1.0,0.050000000000000044
CONTROL N=100,100,OOD_NEAR_jerarquico_02,ood_near,jerarquico,9,3.9980257054012194,1,2,0.0015054831167607653,0.36,0.06,1.0,0.5,1.0,0.19999999999999996,1.0,0.09999999999999998,1.0,0.050000000000000044
CONTROL N=100,100,OOD_NEAR_jerarquico_02,ood_near,jerarquico,10,4.442250783779133,1,2,0.0014355137165616577,1.0,0.7,1.0,0.5,1.0,0.19999999999999996,1.0,0.09999999999999998,1.0,0.050000000000000044
CONTROL N=100,100,OOD_NEAR_jerarquico_03,ood_near,jerarquico,1,0.4649910083877734,1,2,0.0021775348843564666,0.0,0.3,0.44,0.06,1.0,0.19999999999999996,1.0,0.09999999999999998,1.0,0.050000000000000044
CONTROL N=100,100,OOD_NEAR_jerarquico_03,ood_near,jerarquico,2,0.9299820167755468,1,2,0.0012399379912364154,1.0,0.7,1.0,0.5,1.0,0.19999999999999996,1.0,0.09999999999999998,1.0,0.050000000000000044
CONTROL N=100,100,OOD_NEAR_jerarquico_03,ood_near,jerarquico,3,1.3949730251633201,1,2,0.0012696196605702522,1.0,0.7,1.0,0.5,1.0,0.19999999999999996,1.0,0.09999999999999998,1.0,0.050000000000000044
CONTROL N=100,100,OOD_NEAR_jerarquico_03,ood_near,jerarquico,4,1.8599640335510936,1,2,0.001142491777236054,1.0,0.7,1.0,0.5,1.0,0.19999999999999996,1.0,0.09999999999999998,1.0,0.050000000000000044
CONTROL N=100,100,OOD_NEAR_jerarquico_03,ood_near,jerarquico,5,2.324955041938867,1,2,0.0012294542015822113,1.0,0.7,1.0,0.5,1.0,0.19999999999999996,1.0,0.09999999999999998,1.0,0.050000000000000044
CONTROL N=100,100,OOD_NEAR_jerarquico_03,ood_near,jerarquico,6,2.7899460503266407,1,2,0.0010992856091524208,1.0,0.7,1.0,0.5,1.0,0.19999999999999996,1.0,0.09999999999999998,1.0,0.050000000000000044
CONTROL N=100,100,OOD_NEAR_jerarquico_03,ood_near,jerarquico,7,3.2549370587144137,1,2,0.0013717514721379267,1.0,0.7,1.0,0.5,1.0,0.19999999999999996,1.0,0.09999999999999998,1.0,0.050000000000000044
CONTROL N=100,100,OOD_NEAR_jerarquico_03,ood_near,jerarquico,8,3.7199280671021873,1,2,0.0021215755018472392,1.0,0.7,1.0,0.5,1.0,0.19999999999999996,1.0,0.09999999999999998,1.0,0.050000000000000044
CONTROL N=100,100,OOD_NEAR_jerarquico_03,ood_near,jerarquico,9,4.184919075489961,1,2,0.0024835202295918086,1.0,0.7,1.0,0.5,1.0,0.19999999999999996,1.0,0.09999999999999998,1.0,0.050000000000000044
CONTROL N=100,100,OOD_NEAR_jerarquico_03,ood_near,jerarquico,10,4.649910083877734,2,2,0.0009907239489089059,1.0,0.7,1.0,0.5,1.0,0.19999999999999996,1.0,0.09999999999999998,1.0,0.050000000000000044
CONTROL N=100,100,OOD_NEAR_resonancia_00,ood_near,resonancia,1,0.34007061815226963,2,2,0.010711825842928997,1.0,0.7,1.0,0.5,1.0,0.19999999999999996,1.0,0.09999999999999998,1.0,0.050000000000000044
CONTROL N=100,100,OOD_NEAR_resonancia_00,ood_near,resonancia,2,0.6801412363045393,1,2,0.005513150230533644,1.0,0.7,1.0,0.5,1.0,0.19999999999999996,1.0,0.09999999999999998,1.0,0.050000000000000044
CONTROL N=100,100,OOD_NEAR_resonancia_00,ood_near,resonancia,3,1.0202118544568088,2,2,0.0016594574507458023,0.96,0.6599999999999999,1.0,0.5,1.0,0.19999999999999996,1.0,0.09999999999999998,1.0,0.050000000000000044
CONTROL N=100,100,OOD_NEAR_resonancia_00,ood_near,resonancia,4,1.3602824726090785,2,2,5.825282015406234e-05,0.72,0.42,1.0,0.5,1.0,0.19999999999999996,1.0,0.09999999999999998,1.0,0.050000000000000044
CONTROL N=100,100,OOD_NEAR_resonancia_00,ood_near,resonancia,5,1.7003530907613482,2,2,0.00048006624993185827,0.0,0.3,0.0,0.5,1.0,0.19999999999999996,1.0,0.09999999999999998,1.0,0.050000000000000044
CONTROL N=100,100,OOD_NEAR_resonancia_00,ood_near,resonancia,6,2.0404237089136177,3,3,4.439177368564668e-05,0.0,0.3,0.0,0.5,1.0,0.19999999999999996,1.0,0.09999999999999998,1.0,0.050000000000000044
CONTROL N=100,100,OOD_NEAR_resonancia_00,ood_near,resonancia,7,2.3804943270658874,4,4,1.5381785474390975e-05,0.0,0.3,0.0,0.5,1.0,0.19999999999999996,1.0,0.09999999999999998,1.0,0.050000000000000044
CONTROL N=100,100,OOD_NEAR_resonancia_00,ood_near,resonancia,8,2.720564945218157,4,4,9.042285602617823e-05,0.0,0.3,0.0,0.5,0.04,0.76,0.08,0.8200000000000001,0.2,0.75
CONTROL N=100,100,OOD_NEAR_resonancia_00,ood_near,resonancia,9,3.0606355633704267,5,5,0.0006863689926053776,0.0,0.3,0.96,0.45999999999999996,1.0,0.19999999999999996,1.0,0.09999999999999998,1.0,0.050000000000000044
CONTROL N=100,100,OOD_NEAR_resonancia_00,ood_near,resonancia,10,3.4007061815226964,5,5,0.0017093671671894314,1.0,0.7,1.0,0.5,1.0,0.19999999999999996,1.0,0.09999999999999998,1.0,0.050000000000000044
CONTROL N=100,100,OOD_NEAR_resonancia_01,ood_near,resonancia,1,0.33206930389657535,1,2,0.005881786691488932,1.0,0.7,1.0,0.5,1.0,0.19999999999999996,1.0,0.09999999999999998,1.0,0.050000000000000044
CONTROL N=100,100,OOD_NEAR_resonancia_01,ood_near,resonancia,2,0.6641386077931508,1,2,0.004979655324169938,1.0,0.7,1.0,0.5,1.0,0.19999999999999996,1.0,0.09999999999999998,1.0,0.050000000000000044
CONTROL N=100,100,OOD_NEAR_resonancia_01,ood_near,resonancia,3,0.9962079116897262,1,2,0.004924905248977848,1.0,0.7,1.0,0.5,1.0,0.19999999999999996,1.0,0.09999999999999998,1.0,0.050000000000000044
CONTROL N=100,100,OOD_NEAR_resonancia_01,ood_near,resonancia,4,1.3282772155863016,1,2,0.004532767550715682,1.0,0.7,1.0,0.5,1.0,0.19999999999999996,1.0,0.09999999999999998,1.0,0.050000000000000044
CONTROL N=100,100,OOD_NEAR_resonancia_01,ood_near,resonancia,5,1.660346519482877,1,2,0.004166912070837805,1.0,0.7,1.0,0.5,1.0,0.19999999999999996,1.0,0.09999999999999998,1.0,0.050000000000000044
CONTROL N=100,100,OOD_NEAR_resonancia_01,ood_near,resonancia,6,1.9924158233794524,1,2,0.00404086636198446,1.0,0.7,1.0,0.5,1.0,0.19999999999999996,1.0,0.09999999999999998,1.0,0.050000000000000044
CONTROL N=100,100,OOD_NEAR_resonancia_01,ood_near,resonancia,7,2.3244851272760276,1,2,0.0037545764854535007,1.0,0.7,1.0,0.5,1.0,0.19999999999999996,1.0,0.09999999999999998,1.0,0.050000000000000044
CONTROL N=100,100,OOD_NEAR_resonancia_01,ood_near,resonancia,8,2.6565544311726033,1,2,0.0036089040611731716,1.0,0.7,1.0,0.5,1.0,0.19999999999999996,1.0,0.09999999999999998,1.0,0.050000000000000044
CONTROL N=100,100,OOD_NEAR_resonancia_01,ood_near,resonancia,9,2.9886237350691784,1,2,0.0035916467998895513,0.84,0.54,1.0,0.5,1.0,0.19999999999999996,1.0,0.09999999999999998,1.0,0.050000000000000044
CONTROL N=100,100,OOD_NEAR_resonancia_01,ood_near,resonancia,10,3.3206930389657536,1,2,0.003402988884524757,0.56,0.26000000000000006,1.0,0.5,1.0,0.19999999999999996,1.0,0.09999999999999998,1.0,0.050000000000000044
CONTROL N=100,100,OOD_NEAR_resonancia_02,ood_near,resonancia,1,0.397942483005445,1,2,0.006665455935257615,0.44,0.14,1.0,0.5,1.0,0.19999999999999996,1.0,0.09999999999999998,1.0,0.050000000000000044
CONTROL N=100,100,OOD_NEAR_resonancia_02,ood_near,resonancia,2,0.79588496601089,2,2,0.016618650085132736,1.0,0.7,1.0,0.5,1.0,0.19999999999999996,1.0,0.09999999999999998,1.0,0.050000000000000044
CONTROL N=100,100,OOD_NEAR_resonancia_02,ood_near,resonancia,3,1.193827449016335,1,2,0.0067390981560046465,1.0,0.7,1.0,0.5,1.0,0.19999999999999996,1.0,0.09999999999999998,1.0,0.050000000000000044
CONTROL N=100,100,OOD_NEAR_resonancia_02,ood_near,resonancia,4,1.59176993202178,2,2,0.0081000758680066,0.0,0.3,1.0,0.5,1.0,0.19999999999999996,1.0,0.09999999999999998,1.0,0.050000000000000044
CONTROL N=100,100,OOD_NEAR_resonancia_02,ood_near,resonancia,5,1.989712415027225,1,2,0.006920797272194917,1.0,0.7,1.0,0.5,1.0,0.19999999999999996,1.0,0.09999999999999998,1.0,0.050000000000000044
CONTROL N=100,100,OOD_NEAR_resonancia_02,ood_near,resonancia,6,2.38765489803267,2,2,0.0006574186778379568,0.92,0.6200000000000001,1.0,0.5,1.0,0.19999999999999996,1.0,0.09999999999999998,1.0,0.050000000000000044
CONTROL N=100,100,OOD_NEAR_resonancia_02,ood_near,resonancia,7,2.785597381038115,2,2,0.0003798501992278612,0.56,0.26000000000000006,1.0,0.5,1.0,0.19999999999999996,1.0,0.09999999999999998,1.0,0.050000000000000044
CONTROL N=100,100,OOD_NEAR_resonancia_02,ood_near,resonancia,8,3.18353986404356,2,2,0.0009834020644987932,0.64,0.34,1.0,0.5,1.0,0.19999999999999996,1.0,0.09999999999999998,1.0,0.050000000000000044
CONTROL N=100,100,OOD_NEAR_resonancia_02,ood_near,resonancia,9,3.581482347049005,2,2,0.0008223296041780311,0.68,0.38000000000000006,1.0,0.5,1.0,0.19999999999999996,1.0,0.09999999999999998,1.0,0.050000000000000044
CONTROL N=100,100,OOD_NEAR_resonancia_02,ood_near,resonancia,10,3.97942483005445,3,3,6.890420275783747e-05,0.0,0.3,0.0,0.5,1.0,0.19999999999999996,1.0,0.09999999999999998,1.0,0.050000000000000044
CONTROL N=100,100,OOD_NEAR_resonancia_03,ood_near,resonancia,1,0.3727373233582223,2,2,0.0222896225574667,1.0,0.7,1.0,0.5,1.0,0.19999999999999996,1.0,0.09999999999999998,1.0,0.050000000000000044
CONTROL N=100,100,OOD_NEAR_resonancia_03,ood_near,resonancia,2,0.7454746467164446,2,2,0.028132806982526067,1.0,0.7,1.0,0.5,1.0,0.19999999999999996,1.0,0.09999999999999998,1.0,0.050000000000000044
CONTROL N=100,100,OOD_NEAR_resonancia_03,ood_near,resonancia,3,1.1182119700746669,1,2,0.00458252994555454,1.0,0.7,1.0,0.5,1.0,0.19999999999999996,1.0,0.09999999999999998,1.0,0.050000000000000044
CONTROL N=100,100,OOD_NEAR_resonancia_03,ood_near,resonancia,4,1.4909492934328892,2,2,0.007444330602702039,0.0,0.3,0.0,0.5,1.0,0.19999999999999996,1.0,0.09999999999999998,1.0,0.050000000000000044
CONTROL N=100,100,OOD_NEAR_resonancia_03,ood_near,resonancia,5,1.8636866167911115,1,2,0.007481096892451459,0.84,0.54,1.0,0.5,1.0,0.19999999999999996,1.0,0.09999999999999998,1.0,0.050000000000000044
CONTROL N=100,100,OOD_NEAR_resonancia_03,ood_near,resonancia,6,2.2364239401493338,1,2,0.005522457982844921,0.28,0.019999999999999962,1.0,0.5,1.0,0.19999999999999996,1.0,0.09999999999999998,1.0,0.050000000000000044
CONTROL N=100,100,OOD_NEAR_resonancia_03,ood_near,resonancia,7,2.609161263507556,1,2,0.00355214558847986,0.0,0.3,0.44,0.06,1.0,0.19999999999999996,1.0,0.09999999999999998,1.0,0.050000000000000044
CONTROL N=100,100,OOD_NEAR_resonancia_03,ood_near,resonancia,8,2.9818985868657784,1,2,0.003303857042574282,1.0,0.7,1.0,0.5,1.0,0.19999999999999996,1.0,0.09999999999999998,1.0,0.050000000000000044
CONTROL N=100,100,OOD_NEAR_resonancia_03,ood_near,resonancia,9,3.3546359102240007,2,2,0.011133968272395529,1.0,0.7,1.0,0.5,1.0,0.19999999999999996,1.0,0.09999999999999998,1.0,0.050000000000000044
CONTROL N=100,100,OOD_NEAR_resonancia_03,ood_near,resonancia,10,3.727373233582223,2,2,0.009458625549493822,0.8,0.5,1.0,0.5,1.0,0.19999999999999996,1.0,0.09999999999999998,1.0,0.050000000000000044
CONTROL N=100,100,OOD_NEAR_euler_colineal_00,ood_near,euler_colineal,1,1.5,1,2,0.0025326777304847015,1.0,0.7,1.0,0.5,1.0,0.19999999999999996,1.0,0.09999999999999998,1.0,0.050000000000000044
CONTROL N=100,100,OOD_NEAR_euler_colineal_00,ood_near,euler_colineal,2,3.0,1,2,0.0026045858026612283,0.0,0.3,0.44,0.06,1.0,0.19999999999999996,1.0,0.09999999999999998,1.0,0.050000000000000044
CONTROL N=100,100,OOD_NEAR_euler_colineal_00,ood_near,euler_colineal,3,4.5,2,2,0.0013835649184475176,0.0,0.3,0.24,0.26,1.0,0.19999999999999996,1.0,0.09999999999999998,1.0,0.050000000000000044
CONTROL N=100,100,OOD_NEAR_euler_colineal_00,ood_near,euler_colineal,4,6.0,4,4,3.618172781304951e-07,1.0,0.7,1.0,0.5,1.0,0.19999999999999996,1.0,0.09999999999999998,1.0,0.050000000000000044
CONTROL N=100,100,OOD_NEAR_euler_colineal_00,ood_near,euler_colineal,5,7.5,6,6,3.610126172215665e-06,0.0,0.3,0.0,0.5,1.0,0.19999999999999996,1.0,0.09999999999999998,1.0,0.050000000000000044
CONTROL N=100,100,OOD_NEAR_euler_colineal_00,ood_near,euler_colineal,6,9.0,8,8,2.9270541402620604e-05,0.6,0.3,0.76,0.26,0.92,0.12,1.0,0.09999999999999998,1.0,0.050000000000000044
CONTROL N=100,100,OOD_NEAR_euler_colineal_00,ood_near,euler_colineal,7,10.5,9,9,2.9331054455995253e-05,0.92,0.6200000000000001,0.92,0.42000000000000004,1.0,0.19999999999999996,1.0,0.09999999999999998,1.0,0.050000000000000044
CONTROL N=100,100,OOD_NEAR_euler_colineal_00,ood_near,euler_colineal,8,12.0,9,9,1.2765318078095385e-05,0.96,0.6599999999999999,1.0,0.5,1.0,0.19999999999999996,1.0,0.09999999999999998,1.0,0.050000000000000044
CONTROL N=100,100,OOD_NEAR_euler_colineal_00,ood_near,euler_colineal,9,13.5,8,8,8.095270986791965e-06,0.64,0.34,0.68,0.18000000000000005,1.0,0.19999999999999996,1.0,0.09999999999999998,1.0,0.050000000000000044
CONTROL N=100,100,OOD_NEAR_euler_colineal_00,ood_near,euler_colineal,10,15.0,7,7,2.334758313398508e-05,0.52,0.22000000000000003,0.88,0.38,1.0,0.19999999999999996,1.0,0.09999999999999998,1.0,0.050000000000000044
CONTROL N=100,100,OOD_NEAR_euler_colineal_01,ood_near,euler_colineal,1,1.5,1,2,0.00270702206401402,0.52,0.22000000000000003,1.0,0.5,1.0,0.19999999999999996,1.0,0.09999999999999998,1.0,0.050000000000000044
CONTROL N=100,100,OOD_NEAR_euler_colineal_01,ood_near,euler_colineal,2,3.0,1,2,0.0012723032291486827,0.44,0.14,1.0,0.5,1.0,0.19999999999999996,1.0,0.09999999999999998,1.0,0.050000000000000044
CONTROL N=100,100,OOD_NEAR_euler_colineal_01,ood_near,euler_colineal,3,4.5,1,2,0.0010784769057852633,1.0,0.7,1.0,0.5,1.0,0.19999999999999996,1.0,0.09999999999999998,1.0,0.050000000000000044
CONTROL N=100,100,OOD_NEAR_euler_colineal_01,ood_near,euler_colineal,4,6.0,5,5,4.5185064241974853e-05,1.0,0.7,1.0,0.5,1.0,0.19999999999999996,1.0,0.09999999999999998,1.0,0.050000000000000044
CONTROL N=100,100,OOD_NEAR_euler_colineal_01,ood_near,euler_colineal,5,7.5,6,6,5.563580271278123e-05,1.0,0.7,1.0,0.5,1.0,0.19999999999999996,1.0,0.09999999999999998,1.0,0.050000000000000044
CONTROL N=100,100,OOD_NEAR_euler_colineal_01,ood_near,euler_colineal,6,9.0,7,7,1.3666996705891871e-05,1.0,0.7,1.0,0.5,1.0,0.19999999999999996,1.0,0.09999999999999998,1.0,0.050000000000000044
CONTROL N=100,100,OOD_NEAR_euler_colineal_01,ood_near,euler_colineal,7,10.5,7,7,3.983970665615222e-06,1.0,0.7,1.0,0.5,1.0,0.19999999999999996,1.0,0.09999999999999998,1.0,0.050000000000000044
CONTROL N=100,100,OOD_NEAR_euler_colineal_01,ood_near,euler_colineal,8,12.0,7,7,3.5256292879292326e-06,0.96,0.6599999999999999,1.0,0.5,1.0,0.19999999999999996,1.0,0.09999999999999998,1.0,0.050000000000000044
CONTROL N=100,100,OOD_NEAR_euler_colineal_01,ood_near,euler_colineal,9,13.5,7,7,1.152171046011674e-06,1.0,0.7,1.0,0.5,1.0,0.19999999999999996,1.0,0.09999999999999998,1.0,0.050000000000000044
CONTROL N=100,100,OOD_NEAR_euler_colineal_01,ood_near,euler_colineal,10,15.0,6,6,5.940170887291911e-06,1.0,0.7,1.0,0.5,1.0,0.19999999999999996,1.0,0.09999999999999998,1.0,0.050000000000000044
CONTROL N=100,100,OOD_NEAR_euler_colineal_02,ood_near,euler_colineal,1,1.5,1,2,0.003483149995386957,1.0,0.7,1.0,0.5,1.0,0.19999999999999996,1.0,0.09999999999999998,1.0,0.050000000000000044
CONTROL N=100,100,OOD_NEAR_euler_colineal_02,ood_near,euler_colineal,2,3.0,1,2,0.0011090366000185209,1.0,0.7,1.0,0.5,1.0,0.19999999999999996,1.0,0.09999999999999998,1.0,0.050000000000000044
CONTROL N=100,100,OOD_NEAR_euler_colineal_02,ood_near,euler_colineal,3,4.5,3,3,0.000148195616949548,1.0,0.7,1.0,0.5,1.0,0.19999999999999996,1.0,0.09999999999999998,1.0,0.050000000000000044
CONTROL N=100,100,OOD_NEAR_euler_colineal_02,ood_near,euler_colineal,4,6.0,5,5,1.0786485141842707e-06,0.0,0.3,1.0,0.5,1.0,0.19999999999999996,1.0,0.09999999999999998,1.0,0.050000000000000044
CONTROL N=100,100,OOD_NEAR_euler_colineal_02,ood_near,euler_colineal,5,7.5,7,7,2.7015001925091225e-05,0.12,0.18,1.0,0.5,1.0,0.19999999999999996,1.0,0.09999999999999998,1.0,0.050000000000000044
CONTROL N=100,100,OOD_NEAR_euler_colineal_02,ood_near,euler_colineal,6,9.0,8,8,3.729991785053613e-05,0.88,0.5800000000000001,0.92,0.42000000000000004,1.0,0.19999999999999996,1.0,0.09999999999999998,1.0,0.050000000000000044
CONTROL N=100,100,OOD_NEAR_euler_colineal_02,ood_near,euler_colineal,7,10.5,8,8,2.815625206490621e-05,0.28,0.019999999999999962,0.8,0.30000000000000004,1.0,0.19999999999999996,1.0,0.09999999999999998,1.0,0.050000000000000044
CONTROL N=100,100,OOD_NEAR_euler_colineal_02,ood_near,euler_colineal,8,12.0,7,7,1.7113247319137697e-05,0.84,0.54,0.92,0.42000000000000004,0.96,0.15999999999999992,1.0,0.09999999999999998,1.0,0.050000000000000044
CONTROL N=100,100,OOD_NEAR_euler_colineal_02,ood_near,euler_colineal,9,13.5,7,7,1.2937659158121537e-05,0.56,0.26000000000000006,0.88,0.38,0.96,0.15999999999999992,0.96,0.05999999999999994,1.0,0.050000000000000044
CONTROL N=100,100,OOD_NEAR_euler_colineal_02,ood_near,euler_colineal,10,15.0,7,7,6.636987041250495e-07,0.6,0.3,0.68,0.18000000000000005,0.96,0.15999999999999992,1.0,0.09999999999999998,1.0,0.050000000000000044
CONTROL N=100,100,OOD_NEAR_euler_colineal_03,ood_near,euler_colineal,1,1.5,1,2,0.004500078953630454,1.0,0.7,1.0,0.5,1.0,0.19999999999999996,1.0,0.09999999999999998,1.0,0.050000000000000044
CONTROL N=100,100,OOD_NEAR_euler_colineal_03,ood_near,euler_colineal,2,3.0,1,2,0.0010092445574040763,1.0,0.7,1.0,0.5,1.0,0.19999999999999996,1.0,0.09999999999999998,1.0,0.050000000000000044
CONTROL N=100,100,OOD_NEAR_euler_colineal_03,ood_near,euler_colineal,3,4.5,4,4,1.0655954280684843e-05,0.28,0.019999999999999962,0.76,0.26,1.0,0.19999999999999996,1.0,0.09999999999999998,1.0,0.050000000000000044
CONTROL N=100,100,OOD_NEAR_euler_colineal_03,ood_near,euler_colineal,4,6.0,6,6,4.0353816912381306e-05,0.0,0.3,0.16,0.33999999999999997,0.96,0.15999999999999992,0.96,0.05999999999999994,1.0,0.050000000000000044
CONTROL N=100,100,OOD_NEAR_euler_colineal_03,ood_near,euler_colineal,5,7.5,8,8,0.0001540177887207779,0.36,0.06,0.76,0.26,0.96,0.15999999999999992,1.0,0.09999999999999998,1.0,0.050000000000000044
CONTROL N=100,100,OOD_NEAR_euler_colineal_03,ood_near,euler_colineal,6,9.0,9,9,4.07810898966337e-05,0.28,0.019999999999999962,0.36,0.14,0.84,0.039999999999999925,1.0,0.09999999999999998,1.0,0.050000000000000044
CONTROL N=100,100,OOD_NEAR_euler_colineal_03,ood_near,euler_colineal,7,10.5,9,9,3.13497010082856e-05,0.44,0.14,0.64,0.14,0.96,0.15999999999999992,1.0,0.09999999999999998,1.0,0.050000000000000044
CONTROL N=100,100,OOD_NEAR_euler_colineal_03,ood_near,euler_colineal,8,12.0,8,8,7.186887449722716e-06,0.32,0.020000000000000018,0.44,0.06,0.88,0.07999999999999996,0.92,0.020000000000000018,0.96,0.010000000000000009
CONTROL N=100,100,OOD_NEAR_euler_colineal_03,ood_near,euler_colineal,9,13.5,8,8,2.5573834990569115e-06,0.36,0.06,0.56,0.06000000000000005,0.92,0.12,0.96,0.05999999999999994,1.0,0.050000000000000044
CONTROL N=100,100,OOD_NEAR_euler_colineal_03,ood_near,euler_colineal,10,15.0,8,8,6.682211849284847e-07,0.28,0.019999999999999962,0.48,0.020000000000000018,0.88,0.07999999999999996,0.96,0.05999999999999994,1.0,0.050000000000000044
CONTROL N=100,100,OOD_NEAR_masas_asimetricas_00,ood_near,masas_asimetricas,1,0.8808790250442602,1,2,0.005188561394239192,1.0,0.7,1.0,0.5,1.0,0.19999999999999996,1.0,0.09999999999999998,1.0,0.050000000000000044
CONTROL N=100,100,OOD_NEAR_masas_asimetricas_00,ood_near,masas_asimetricas,2,1.7617580500885204,2,2,0.010801662231929481,1.0,0.7,1.0,0.5,1.0,0.19999999999999996,1.0,0.09999999999999998,1.0,0.050000000000000044
CONTROL N=100,100,OOD_NEAR_masas_asimetricas_00,ood_near,masas_asimetricas,3,2.6426370751327806,1,2,0.00500476135687311,1.0,0.7,1.0,0.5,1.0,0.19999999999999996,1.0,0.09999999999999998,1.0,0.050000000000000044
CONTROL N=100,100,OOD_NEAR_masas_asimetricas_00,ood_near,masas_asimetricas,4,3.5235161001770408,2,2,0.008562895837376757,1.0,0.7,1.0,0.5,1.0,0.19999999999999996,1.0,0.09999999999999998,1.0,0.050000000000000044
CONTROL N=100,100,OOD_NEAR_masas_asimetricas_00,ood_near,masas_asimetricas,5,4.404395125221301,1,2,0.004545357859227967,1.0,0.7,1.0,0.5,1.0,0.19999999999999996,1.0,0.09999999999999998,1.0,0.050000000000000044
CONTROL N=100,100,OOD_NEAR_masas_asimetricas_00,ood_near,masas_asimetricas,6,5.285274150265561,1,2,0.003058093700695715,1.0,0.7,1.0,0.5,1.0,0.19999999999999996,1.0,0.09999999999999998,1.0,0.050000000000000044
CONTROL N=100,100,OOD_NEAR_masas_asimetricas_00,ood_near,masas_asimetricas,7,6.166153175309821,1,2,0.00468296944002485,1.0,0.7,1.0,0.5,1.0,0.19999999999999996,1.0,0.09999999999999998,1.0,0.050000000000000044
CONTROL N=100,100,OOD_NEAR_masas_asimetricas_00,ood_near,masas_asimetricas,8,7.0470322003540815,1,2,0.0028196965820645615,1.0,0.7,1.0,0.5,1.0,0.19999999999999996,1.0,0.09999999999999998,1.0,0.050000000000000044
CONTROL N=100,100,OOD_NEAR_masas_asimetricas_00,ood_near,masas_asimetricas,9,7.927911225398342,2,2,0.007355367464740223,1.0,0.7,1.0,0.5,1.0,0.19999999999999996,1.0,0.09999999999999998,1.0,0.050000000000000044
CONTROL N=100,100,OOD_NEAR_masas_asimetricas_00,ood_near,masas_asimetricas,10,8.808790250442602,1,2,0.0034682332257888926,1.0,0.7,1.0,0.5,1.0,0.19999999999999996,1.0,0.09999999999999998,1.0,0.050000000000000044
CONTROL N=100,100,OOD_NEAR_masas_asimetricas_01,ood_near,masas_asimetricas,1,0.7501798348658469,1,2,0.005321365426165364,1.0,0.7,1.0,0.5,1.0,0.19999999999999996,1.0,0.09999999999999998,1.0,0.050000000000000044
CONTROL N=100,100,OOD_NEAR_masas_asimetricas_01,ood_near,masas_asimetricas,2,1.5003596697316939,2,2,0.00965636177194496,1.0,0.7,1.0,0.5,1.0,0.19999999999999996,1.0,0.09999999999999998,1.0,0.050000000000000044
CONTROL N=100,100,OOD_NEAR_masas_asimetricas_01,ood_near,masas_asimetricas,3,2.250539504597541,1,2,0.004747558904956782,1.0,0.7,1.0,0.5,1.0,0.19999999999999996,1.0,0.09999999999999998,1.0,0.050000000000000044
CONTROL N=100,100,OOD_NEAR_masas_asimetricas_01,ood_near,masas_asimetricas,4,3.0007193394633878,2,2,0.008279255073323872,1.0,0.7,1.0,0.5,1.0,0.19999999999999996,1.0,0.09999999999999998,1.0,0.050000000000000044
CONTROL N=100,100,OOD_NEAR_masas_asimetricas_01,ood_near,masas_asimetricas,5,3.7508991743292346,1,2,0.00479707916202352,1.0,0.7,1.0,0.5,1.0,0.19999999999999996,1.0,0.09999999999999998,1.0,0.050000000000000044
CONTROL N=100,100,OOD_NEAR_masas_asimetricas_01,ood_near,masas_asimetricas,6,4.501079009195082,1,2,0.00447541200763882,1.0,0.7,1.0,0.5,1.0,0.19999999999999996,1.0,0.09999999999999998,1.0,0.050000000000000044
CONTROL N=100,100,OOD_NEAR_masas_asimetricas_01,ood_near,masas_asimetricas,7,5.251258844060929,1,2,0.005635870802382217,1.0,0.7,1.0,0.5,1.0,0.19999999999999996,1.0,0.09999999999999998,1.0,0.050000000000000044
CONTROL N=100,100,OOD_NEAR_masas_asimetricas_01,ood_near,masas_asimetricas,8,6.0014386789267755,1,2,0.003313482666041788,1.0,0.7,1.0,0.5,1.0,0.19999999999999996,1.0,0.09999999999999998,1.0,0.050000000000000044
CONTROL N=100,100,OOD_NEAR_masas_asimetricas_01,ood_near,masas_asimetricas,9,6.751618513792622,2,2,0.008346063306633308,1.0,0.7,1.0,0.5,1.0,0.19999999999999996,1.0,0.09999999999999998,1.0,0.050000000000000044
CONTROL N=100,100,OOD_NEAR_masas_asimetricas_01,ood_near,masas_asimetricas,10,7.501798348658469,1,2,0.003174065814614727,1.0,0.7,1.0,0.5,1.0,0.19999999999999996,1.0,0.09999999999999998,1.0,0.050000000000000044
CONTROL N=100,100,OOD_NEAR_masas_asimetricas_02,ood_near,masas_asimetricas,1,0.9421951298066219,1,2,0.004636672535729086,1.0,0.7,1.0,0.5,1.0,0.19999999999999996,1.0,0.09999999999999998,1.0,0.050000000000000044
CONTROL N=100,100,OOD_NEAR_masas_asimetricas_02,ood_near,masas_asimetricas,2,1.8843902596132436,2,2,0.0150079851989812,1.0,0.7,1.0,0.5,1.0,0.19999999999999996,1.0,0.09999999999999998,1.0,0.050000000000000044
CONTROL N=100,100,OOD_NEAR_masas_asimetricas_02,ood_near,masas_asimetricas,3,2.8265853894198654,1,2,0.006550969552215977,1.0,0.7,1.0,0.5,1.0,0.19999999999999996,1.0,0.09999999999999998,1.0,0.050000000000000044
CONTROL N=100,100,OOD_NEAR_masas_asimetricas_02,ood_near,masas_asimetricas,4,3.768780519226487,2,2,0.009750625470493993,1.0,0.7,1.0,0.5,1.0,0.19999999999999996,1.0,0.09999999999999998,1.0,0.050000000000000044
CONTROL N=100,100,OOD_NEAR_masas_asimetricas_02,ood_near,masas_asimetricas,5,4.710975649033109,1,2,0.005268883991801528,1.0,0.7,1.0,0.5,1.0,0.19999999999999996,1.0,0.09999999999999998,1.0,0.050000000000000044
CONTROL N=100,100,OOD_NEAR_masas_asimetricas_02,ood_near,masas_asimetricas,6,5.653170778839732,1,2,0.003422520437692777,1.0,0.7,1.0,0.5,1.0,0.19999999999999996,1.0,0.09999999999999998,1.0,0.050000000000000044
CONTROL N=100,100,OOD_NEAR_masas_asimetricas_02,ood_near,masas_asimetricas,7,6.595365908646353,2,2,0.009143842255975983,1.0,0.7,1.0,0.5,1.0,0.19999999999999996,1.0,0.09999999999999998,1.0,0.050000000000000044
CONTROL N=100,100,OOD_NEAR_masas_asimetricas_02,ood_near,masas_asimetricas,8,7.537561038452974,1,2,0.0030442255306770585,1.0,0.7,1.0,0.5,1.0,0.19999999999999996,1.0,0.09999999999999998,1.0,0.050000000000000044
CONTROL N=100,100,OOD_NEAR_masas_asimetricas_02,ood_near,masas_asimetricas,9,8.479756168259597,1,2,0.008150345438472081,1.0,0.7,1.0,0.5,1.0,0.19999999999999996,1.0,0.09999999999999998,1.0,0.050000000000000044
CONTROL N=100,100,OOD_NEAR_masas_asimetricas_02,ood_near,masas_asimetricas,10,9.421951298066219,1,2,0.00767380229262128,1.0,0.7,1.0,0.5,1.0,0.19999999999999996,1.0,0.09999999999999998,1.0,0.050000000000000044
CONTROL N=100,100,OOD_NEAR_masas_asimetricas_03,ood_near,masas_asimetricas,1,0.7865285243780283,1,2,0.003452719159423788,0.0,0.3,1.0,0.5,1.0,0.19999999999999996,1.0,0.09999999999999998,1.0,0.050000000000000044
CONTROL N=100,100,OOD_NEAR_masas_asimetricas_03,ood_near,masas_asimetricas,2,1.5730570487560565,1,2,0.005719871556703768,0.0,0.3,0.28,0.21999999999999997,1.0,0.19999999999999996,1.0,0.09999999999999998,1.0,0.050000000000000044
CONTROL N=100,100,OOD_NEAR_masas_asimetricas_03,ood_near,masas_asimetricas,3,2.3595855731340847,1,2,0.00387007388984384,1.0,0.7,1.0,0.5,1.0,0.19999999999999996,1.0,0.09999999999999998,1.0,0.050000000000000044
CONTROL N=100,100,OOD_NEAR_masas_asimetricas_03,ood_near,masas_asimetricas,4,3.146114097512113,1,2,0.00581296510979528,0.0,0.3,1.0,0.5,1.0,0.19999999999999996,1.0,0.09999999999999998,1.0,0.050000000000000044
CONTROL N=100,100,OOD_NEAR_masas_asimetricas_03,ood_near,masas_asimetricas,5,3.932642621890141,1,2,0.004027035194559759,1.0,0.7,1.0,0.5,1.0,0.19999999999999996,1.0,0.09999999999999998,1.0,0.050000000000000044
CONTROL N=100,100,OOD_NEAR_masas_asimetricas_03,ood_near,masas_asimetricas,6,4.719171146268169,1,2,0.004861910762269467,1.0,0.7,1.0,0.5,1.0,0.19999999999999996,1.0,0.09999999999999998,1.0,0.050000000000000044
CONTROL N=100,100,OOD_NEAR_masas_asimetricas_03,ood_near,masas_asimetricas,7,5.505699670646198,1,2,0.004042601249325417,1.0,0.7,1.0,0.5,1.0,0.19999999999999996,1.0,0.09999999999999998,1.0,0.050000000000000044
CONTROL N=100,100,OOD_NEAR_masas_asimetricas_03,ood_near,masas_asimetricas,8,6.292228195024227,1,2,0.004482527212283078,1.0,0.7,1.0,0.5,1.0,0.19999999999999996,1.0,0.09999999999999998,1.0,0.050000000000000044
CONTROL N=100,100,OOD_NEAR_masas_asimetricas_03,ood_near,masas_asimetricas,9,7.0787567194022545,1,2,0.00565383370381137,0.6,0.3,1.0,0.5,1.0,0.19999999999999996,1.0,0.09999999999999998,1.0,0.050000000000000044
CONTROL N=100,100,OOD_NEAR_masas_asimetricas_03,ood_near,masas_asimetricas,10,7.865285243780283,1,2,0.004062999175508859,1.0,0.7,1.0,0.5,1.0,0.19999999999999996,1.0,0.09999999999999998,1.0,0.050000000000000044
CONTROL N=100,100,OOD_FAR_separatriz_00,ood_far,separatriz,1,0.560161757991949,1,2,0.0021591561321426776,1.0,0.7,1.0,0.5,1.0,0.19999999999999996,1.0,0.09999999999999998,1.0,0.050000000000000044
CONTROL N=100,100,OOD_FAR_separatriz_00,ood_far,separatriz,2,1.120323515983898,1,2,0.0016798404404910151,0.0,0.3,0.32,0.18,1.0,0.19999999999999996,1.0,0.09999999999999998,1.0,0.050000000000000044
CONTROL N=100,100,OOD_FAR_separatriz_00,ood_far,separatriz,3,1.680485273975847,1,2,0.0018282288042385587,0.44,0.14,1.0,0.5,1.0,0.19999999999999996,1.0,0.09999999999999998,1.0,0.050000000000000044
CONTROL N=100,100,OOD_FAR_separatriz_00,ood_far,separatriz,4,2.240647031967796,1,2,0.0017267529795738452,0.0,0.3,0.64,0.14,1.0,0.19999999999999996,1.0,0.09999999999999998,1.0,0.050000000000000044
CONTROL N=100,100,OOD_FAR_separatriz_00,ood_far,separatriz,5,2.800808789959745,1,2,0.0019149064336484898,0.08,0.21999999999999997,1.0,0.5,1.0,0.19999999999999996,1.0,0.09999999999999998,1.0,0.050000000000000044
CONTROL N=100,100,OOD_FAR_separatriz_00,ood_far,separatriz,6,3.3609705479516943,1,2,0.0017488221507542753,0.04,0.26,0.6,0.09999999999999998,1.0,0.19999999999999996,1.0,0.09999999999999998,1.0,0.050000000000000044
CONTROL N=100,100,OOD_FAR_separatriz_00,ood_far,separatriz,7,3.921132305943643,1,2,0.0020087370850047546,0.0,0.3,0.76,0.26,1.0,0.19999999999999996,1.0,0.09999999999999998,1.0,0.050000000000000044
CONTROL N=100,100,OOD_FAR_separatriz_00,ood_far,separatriz,8,4.481294063935592,1,2,0.0018789245324262107,0.0,0.3,0.76,0.26,1.0,0.19999999999999996,1.0,0.09999999999999998,1.0,0.050000000000000044
CONTROL N=100,100,OOD_FAR_separatriz_00,ood_far,separatriz,9,5.041455821927541,1,2,0.0019851967682263405,0.0,0.3,0.32,0.18,1.0,0.19999999999999996,1.0,0.09999999999999998,1.0,0.050000000000000044
CONTROL N=100,100,OOD_FAR_separatriz_00,ood_far,separatriz,10,5.60161757991949,1,2,0.0019464977502085625,0.0,0.3,0.88,0.38,1.0,0.19999999999999996,1.0,0.09999999999999998,1.0,0.050000000000000044
CONTROL N=100,100,OOD_FAR_separatriz_01,ood_far,separatriz,1,0.5566347864814842,1,2,0.0027334892092223894,1.0,0.7,1.0,0.5,1.0,0.19999999999999996,1.0,0.09999999999999998,1.0,0.050000000000000044
CONTROL N=100,100,OOD_FAR_separatriz_01,ood_far,separatriz,2,1.1132695729629685,1,2,0.0012695266726281131,1.0,0.7,1.0,0.5,1.0,0.19999999999999996,1.0,0.09999999999999998,1.0,0.050000000000000044
CONTROL N=100,100,OOD_FAR_separatriz_01,ood_far,separatriz,3,1.6699043594444527,1,2,0.001967935251200763,1.0,0.7,1.0,0.5,1.0,0.19999999999999996,1.0,0.09999999999999998,1.0,0.050000000000000044
CONTROL N=100,100,OOD_FAR_separatriz_01,ood_far,separatriz,4,2.226539145925937,1,2,0.0013081520028608439,1.0,0.7,1.0,0.5,1.0,0.19999999999999996,1.0,0.09999999999999998,1.0,0.050000000000000044
CONTROL N=100,100,OOD_FAR_separatriz_01,ood_far,separatriz,5,2.783173932407421,1,2,0.001946617261744127,1.0,0.7,1.0,0.5,1.0,0.19999999999999996,1.0,0.09999999999999998,1.0,0.050000000000000044
CONTROL N=100,100,OOD_FAR_separatriz_01,ood_far,separatriz,6,3.3398087188889054,1,2,0.0013388922423897658,1.0,0.7,1.0,0.5,1.0,0.19999999999999996,1.0,0.09999999999999998,1.0,0.050000000000000044
CONTROL N=100,100,OOD_FAR_separatriz_01,ood_far,separatriz,7,3.8964435053703896,1,2,0.001795365752691353,1.0,0.7,1.0,0.5,1.0,0.19999999999999996,1.0,0.09999999999999998,1.0,0.050000000000000044
CONTROL N=100,100,OOD_FAR_separatriz_01,ood_far,separatriz,8,4.453078291851874,1,2,0.0014635513600497261,1.0,0.7,1.0,0.5,1.0,0.19999999999999996,1.0,0.09999999999999998,1.0,0.050000000000000044
CONTROL N=100,100,OOD_FAR_separatriz_01,ood_far,separatriz,9,5.009713078333358,1,2,0.0016334545009067149,1.0,0.7,1.0,0.5,1.0,0.19999999999999996,1.0,0.09999999999999998,1.0,0.050000000000000044
CONTROL N=100,100,OOD_FAR_separatriz_01,ood_far,separatriz,10,5.566347864814842,1,2,0.0014368918339292933,1.0,0.7,1.0,0.5,1.0,0.19999999999999996,1.0,0.09999999999999998,1.0,0.050000000000000044
CONTROL N=100,100,OOD_FAR_separatriz_02,ood_far,separatriz,1,0.5612747153107003,1,2,0.0021429005359267753,1.0,0.7,1.0,0.5,1.0,0.19999999999999996,1.0,0.09999999999999998,1.0,0.050000000000000044
CONTROL N=100,100,OOD_FAR_separatriz_02,ood_far,separatriz,2,1.1225494306214006,1,2,0.0013251351866687474,0.64,0.34,1.0,0.5,1.0,0.19999999999999996,1.0,0.09999999999999998,1.0,0.050000000000000044
CONTROL N=100,100,OOD_FAR_separatriz_02,ood_far,separatriz,3,1.6838241459321008,1,2,0.0011819170687521626,0.8,0.5,1.0,0.5,1.0,0.19999999999999996,1.0,0.09999999999999998,1.0,0.050000000000000044
CONTROL N=100,100,OOD_FAR_separatriz_02,ood_far,separatriz,4,2.245098861242801,1,2,0.0012869975722738574,0.64,0.34,1.0,0.5,1.0,0.19999999999999996,1.0,0.09999999999999998,1.0,0.050000000000000044
CONTROL N=100,100,OOD_FAR_separatriz_02,ood_far,separatriz,5,2.8063735765535016,1,2,0.0013100283836445937,1.0,0.7,1.0,0.5,1.0,0.19999999999999996,1.0,0.09999999999999998,1.0,0.050000000000000044
CONTROL N=100,100,OOD_FAR_separatriz_02,ood_far,separatriz,6,3.367648291864202,1,2,0.0013544385968038085,0.68,0.38000000000000006,1.0,0.5,1.0,0.19999999999999996,1.0,0.09999999999999998,1.0,0.050000000000000044
CONTROL N=100,100,OOD_FAR_separatriz_02,ood_far,separatriz,7,3.9289230071749017,1,2,0.0013125875989966089,1.0,0.7,1.0,0.5,1.0,0.19999999999999996,1.0,0.09999999999999998,1.0,0.050000000000000044
CONTROL N=100,100,OOD_FAR_separatriz_02,ood_far,separatriz,8,4.490197722485602,1,2,0.0013758785222174952,0.68,0.38000000000000006,1.0,0.5,1.0,0.19999999999999996,1.0,0.09999999999999998,1.0,0.050000000000000044
CONTROL N=100,100,OOD_FAR_separatriz_02,ood_far,separatriz,9,5.051472437796303,1,2,0.0013649904210123402,1.0,0.7,1.0,0.5,1.0,0.19999999999999996,1.0,0.09999999999999998,1.0,0.050000000000000044
CONTROL N=100,100,OOD_FAR_separatriz_02,ood_far,separatriz,10,5.612747153107003,1,2,0.0014410909249373092,0.76,0.46,1.0,0.5,1.0,0.19999999999999996,1.0,0.09999999999999998,1.0,0.050000000000000044
CONTROL N=100,100,OOD_FAR_separatriz_03,ood_far,separatriz,1,0.5621716527502312,1,2,0.002219156655236469,0.0,0.3,1.0,0.5,1.0,0.19999999999999996,1.0,0.09999999999999998,1.0,0.050000000000000044
CONTROL N=100,100,OOD_FAR_separatriz_03,ood_far,separatriz,2,1.1243433055004624,1,2,0.0016425060233280905,0.0,0.3,0.0,0.5,1.0,0.19999999999999996,1.0,0.09999999999999998,1.0,0.050000000000000044
CONTROL N=100,100,OOD_FAR_separatriz_03,ood_far,separatriz,3,1.6865149582506935,1,2,0.0012276510327877616,0.0,0.3,0.4,0.09999999999999998,1.0,0.19999999999999996,1.0,0.09999999999999998,1.0,0.050000000000000044
CONTROL N=100,100,OOD_FAR_separatriz_03,ood_far,separatriz,4,2.2486866110009247,1,2,0.0015127931457034655,0.0,0.3,0.0,0.5,1.0,0.19999999999999996,1.0,0.09999999999999998,1.0,0.050000000000000044
CONTROL N=100,100,OOD_FAR_separatriz_03,ood_far,separatriz,5,2.8108582637511557,1,2,0.0013018630866226523,0.0,0.3,0.0,0.5,1.0,0.19999999999999996,1.0,0.09999999999999998,1.0,0.050000000000000044
CONTROL N=100,100,OOD_FAR_separatriz_03,ood_far,separatriz,6,3.3730299165013866,1,2,0.001630942325648736,0.0,0.3,0.0,0.5,1.0,0.19999999999999996,1.0,0.09999999999999998,1.0,0.050000000000000044
CONTROL N=100,100,OOD_FAR_separatriz_03,ood_far,separatriz,7,3.9352015692516185,1,2,0.0014506218208500201,0.0,0.3,0.0,0.5,1.0,0.19999999999999996,1.0,0.09999999999999998,1.0,0.050000000000000044
CONTROL N=100,100,OOD_FAR_separatriz_03,ood_far,separatriz,8,4.497373222001849,1,2,0.0017997531186897805,0.0,0.3,0.0,0.5,1.0,0.19999999999999996,1.0,0.09999999999999998,1.0,0.050000000000000044
CONTROL N=100,100,OOD_FAR_separatriz_03,ood_far,separatriz,9,5.05954487475208,1,2,0.001473517116707577,0.0,0.3,0.0,0.5,1.0,0.19999999999999996,1.0,0.09999999999999998,1.0,0.050000000000000044
CONTROL N=100,100,OOD_FAR_separatriz_03,ood_far,separatriz,10,5.621716527502311,1,2,0.0018610413840478314,0.0,0.3,0.0,0.5,1.0,0.19999999999999996,1.0,0.09999999999999998,1.0,0.050000000000000044
CONTROL N=100,100,OOD_FAR_encuentro_violento_00,ood_far,encuentro_violento,1,0.4029832822545892,2,2,0.014160652159617393,1.0,0.7,1.0,0.5,1.0,0.19999999999999996,1.0,0.09999999999999998,1.0,0.050000000000000044
CONTROL N=100,100,OOD_FAR_encuentro_violento_00,ood_far,encuentro_violento,2,0.8059665645091783,2,2,0.017689752502481698,0.0,0.3,0.0,0.5,0.0,0.8,0.28,0.62,0.56,0.3899999999999999
CONTROL N=100,100,OOD_FAR_encuentro_violento_00,ood_far,encuentro_violento,3,1.2089498467637674,2,2,0.015799772892182,0.68,0.38000000000000006,1.0,0.5,1.0,0.19999999999999996,1.0,0.09999999999999998,1.0,0.050000000000000044
CONTROL N=100,100,OOD_FAR_encuentro_violento_00,ood_far,encuentro_violento,4,1.6119331290183565,2,2,0.016935704305577965,0.88,0.5800000000000001,1.0,0.5,1.0,0.19999999999999996,1.0,0.09999999999999998,1.0,0.050000000000000044
CONTROL N=100,100,OOD_FAR_encuentro_violento_00,ood_far,encuentro_violento,5,2.014916411272946,2,2,0.013437203958343491,0.0,0.3,0.0,0.5,0.36,0.44000000000000006,0.52,0.38,0.8,0.1499999999999999
CONTROL N=100,100,OOD_FAR_encuentro_violento_00,ood_far,encuentro_violento,6,2.417899693527535,2,2,0.012518332689766317,0.0,0.3,0.4,0.09999999999999998,0.96,0.15999999999999992,1.0,0.09999999999999998,1.0,0.050000000000000044
CONTROL N=100,100,OOD_FAR_encuentro_violento_00,ood_far,encuentro_violento,7,2.820882975782124,2,2,0.02133063366766681,0.56,0.26000000000000006,1.0,0.5,1.0,0.19999999999999996,1.0,0.09999999999999998,1.0,0.050000000000000044
CONTROL N=100,100,OOD_FAR_encuentro_violento_00,ood_far,encuentro_violento,8,3.223866258036713,2,2,0.018396797920788667,0.04,0.26,0.04,0.46,0.4,0.4,0.64,0.26,1.0,0.050000000000000044
CONTROL N=100,100,OOD_FAR_encuentro_violento_00,ood_far,encuentro_violento,9,3.6268495402913024,2,2,0.019922230593985346,0.48,0.18,0.64,0.14,0.72,0.08000000000000007,0.92,0.020000000000000018,1.0,0.050000000000000044
CONTROL N=100,100,OOD_FAR_encuentro_violento_00,ood_far,encuentro_violento,10,4.029832822545892,2,2,0.01633444379130262,0.48,0.18,0.8,0.30000000000000004,1.0,0.19999999999999996,1.0,0.09999999999999998,1.0,0.050000000000000044
CONTROL N=100,100,OOD_FAR_encuentro_violento_01,ood_far,encuentro_violento,1,0.2897329888251865,2,2,0.0260116810185033,0.04,0.26,0.08,0.42,0.56,0.24,0.72,0.18000000000000005,0.76,0.18999999999999995
CONTROL N=100,100,OOD_FAR_encuentro_violento_01,ood_far,encuentro_violento,2,0.579465977650373,2,2,0.020834137376181876,0.72,0.42,0.88,0.38,1.0,0.19999999999999996,1.0,0.09999999999999998,1.0,0.050000000000000044
CONTROL N=100,100,OOD_FAR_encuentro_violento_01,ood_far,encuentro_violento,3,0.8691989664755595,2,2,0.01629441689201892,0.04,0.26,0.16,0.33999999999999997,0.8,0.0,0.96,0.05999999999999994,0.96,0.010000000000000009
CONTROL N=100,100,OOD_FAR_encuentro_violento_01,ood_far,encuentro_violento,4,1.158931955300746,2,2,0.020851011732288822,0.24,0.06,0.6,0.09999999999999998,0.8,0.0,0.92,0.020000000000000018,0.92,0.029999999999999916
CONTROL N=100,100,OOD_FAR_encuentro_violento_01,ood_far,encuentro_violento,5,1.4486649441259325,2,2,0.02098053854035475,0.28,0.019999999999999962,0.44,0.06,0.96,0.15999999999999992,0.96,0.05999999999999994,1.0,0.050000000000000044
CONTROL N=100,100,OOD_FAR_encuentro_violento_01,ood_far,encuentro_violento,6,1.738397932951119,2,2,0.017704498470175755,0.28,0.019999999999999962,0.6,0.09999999999999998,0.88,0.07999999999999996,0.96,0.05999999999999994,1.0,0.050000000000000044
CONTROL N=100,100,OOD_FAR_encuentro_violento_01,ood_far,encuentro_violento,7,2.0281309217763055,2,2,0.016272878076947456,0.4,0.10000000000000003,0.48,0.020000000000000018,0.84,0.039999999999999925,0.88,0.020000000000000018,0.96,0.010000000000000009
CONTROL N=100,100,OOD_FAR_encuentro_violento_01,ood_far,encuentro_violento,8,2.317863910601492,2,2,0.017742915962242818,0.28,0.019999999999999962,0.48,0.020000000000000018,0.84,0.039999999999999925,0.96,0.05999999999999994,0.96,0.010000000000000009
CONTROL N=100,100,OOD_FAR_encuentro_violento_01,ood_far,encuentro_violento,9,2.6075968994266785,2,2,0.02076902953380699,0.2,0.09999999999999998,0.56,0.06000000000000005,0.72,0.08000000000000007,0.88,0.020000000000000018,0.88,0.06999999999999995
CONTROL N=100,100,OOD_FAR_encuentro_violento_01,ood_far,encuentro_violento,10,2.897329888251865,2,2,0.016069190084457306,0.32,0.020000000000000018,0.4,0.09999999999999998,0.64,0.16000000000000003,0.76,0.14,0.88,0.06999999999999995
CONTROL N=100,100,OOD_FAR_encuentro_violento_02,ood_far,encuentro_violento,1,0.4384302918925199,3,3,0.0025743707463403557,0.0,0.3,0.04,0.46,1.0,0.19999999999999996,1.0,0.09999999999999998,1.0,0.050000000000000044
CONTROL N=100,100,OOD_FAR_encuentro_violento_02,ood_far,encuentro_violento,2,0.8768605837850398,3,3,0.003180633491961284,0.04,0.26,0.08,0.42,0.6,0.20000000000000007,0.8,0.09999999999999998,0.88,0.06999999999999995
CONTROL N=100,100,OOD_FAR_encuentro_violento_02,ood_far,encuentro_violento,3,1.3152908756775599,3,3,0.006838514439268257,0.12,0.18,0.28,0.21999999999999997,0.56,0.24,0.76,0.14,0.92,0.029999999999999916
CONTROL N=100,100,OOD_FAR_encuentro_violento_02,ood_far,encuentro_violento,4,1.7537211675700797,3,3,0.005518039210595584,0.4,0.10000000000000003,0.4,0.09999999999999998,0.6,0.20000000000000007,0.72,0.18000000000000005,0.88,0.06999999999999995
CONTROL N=100,100,OOD_FAR_encuentro_violento_02,ood_far,encuentro_violento,5,2.1921514594625995,3,3,0.006185607250424023,0.52,0.22000000000000003,0.52,0.020000000000000018,0.88,0.07999999999999996,0.92,0.020000000000000018,0.96,0.010000000000000009
CONTROL N=100,100,OOD_FAR_encuentro_violento_02,ood_far,encuentro_violento,6,2.6305817513551193,3,3,0.012564675834358708,0.52,0.22000000000000003,0.76,0.26,0.84,0.039999999999999925,0.88,0.020000000000000018,0.92,0.029999999999999916
CONTROL N=100,100,OOD_FAR_encuentro_violento_02,ood_far,encuentro_violento,7,3.0690120432476395,3,3,0.009928573835790865,0.52,0.22000000000000003,0.68,0.18000000000000005,0.92,0.12,0.92,0.020000000000000018,1.0,0.050000000000000044
CONTROL N=100,100,OOD_FAR_encuentro_violento_02,ood_far,encuentro_violento,8,3.5074423351401594,3,3,0.007954176428018465,0.36,0.06,0.68,0.18000000000000005,0.76,0.040000000000000036,0.84,0.06000000000000005,0.92,0.029999999999999916
CONTROL N=100,100,OOD_FAR_encuentro_violento_02,ood_far,encuentro_violento,9,3.945872627032679,3,3,0.004701314746589548,0.6,0.3,0.64,0.14,0.84,0.039999999999999925,0.96,0.05999999999999994,0.96,0.010000000000000009
CONTROL N=100,100,OOD_FAR_encuentro_violento_02,ood_far,encuentro_violento,10,4.384302918925199,3,3,0.00878860046568158,0.56,0.26000000000000006,0.8,0.30000000000000004,0.96,0.15999999999999992,0.96,0.05999999999999994,1.0,0.050000000000000044
CONTROL N=100,100,OOD_FAR_encuentro_violento_03,ood_far,encuentro_violento,1,0.3049076340024614,3,3,0.007013309073682928,0.52,0.22000000000000003,1.0,0.5,1.0,0.19999999999999996,1.0,0.09999999999999998,1.0,0.050000000000000044
CONTROL N=100,100,OOD_FAR_encuentro_violento_03,ood_far,encuentro_violento,2,0.6098152680049229,3,3,0.005484370096444714,0.04,0.26,0.6,0.09999999999999998,0.76,0.040000000000000036,0.8,0.09999999999999998,0.88,0.06999999999999995
CONTROL N=100,100,OOD_FAR_encuentro_violento_03,ood_far,encuentro_violento,3,0.9147229020073844,4,4,0.00035970696099647397,0.28,0.019999999999999962,0.72,0.21999999999999997,1.0,0.19999999999999996,1.0,0.09999999999999998,1.0,0.050000000000000044
CONTROL N=100,100,OOD_FAR_encuentro_violento_03,ood_far,encuentro_violento,4,1.2196305360098458,3,3,0.005263638548551527,0.6,0.3,0.76,0.26,0.96,0.15999999999999992,0.96,0.05999999999999994,1.0,0.050000000000000044
CONTROL N=100,100,OOD_FAR_encuentro_violento_03,ood_far,encuentro_violento,5,1.5245381700123073,4,4,0.0007132051423694758,0.44,0.14,0.64,0.14,0.92,0.12,0.96,0.05999999999999994,0.96,0.010000000000000009
CONTROL N=100,100,OOD_FAR_encuentro_violento_03,ood_far,encuentro_violento,6,1.8294458040147688,4,4,0.0016714020531016839,0.56,0.26000000000000006,0.72,0.21999999999999997,0.96,0.15999999999999992,0.96,0.05999999999999994,0.96,0.010000000000000009
CONTROL N=100,100,OOD_FAR_encuentro_violento_03,ood_far,encuentro_violento,7,2.13435343801723,5,5,0.0002950643028300576,0.48,0.18,0.56,0.06000000000000005,0.76,0.040000000000000036,0.8,0.09999999999999998,0.92,0.029999999999999916
CONTROL N=100,100,OOD_FAR_encuentro_violento_03,ood_far,encuentro_violento,8,2.4392610720196917,5,5,0.00012619087590053592,0.4,0.10000000000000003,0.64,0.14,0.92,0.12,0.92,0.020000000000000018,0.96,0.010000000000000009
CONTROL N=100,100,OOD_FAR_encuentro_violento_03,ood_far,encuentro_violento,9,2.744168706022153,5,5,0.00012859042259613635,0.48,0.18,0.6,0.09999999999999998,0.88,0.07999999999999996,0.96,0.05999999999999994,1.0,0.050000000000000044
CONTROL N=100,100,OOD_FAR_encuentro_violento_03,ood_far,encuentro_violento,10,3.049076340024614,5,5,8.553494129840656e-05,0.32,0.020000000000000018,0.72,0.21999999999999997,0.8,0.0,0.96,0.05999999999999994,0.96,0.010000000000000009
CONTROL N=100,100,OOD_FAR_escape_temprano_00,ood_far,escape_temprano,1,0.7830244004640371,1,2,0.002689835020004545,0.0,0.3,1.0,0.5,1.0,0.19999999999999996,1.0,0.09999999999999998,1.0,0.050000000000000044
CONTROL N=100,100,OOD_FAR_escape_temprano_00,ood_far,escape_temprano,2,1.5660488009280742,1,2,0.0019667738929853,0.0,0.3,1.0,0.5,1.0,0.19999999999999996,1.0,0.09999999999999998,1.0,0.050000000000000044
CONTROL N=100,100,OOD_FAR_escape_temprano_00,ood_far,escape_temprano,3,2.349073201392111,1,2,0.0022339089530348205,0.0,0.3,0.8,0.30000000000000004,1.0,0.19999999999999996,1.0,0.09999999999999998,1.0,0.050000000000000044
CONTROL N=100,100,OOD_FAR_escape_temprano_00,ood_far,escape_temprano,4,3.1320976018561484,1,2,0.001890266107110967,0.0,0.3,0.96,0.45999999999999996,1.0,0.19999999999999996,1.0,0.09999999999999998,1.0,0.050000000000000044
CONTROL N=100,100,OOD_FAR_escape_temprano_00,ood_far,escape_temprano,5,3.9151220023201856,1,2,0.0020607408269536424,0.0,0.3,0.44,0.06,1.0,0.19999999999999996,1.0,0.09999999999999998,1.0,0.050000000000000044
CONTROL N=100,100,OOD_FAR_escape_temprano_00,ood_far,escape_temprano,6,4.698146402784222,1,2,0.001866877370763422,0.0,0.3,0.96,0.45999999999999996,1.0,0.19999999999999996,1.0,0.09999999999999998,1.0,0.050000000000000044
CONTROL N=100,100,OOD_FAR_escape_temprano_00,ood_far,escape_temprano,7,5.48117080324826,1,2,0.0020553146071123603,0.0,0.3,0.44,0.06,1.0,0.19999999999999996,1.0,0.09999999999999998,1.0,0.050000000000000044
CONTROL N=100,100,OOD_FAR_escape_temprano_00,ood_far,escape_temprano,8,6.264195203712297,1,2,0.0019912914163147826,0.08,0.21999999999999997,0.96,0.45999999999999996,1.0,0.19999999999999996,1.0,0.09999999999999998,1.0,0.050000000000000044
CONTROL N=100,100,OOD_FAR_escape_temprano_00,ood_far,escape_temprano,9,7.047219604176334,1,2,0.00214824239753382,0.0,0.3,0.88,0.38,1.0,0.19999999999999996,1.0,0.09999999999999998,1.0,0.050000000000000044
CONTROL N=100,100,OOD_FAR_escape_temprano_00,ood_far,escape_temprano,10,7.830244004640371,1,2,0.0020733184252839177,0.08,0.21999999999999997,0.96,0.45999999999999996,1.0,0.19999999999999996,1.0,0.09999999999999998,1.0,0.050000000000000044
CONTROL N=100,100,OOD_FAR_escape_temprano_01,ood_far,escape_temprano,1,0.7656515789155334,1,2,0.002857552836756753,1.0,0.7,1.0,0.5,1.0,0.19999999999999996,1.0,0.09999999999999998,1.0,0.050000000000000044
CONTROL N=100,100,OOD_FAR_escape_temprano_01,ood_far,escape_temprano,2,1.5313031578310667,1,2,0.0017937796885586193,1.0,0.7,1.0,0.5,1.0,0.19999999999999996,1.0,0.09999999999999998,1.0,0.050000000000000044
CONTROL N=100,100,OOD_FAR_escape_temprano_01,ood_far,escape_temprano,3,2.2969547367466,1,2,0.0018352193626075429,1.0,0.7,1.0,0.5,1.0,0.19999999999999996,1.0,0.09999999999999998,1.0,0.050000000000000044
CONTROL N=100,100,OOD_FAR_escape_temprano_01,ood_far,escape_temprano,4,3.0626063156621335,1,2,0.0017800244486889504,1.0,0.7,1.0,0.5,1.0,0.19999999999999996,1.0,0.09999999999999998,1.0,0.050000000000000044
CONTROL N=100,100,OOD_FAR_escape_temprano_01,ood_far,escape_temprano,5,3.828257894577667,1,2,0.0016369750357552956,1.0,0.7,1.0,0.5,1.0,0.19999999999999996,1.0,0.09999999999999998,1.0,0.050000000000000044
CONTROL N=100,100,OOD_FAR_escape_temprano_01,ood_far,escape_temprano,6,4.5939094734932,1,2,0.0017741372843299344,1.0,0.7,1.0,0.5,1.0,0.19999999999999996,1.0,0.09999999999999998,1.0,0.050000000000000044
CONTROL N=100,100,OOD_FAR_escape_temprano_01,ood_far,escape_temprano,7,5.359561052408734,1,2,0.0018037449960939,1.0,0.7,1.0,0.5,1.0,0.19999999999999996,1.0,0.09999999999999998,1.0,0.050000000000000044
CONTROL N=100,100,OOD_FAR_escape_temprano_01,ood_far,escape_temprano,8,6.125212631324267,1,2,0.0019272470536221852,1.0,0.7,1.0,0.5,1.0,0.19999999999999996,1.0,0.09999999999999998,1.0,0.050000000000000044
CONTROL N=100,100,OOD_FAR_escape_temprano_01,ood_far,escape_temprano,9,6.8908642102398,1,2,0.0017076231499505313,1.0,0.7,1.0,0.5,1.0,0.19999999999999996,1.0,0.09999999999999998,1.0,0.050000000000000044
CONTROL N=100,100,OOD_FAR_escape_temprano_01,ood_far,escape_temprano,10,7.656515789155334,1,2,0.002039545656119695,1.0,0.7,1.0,0.5,1.0,0.19999999999999996,1.0,0.09999999999999998,1.0,0.050000000000000044
CONTROL N=100,100,OOD_FAR_escape_temprano_02,ood_far,escape_temprano,1,0.804522877107785,1,2,0.002561249135374096,1.0,0.7,1.0,0.5,1.0,0.19999999999999996,1.0,0.09999999999999998,1.0,0.050000000000000044
CONTROL N=100,100,OOD_FAR_escape_temprano_02,ood_far,escape_temprano,2,1.60904575421557,1,2,0.0020114355121610738,1.0,0.7,1.0,0.5,1.0,0.19999999999999996,1.0,0.09999999999999998,1.0,0.050000000000000044
CONTROL N=100,100,OOD_FAR_escape_temprano_02,ood_far,escape_temprano,3,2.413568631323355,1,2,0.0017156977306400356,1.0,0.7,1.0,0.5,1.0,0.19999999999999996,1.0,0.09999999999999998,1.0,0.050000000000000044
CONTROL N=100,100,OOD_FAR_escape_temprano_02,ood_far,escape_temprano,4,3.21809150843114,1,2,0.0020225327814733522,1.0,0.7,1.0,0.5,1.0,0.19999999999999996,1.0,0.09999999999999998,1.0,0.050000000000000044
CONTROL N=100,100,OOD_FAR_escape_temprano_02,ood_far,escape_temprano,5,4.022614385538925,1,2,0.0016000246647707033,1.0,0.7,1.0,0.5,1.0,0.19999999999999996,1.0,0.09999999999999998,1.0,0.050000000000000044
CONTROL N=100,100,OOD_FAR_escape_temprano_02,ood_far,escape_temprano,6,4.82713726264671,1,2,0.002003341214386193,1.0,0.7,1.0,0.5,1.0,0.19999999999999996,1.0,0.09999999999999998,1.0,0.050000000000000044
CONTROL N=100,100,OOD_FAR_escape_temprano_02,ood_far,escape_temprano,7,5.631660139754495,1,2,0.001633363837187544,1.0,0.7,1.0,0.5,1.0,0.19999999999999996,1.0,0.09999999999999998,1.0,0.050000000000000044
CONTROL N=100,100,OOD_FAR_escape_temprano_02,ood_far,escape_temprano,8,6.43618301686228,1,2,0.00193101931777548,1.0,0.7,1.0,0.5,1.0,0.19999999999999996,1.0,0.09999999999999998,1.0,0.050000000000000044
CONTROL N=100,100,OOD_FAR_escape_temprano_02,ood_far,escape_temprano,9,7.240705893970065,1,2,0.0016835288173374615,1.0,0.7,1.0,0.5,1.0,0.19999999999999996,1.0,0.09999999999999998,1.0,0.050000000000000044
CONTROL N=100,100,OOD_FAR_escape_temprano_02,ood_far,escape_temprano,10,8.04522877107785,1,2,0.0019395733777608343,1.0,0.7,1.0,0.5,1.0,0.19999999999999996,1.0,0.09999999999999998,1.0,0.050000000000000044
CONTROL N=100,100,OOD_FAR_escape_temprano_03,ood_far,escape_temprano,1,0.7902209538842365,1,2,0.0030402902765396455,1.0,0.7,1.0,0.5,1.0,0.19999999999999996,1.0,0.09999999999999998,1.0,0.050000000000000044
CONTROL N=100,100,OOD_FAR_escape_temprano_03,ood_far,escape_temprano,2,1.5804419077684733,1,2,0.0025319910604954744,1.0,0.7,1.0,0.5,1.0,0.19999999999999996,1.0,0.09999999999999998,1.0,0.050000000000000044
CONTROL N=100,100,OOD_FAR_escape_temprano_03,ood_far,escape_temprano,3,2.37066286165271,1,2,0.0021719954445292115,1.0,0.7,1.0,0.5,1.0,0.19999999999999996,1.0,0.09999999999999998,1.0,0.050000000000000044
CONTROL N=100,100,OOD_FAR_escape_temprano_03,ood_far,escape_temprano,4,3.1608838155369465,1,2,0.00247861105089892,1.0,0.7,1.0,0.5,1.0,0.19999999999999996,1.0,0.09999999999999998,1.0,0.050000000000000044
CONTROL N=100,100,OOD_FAR_escape_temprano_03,ood_far,escape_temprano,5,3.951104769421183,1,2,0.0025933207749307794,1.0,0.7,1.0,0.5,1.0,0.19999999999999996,1.0,0.09999999999999998,1.0,0.050000000000000044
CONTROL N=100,100,OOD_FAR_escape_temprano_03,ood_far,escape_temprano,6,4.74132572330542,1,2,0.0025666427815892643,1.0,0.7,1.0,0.5,1.0,0.19999999999999996,1.0,0.09999999999999998,1.0,0.050000000000000044
CONTROL N=100,100,OOD_FAR_escape_temprano_03,ood_far,escape_temprano,7,5.531546677189656,1,2,0.002653236855509614,1.0,0.7,1.0,0.5,1.0,0.19999999999999996,1.0,0.09999999999999998,1.0,0.050000000000000044
CONTROL N=100,100,OOD_FAR_escape_temprano_03,ood_far,escape_temprano,8,6.321767631073892,1,2,0.002694205386118749,1.0,0.7,1.0,0.5,1.0,0.19999999999999996,1.0,0.09999999999999998,1.0,0.050000000000000044
CONTROL N=100,100,OOD_FAR_escape_temprano_03,ood_far,escape_temprano,9,7.111988584958129,1,2,0.002704788187875445,1.0,0.7,1.0,0.5,1.0,0.19999999999999996,1.0,0.09999999999999998,1.0,0.050000000000000044
CONTROL N=100,100,OOD_FAR_escape_temprano_03,ood_far,escape_temprano,10,7.902209538842365,1,2,0.0030264216366158764,1.0,0.7,1.0,0.5,1.0,0.19999999999999996,1.0,0.09999999999999998,1.0,0.050000000000000044
CONTROL N=100,100,OOD_FAR_masas_extremas_00,ood_far,masas_extremas,1,0.4039323870261927,1,2,0.003835566494142924,0.0,0.3,0.48,0.020000000000000018,1.0,0.19999999999999996,1.0,0.09999999999999998,1.0,0.050000000000000044
CONTROL N=100,100,OOD_FAR_masas_extremas_00,ood_far,masas_extremas,2,0.8078647740523854,1,2,0.005634937451818771,1.0,0.7,1.0,0.5,1.0,0.19999999999999996,1.0,0.09999999999999998,1.0,0.050000000000000044
CONTROL N=100,100,OOD_FAR_masas_extremas_00,ood_far,masas_extremas,3,1.2117971610785783,1,2,0.005795922453139097,1.0,0.7,1.0,0.5,1.0,0.19999999999999996,1.0,0.09999999999999998,1.0,0.050000000000000044
CONTROL N=100,100,OOD_FAR_masas_extremas_00,ood_far,masas_extremas,4,1.6157295481047709,1,2,0.0065719074850812565,1.0,0.7,1.0,0.5,1.0,0.19999999999999996,1.0,0.09999999999999998,1.0,0.050000000000000044
CONTROL N=100,100,OOD_FAR_masas_extremas_00,ood_far,masas_extremas,5,2.0196619351309635,1,2,0.005070039683713501,0.92,0.6200000000000001,1.0,0.5,1.0,0.19999999999999996,1.0,0.09999999999999998,1.0,0.050000000000000044
CONTROL N=100,100,OOD_FAR_masas_extremas_00,ood_far,masas_extremas,6,2.423594322157156,1,2,0.005209593745408647,1.0,0.7,1.0,0.5,1.0,0.19999999999999996,1.0,0.09999999999999998,1.0,0.050000000000000044
CONTROL N=100,100,OOD_FAR_masas_extremas_00,ood_far,masas_extremas,7,2.827526709183349,1,2,0.004972489502286633,0.88,0.5800000000000001,1.0,0.5,1.0,0.19999999999999996,1.0,0.09999999999999998,1.0,0.050000000000000044
CONTROL N=100,100,OOD_FAR_masas_extremas_00,ood_far,masas_extremas,8,3.2314590962095417,1,2,0.005681979804595497,1.0,0.7,1.0,0.5,1.0,0.19999999999999996,1.0,0.09999999999999998,1.0,0.050000000000000044
CONTROL N=100,100,OOD_FAR_masas_extremas_00,ood_far,masas_extremas,9,3.6353914832357344,1,2,0.0055315955481533875,1.0,0.7,1.0,0.5,1.0,0.19999999999999996,1.0,0.09999999999999998,1.0,0.050000000000000044
CONTROL N=100,100,OOD_FAR_masas_extremas_00,ood_far,masas_extremas,10,4.039323870261927,1,2,0.0058779685119337574,1.0,0.7,1.0,0.5,1.0,0.19999999999999996,1.0,0.09999999999999998,1.0,0.050000000000000044
CONTROL N=100,100,OOD_FAR_masas_extremas_01,ood_far,masas_extremas,1,0.4031805459574681,1,2,0.003201301442879007,1.0,0.7,1.0,0.5,1.0,0.19999999999999996,1.0,0.09999999999999998,1.0,0.050000000000000044
CONTROL N=100,100,OOD_FAR_masas_extremas_01,ood_far,masas_extremas,2,0.8063610919149362,1,2,0.0032486837095063613,0.0,0.3,0.12,0.38,1.0,0.19999999999999996,1.0,0.09999999999999998,1.0,0.050000000000000044
CONTROL N=100,100,OOD_FAR_masas_extremas_01,ood_far,masas_extremas,3,1.2095416378724044,1,2,0.0038559172357918673,0.84,0.54,1.0,0.5,1.0,0.19999999999999996,1.0,0.09999999999999998,1.0,0.050000000000000044
CONTROL N=100,100,OOD_FAR_masas_extremas_01,ood_far,masas_extremas,4,1.6127221838298724,1,2,0.003970548072109581,0.0,0.3,0.28,0.21999999999999997,1.0,0.19999999999999996,1.0,0.09999999999999998,1.0,0.050000000000000044
CONTROL N=100,100,OOD_FAR_masas_extremas_01,ood_far,masas_extremas,5,2.0159027297873404,1,2,0.004003477876107398,0.84,0.54,1.0,0.5,1.0,0.19999999999999996,1.0,0.09999999999999998,1.0,0.050000000000000044
CONTROL N=100,100,OOD_FAR_masas_extremas_01,ood_far,masas_extremas,6,2.4190832757448084,1,2,0.003404775837472354,0.0,0.3,0.0,0.5,1.0,0.19999999999999996,1.0,0.09999999999999998,1.0,0.050000000000000044
CONTROL N=100,100,OOD_FAR_masas_extremas_01,ood_far,masas_extremas,7,2.822263821702277,1,2,0.0035275063679910093,0.0,0.3,1.0,0.5,1.0,0.19999999999999996,1.0,0.09999999999999998,1.0,0.050000000000000044
CONTROL N=100,100,OOD_FAR_masas_extremas_01,ood_far,masas_extremas,8,3.225444367659745,1,2,0.0034481523730543477,0.0,0.3,0.0,0.5,1.0,0.19999999999999996,1.0,0.09999999999999998,1.0,0.050000000000000044
CONTROL N=100,100,OOD_FAR_masas_extremas_01,ood_far,masas_extremas,9,3.628624913617213,1,2,0.0034275733181274737,0.0,0.3,0.76,0.26,1.0,0.19999999999999996,1.0,0.09999999999999998,1.0,0.050000000000000044
CONTROL N=100,100,OOD_FAR_masas_extremas_01,ood_far,masas_extremas,10,4.031805459574681,1,2,0.003955807989725318,0.0,0.3,0.32,0.18,1.0,0.19999999999999996,1.0,0.09999999999999998,1.0,0.050000000000000044
CONTROL N=100,100,OOD_FAR_masas_extremas_02,ood_far,masas_extremas,1,0.6055344268403091,1,2,0.003262565827717774,1.0,0.7,1.0,0.5,1.0,0.19999999999999996,1.0,0.09999999999999998,1.0,0.050000000000000044
CONTROL N=100,100,OOD_FAR_masas_extremas_02,ood_far,masas_extremas,2,1.2110688536806182,1,2,0.0041879109989850895,1.0,0.7,1.0,0.5,1.0,0.19999999999999996,1.0,0.09999999999999998,1.0,0.050000000000000044
CONTROL N=100,100,OOD_FAR_masas_extremas_02,ood_far,masas_extremas,3,1.8166032805209273,1,2,0.006180862048315589,1.0,0.7,1.0,0.5,1.0,0.19999999999999996,1.0,0.09999999999999998,1.0,0.050000000000000044
CONTROL N=100,100,OOD_FAR_masas_extremas_02,ood_far,masas_extremas,4,2.4221377073612365,1,2,0.005013663668365254,1.0,0.7,1.0,0.5,1.0,0.19999999999999996,1.0,0.09999999999999998,1.0,0.050000000000000044
CONTROL N=100,100,OOD_FAR_masas_extremas_02,ood_far,masas_extremas,5,3.027672134201546,1,2,0.0036064384290095557,1.0,0.7,1.0,0.5,1.0,0.19999999999999996,1.0,0.09999999999999998,1.0,0.050000000000000044
CONTROL N=100,100,OOD_FAR_masas_extremas_02,ood_far,masas_extremas,6,3.633206561041855,1,2,0.0034780893406186324,1.0,0.7,1.0,0.5,1.0,0.19999999999999996,1.0,0.09999999999999998,1.0,0.050000000000000044
CONTROL N=100,100,OOD_FAR_masas_extremas_02,ood_far,masas_extremas,7,4.238740987882164,1,2,0.003764022252835118,1.0,0.7,1.0,0.5,1.0,0.19999999999999996,1.0,0.09999999999999998,1.0,0.050000000000000044
CONTROL N=100,100,OOD_FAR_masas_extremas_02,ood_far,masas_extremas,8,4.844275414722473,1,2,0.004569635768338267,1.0,0.7,1.0,0.5,1.0,0.19999999999999996,1.0,0.09999999999999998,1.0,0.050000000000000044
CONTROL N=100,100,OOD_FAR_masas_extremas_02,ood_far,masas_extremas,9,5.449809841562782,1,2,0.0038784643434216916,1.0,0.7,1.0,0.5,1.0,0.19999999999999996,1.0,0.09999999999999998,1.0,0.050000000000000044
CONTROL N=100,100,OOD_FAR_masas_extremas_02,ood_far,masas_extremas,10,6.055344268403092,1,2,0.0038851326190712677,1.0,0.7,1.0,0.5,1.0,0.19999999999999996,1.0,0.09999999999999998,1.0,0.050000000000000044
CONTROL N=100,100,OOD_FAR_masas_extremas_03,ood_far,masas_extremas,1,0.477650591694929,1,2,0.002750590524642563,1.0,0.7,1.0,0.5,1.0,0.19999999999999996,1.0,0.09999999999999998,1.0,0.050000000000000044
CONTROL N=100,100,OOD_FAR_masas_extremas_03,ood_far,masas_extremas,2,0.9553011833898579,1,2,0.0037848517738843196,1.0,0.7,1.0,0.5,1.0,0.19999999999999996,1.0,0.09999999999999998,1.0,0.050000000000000044
CONTROL N=100,100,OOD_FAR_masas_extremas_03,ood_far,masas_extremas,3,1.4329517750847869,1,2,0.00452834702475354,1.0,0.7,1.0,0.5,1.0,0.19999999999999996,1.0,0.09999999999999998,1.0,0.050000000000000044
CONTROL N=100,100,OOD_FAR_masas_extremas_03,ood_far,masas_extremas,4,1.9106023667797158,1,2,0.0053488063113457905,1.0,0.7,1.0,0.5,1.0,0.19999999999999996,1.0,0.09999999999999998,1.0,0.050000000000000044
CONTROL N=100,100,OOD_FAR_masas_extremas_03,ood_far,masas_extremas,5,2.388252958474645,1,2,0.004215276532443094,1.0,0.7,1.0,0.5,1.0,0.19999999999999996,1.0,0.09999999999999998,1.0,0.050000000000000044
CONTROL N=100,100,OOD_FAR_masas_extremas_03,ood_far,masas_extremas,6,2.865903550169574,1,2,0.004102539137604711,1.0,0.7,1.0,0.5,1.0,0.19999999999999996,1.0,0.09999999999999998,1.0,0.050000000000000044
CONTROL N=100,100,OOD_FAR_masas_extremas_03,ood_far,masas_extremas,7,3.343554141864503,1,2,0.0032062233460868296,1.0,0.7,1.0,0.5,1.0,0.19999999999999996,1.0,0.09999999999999998,1.0,0.050000000000000044
CONTROL N=100,100,OOD_FAR_masas_extremas_03,ood_far,masas_extremas,8,3.8212047335594317,1,2,0.004259761918088805,1.0,0.7,1.0,0.5,1.0,0.19999999999999996,1.0,0.09999999999999998,1.0,0.050000000000000044
CONTROL N=100,100,OOD_FAR_masas_extremas_03,ood_far,masas_extremas,9,4.298855325254361,1,2,0.003969565550285585,1.0,0.7,1.0,0.5,1.0,0.19999999999999996,1.0,0.09999999999999998,1.0,0.050000000000000044
CONTROL N=100,100,OOD_FAR_masas_extremas_03,ood_far,masas_extremas,10,4.77650591694929,1,2,0.004874822175501508,1.0,0.7,1.0,0.5,1.0,0.19999999999999996,1.0,0.09999999999999998,1.0,0.050000000000000044
CONTROL N=100,100,OOD_FAR_no_virializado_00,ood_far,no_virializado,1,1.5,8,8,2.918410001691066e-06,1.0,0.7,1.0,0.5,1.0,0.19999999999999996,1.0,0.09999999999999998,1.0,0.050000000000000044
CONTROL N=100,100,OOD_FAR_no_virializado_00,ood_far,no_virializado,2,3.0,7,7,1.0483589213820763e-05,1.0,0.7,1.0,0.5,1.0,0.19999999999999996,1.0,0.09999999999999998,1.0,0.050000000000000044
CONTROL N=100,100,OOD_FAR_no_virializado_00,ood_far,no_virializado,3,4.5,7,7,8.512132859091264e-06,1.0,0.7,1.0,0.5,1.0,0.19999999999999996,1.0,0.09999999999999998,1.0,0.050000000000000044
CONTROL N=100,100,OOD_FAR_no_virializado_00,ood_far,no_virializado,4,6.0,5,5,7.997483801078478e-05,1.0,0.7,1.0,0.5,1.0,0.19999999999999996,1.0,0.09999999999999998,1.0,0.050000000000000044
CONTROL N=100,100,OOD_FAR_no_virializado_00,ood_far,no_virializado,5,7.5,1,2,0.005008777951833891,1.0,0.7,1.0,0.5,1.0,0.19999999999999996,1.0,0.09999999999999998,1.0,0.050000000000000044
CONTROL N=100,100,OOD_FAR_no_virializado_00,ood_far,no_virializado,6,9.0,3,3,0.001170741203379725,1.0,0.7,1.0,0.5,1.0,0.19999999999999996,1.0,0.09999999999999998,1.0,0.050000000000000044
CONTROL N=100,100,OOD_FAR_no_virializado_00,ood_far,no_virializado,7,10.5,5,5,9.302893435779631e-05,1.0,0.7,1.0,0.5,1.0,0.19999999999999996,1.0,0.09999999999999998,1.0,0.050000000000000044
CONTROL N=100,100,OOD_FAR_no_virializado_00,ood_far,no_virializado,8,12.0,6,6,4.5019113395255964e-05,1.0,0.7,1.0,0.5,1.0,0.19999999999999996,1.0,0.09999999999999998,1.0,0.050000000000000044
CONTROL N=100,100,OOD_FAR_no_virializado_00,ood_far,no_virializado,9,13.5,6,6,6.773946895829739e-05,1.0,0.7,1.0,0.5,1.0,0.19999999999999996,1.0,0.09999999999999998,1.0,0.050000000000000044
CONTROL N=100,100,OOD_FAR_no_virializado_00,ood_far,no_virializado,10,15.0,6,6,6.648596789939865e-05,1.0,0.7,1.0,0.5,1.0,0.19999999999999996,1.0,0.09999999999999998,1.0,0.050000000000000044
CONTROL N=100,100,OOD_FAR_no_virializado_01,ood_far,no_virializado,1,1.5,8,8,1.475874604540387e-06,1.0,0.7,1.0,0.5,1.0,0.19999999999999996,1.0,0.09999999999999998,1.0,0.050000000000000044
CONTROL N=100,100,OOD_FAR_no_virializado_01,ood_far,no_virializado,2,3.0,8,8,0.0006404930580510601,1.0,0.7,1.0,0.5,1.0,0.19999999999999996,1.0,0.09999999999999998,1.0,0.050000000000000044
CONTROL N=100,100,OOD_FAR_no_virializado_01,ood_far,no_virializado,3,4.5,7,7,0.0009104406301350754,1.0,0.7,1.0,0.5,1.0,0.19999999999999996,1.0,0.09999999999999998,1.0,0.050000000000000044
CONTROL N=100,100,OOD_FAR_no_virializado_01,ood_far,no_virializado,4,6.0,7,7,0.0003990944065821573,1.0,0.7,1.0,0.5,1.0,0.19999999999999996,1.0,0.09999999999999998,1.0,0.050000000000000044
CONTROL N=100,100,OOD_FAR_no_virializado_01,ood_far,no_virializado,5,7.5,6,6,5.035593138100198e-05,1.0,0.7,1.0,0.5,1.0,0.19999999999999996,1.0,0.09999999999999998,1.0,0.050000000000000044
CONTROL N=100,100,OOD_FAR_no_virializado_01,ood_far,no_virializado,6,9.0,5,5,0.00015175360195983403,1.0,0.7,1.0,0.5,1.0,0.19999999999999996,1.0,0.09999999999999998,1.0,0.050000000000000044
CONTROL N=100,100,OOD_FAR_no_virializado_01,ood_far,no_virializado,7,10.5,7,7,0.00028839606301179306,1.0,0.7,1.0,0.5,1.0,0.19999999999999996,1.0,0.09999999999999998,1.0,0.050000000000000044
CONTROL N=100,100,OOD_FAR_no_virializado_01,ood_far,no_virializado,8,12.0,6,6,0.0005909628899192532,1.0,0.7,1.0,0.5,1.0,0.19999999999999996,1.0,0.09999999999999998,1.0,0.050000000000000044
CONTROL N=100,100,OOD_FAR_no_virializado_01,ood_far,no_virializado,9,13.5,6,6,0.0007212550899728293,1.0,0.7,1.0,0.5,1.0,0.19999999999999996,1.0,0.09999999999999998,1.0,0.050000000000000044
CONTROL N=100,100,OOD_FAR_no_virializado_01,ood_far,no_virializado,10,15.0,4,4,0.000244988269244794,1.0,0.7,1.0,0.5,1.0,0.19999999999999996,1.0,0.09999999999999998,1.0,0.050000000000000044
CONTROL N=100,100,OOD_FAR_no_virializado_02,ood_far,no_virializado,1,1.5,2,2,0.004661328664437552,0.92,0.6200000000000001,1.0,0.5,1.0,0.19999999999999996,1.0,0.09999999999999998,1.0,0.050000000000000044
CONTROL N=100,100,OOD_FAR_no_virializado_02,ood_far,no_virializado,2,3.0,1,2,0.0013935464276561913,0.12,0.18,0.92,0.42000000000000004,1.0,0.19999999999999996,1.0,0.09999999999999998,1.0,0.050000000000000044
CONTROL N=100,100,OOD_FAR_no_virializado_02,ood_far,no_virializado,3,4.5,1,2,0.001307858440880442,0.0,0.3,0.16,0.33999999999999997,1.0,0.19999999999999996,1.0,0.09999999999999998,1.0,0.050000000000000044
CONTROL N=100,100,OOD_FAR_no_virializado_02,ood_far,no_virializado,4,6.0,1,2,0.0012251737935141016,0.0,0.3,0.16,0.33999999999999997,1.0,0.19999999999999996,1.0,0.09999999999999998,1.0,0.050000000000000044
CONTROL N=100,100,OOD_FAR_no_virializado_02,ood_far,no_virializado,5,7.5,1,2,0.0010412665409654201,0.0,0.3,0.48,0.020000000000000018,1.0,0.19999999999999996,1.0,0.09999999999999998,1.0,0.050000000000000044
CONTROL N=100,100,OOD_FAR_no_virializado_02,ood_far,no_virializado,6,9.0,2,2,0.0028108803705559297,0.0,0.3,0.92,0.42000000000000004,1.0,0.19999999999999996,1.0,0.09999999999999998,1.0,0.050000000000000044
CONTROL N=100,100,OOD_FAR_no_virializado_02,ood_far,no_virializado,7,10.5,2,2,0.000902435094462701,0.0,0.3,0.24,0.26,1.0,0.19999999999999996,1.0,0.09999999999999998,1.0,0.050000000000000044
CONTROL N=100,100,OOD_FAR_no_virializado_02,ood_far,no_virializado,8,12.0,1,2,0.0011981364330519698,0.0,0.3,0.08,0.42,1.0,0.19999999999999996,1.0,0.09999999999999998,1.0,0.050000000000000044
CONTROL N=100,100,OOD_FAR_no_virializado_02,ood_far,no_virializado,9,13.5,1,2,0.001166454479595084,0.0,0.3,0.04,0.46,1.0,0.19999999999999996,1.0,0.09999999999999998,1.0,0.050000000000000044
CONTROL N=100,100,OOD_FAR_no_virializado_02,ood_far,no_virializado,10,15.0,1,2,0.0012225369704433199,0.0,0.3,0.32,0.18,1.0,0.19999999999999996,1.0,0.09999999999999998,1.0,0.050000000000000044
CONTROL N=100,100,OOD_FAR_no_virializado_03,ood_far,no_virializado,1,1.5,1,2,0.0061465647513015125,1.0,0.7,1.0,0.5,1.0,0.19999999999999996,1.0,0.09999999999999998,1.0,0.050000000000000044
CONTROL N=100,100,OOD_FAR_no_virializado_03,ood_far,no_virializado,2,3.0,4,4,0.00039723095461497923,1.0,0.7,1.0,0.5,1.0,0.19999999999999996,1.0,0.09999999999999998,1.0,0.050000000000000044
CONTROL N=100,100,OOD_FAR_no_virializado_03,ood_far,no_virializado,3,4.5,3,3,0.0021903532290117995,1.0,0.7,1.0,0.5,1.0,0.19999999999999996,1.0,0.09999999999999998,1.0,0.050000000000000044
CONTROL N=100,100,OOD_FAR_no_virializado_03,ood_far,no_virializado,4,6.0,2,2,0.00773978622867441,1.0,0.7,1.0,0.5,1.0,0.19999999999999996,1.0,0.09999999999999998,1.0,0.050000000000000044
CONTROL N=100,100,OOD_FAR_no_virializado_03,ood_far,no_virializado,5,7.5,2,2,0.007207712162338244,1.0,0.7,1.0,0.5,1.0,0.19999999999999996,1.0,0.09999999999999998,1.0,0.050000000000000044
CONTROL N=100,100,OOD_FAR_no_virializado_03,ood_far,no_virializado,6,9.0,2,2,0.006333371298228725,1.0,0.7,1.0,0.5,1.0,0.19999999999999996,1.0,0.09999999999999998,1.0,0.050000000000000044
CONTROL N=100,100,OOD_FAR_no_virializado_03,ood_far,no_virializado,7,10.5,2,2,0.0054554344722858245,0.12,0.18,1.0,0.5,1.0,0.19999999999999996,1.0,0.09999999999999998,1.0,0.050000000000000044
CONTROL N=100,100,OOD_FAR_no_virializado_03,ood_far,no_virializado,8,12.0,1,2,0.003186701847858397,1.0,0.7,1.0,0.5,1.0,0.19999999999999996,1.0,0.09999999999999998,1.0,0.050000000000000044
CONTROL N=100,100,OOD_FAR_no_virializado_03,ood_far,no_virializado,9,13.5,1,2,0.002843900995165549,0.92,0.6200000000000001,1.0,0.5,1.0,0.19999999999999996,1.0,0.09999999999999998,1.0,0.050000000000000044
CONTROL N=100,100,OOD_FAR_no_virializado_03,ood_far,no_virializado,10,15.0,2,2,0.001675880842703089,0.76,0.46,1.0,0.5,1.0,0.19999999999999996,1.0,0.09999999999999998,1.0,0.050000000000000044
CONTROL N=200,200,ID_figura_ocho_00,in_distribution,figura_ocho,1,1.5,4,4,8.168632850164344e-05,1.0,0.7,1.0,0.5,1.0,0.19999999999999996,1.0,0.09999999999999998,1.0,0.050000000000000044
CONTROL N=200,200,ID_figura_ocho_00,in_distribution,figura_ocho,2,3.0,2,2,0.008304880301466297,0.24,0.06,1.0,0.5,1.0,0.19999999999999996,1.0,0.09999999999999998,1.0,0.050000000000000044
CONTROL N=200,200,ID_figura_ocho_00,in_distribution,figura_ocho,3,4.5,2,2,0.007225207483862759,0.32,0.020000000000000018,1.0,0.5,1.0,0.19999999999999996,1.0,0.09999999999999998,1.0,0.050000000000000044
CONTROL N=200,200,ID_figura_ocho_00,in_distribution,figura_ocho,4,6.0,2,2,0.006735470774433598,1.0,0.7,1.0,0.5,1.0,0.19999999999999996,1.0,0.09999999999999998,1.0,0.050000000000000044
CONTROL N=200,200,ID_figura_ocho_00,in_distribution,figura_ocho,5,7.5,2,2,0.007914022998667405,0.08,0.21999999999999997,1.0,0.5,1.0,0.19999999999999996,1.0,0.09999999999999998,1.0,0.050000000000000044
CONTROL N=200,200,ID_figura_ocho_00,in_distribution,figura_ocho,6,9.0,2,2,0.007892472194831818,0.0,0.3,0.96,0.45999999999999996,1.0,0.19999999999999996,1.0,0.09999999999999998,1.0,0.050000000000000044
CONTROL N=200,200,ID_figura_ocho_00,in_distribution,figura_ocho,7,10.5,2,2,0.010048853856034504,1.0,0.7,1.0,0.5,1.0,0.19999999999999996,1.0,0.09999999999999998,1.0,0.050000000000000044
CONTROL N=200,200,ID_figura_ocho_00,in_distribution,figura_ocho,8,12.0,2,2,0.010543407262796069,1.0,0.7,1.0,0.5,1.0,0.19999999999999996,1.0,0.09999999999999998,1.0,0.050000000000000044
CONTROL N=200,200,ID_figura_ocho_00,in_distribution,figura_ocho,9,13.5,2,2,0.00782688463179985,0.16,0.13999999999999999,1.0,0.5,1.0,0.19999999999999996,1.0,0.09999999999999998,1.0,0.050000000000000044
CONTROL N=200,200,ID_figura_ocho_00,in_distribution,figura_ocho,10,15.0,2,2,0.012462558046191502,1.0,0.7,1.0,0.5,1.0,0.19999999999999996,1.0,0.09999999999999998,1.0,0.050000000000000044
CONTROL N=200,200,ID_figura_ocho_01,in_distribution,figura_ocho,1,1.5,5,5,2.2209849091691424e-05,1.0,0.7,1.0,0.5,1.0,0.19999999999999996,1.0,0.09999999999999998,1.0,0.050000000000000044
CONTROL N=200,200,ID_figura_ocho_01,in_distribution,figura_ocho,2,3.0,3,3,0.0009571725921543165,0.72,0.42,1.0,0.5,1.0,0.19999999999999996,1.0,0.09999999999999998,1.0,0.050000000000000044
CONTROL N=200,200,ID_figura_ocho_01,in_distribution,figura_ocho,3,4.5,2,2,0.008365032940751516,0.76,0.46,1.0,0.5,1.0,0.19999999999999996,1.0,0.09999999999999998,1.0,0.050000000000000044
CONTROL N=200,200,ID_figura_ocho_01,in_distribution,figura_ocho,4,6.0,2,2,0.006282557428520142,1.0,0.7,1.0,0.5,1.0,0.19999999999999996,1.0,0.09999999999999998,1.0,0.050000000000000044
CONTROL N=200,200,ID_figura_ocho_01,in_distribution,figura_ocho,5,7.5,2,2,0.01023850214172583,1.0,0.7,1.0,0.5,1.0,0.19999999999999996,1.0,0.09999999999999998,1.0,0.050000000000000044
CONTROL N=200,200,ID_figura_ocho_01,in_distribution,figura_ocho,6,9.0,2,2,0.0071384934540902716,1.0,0.7,1.0,0.5,1.0,0.19999999999999996,1.0,0.09999999999999998,1.0,0.050000000000000044
CONTROL N=200,200,ID_figura_ocho_01,in_distribution,figura_ocho,7,10.5,2,2,0.008783855830202483,0.92,0.6200000000000001,1.0,0.5,1.0,0.19999999999999996,1.0,0.09999999999999998,1.0,0.050000000000000044
CONTROL N=200,200,ID_figura_ocho_01,in_distribution,figura_ocho,8,12.0,2,2,0.007623295816217184,1.0,0.7,1.0,0.5,1.0,0.19999999999999996,1.0,0.09999999999999998,1.0,0.050000000000000044
CONTROL N=200,200,ID_figura_ocho_01,in_distribution,figura_ocho,9,13.5,2,2,0.00941090928176881,1.0,0.7,1.0,0.5,1.0,0.19999999999999996,1.0,0.09999999999999998,1.0,0.050000000000000044
CONTROL N=200,200,ID_figura_ocho_01,in_distribution,figura_ocho,10,15.0,2,2,0.008288641910957453,1.0,0.7,1.0,0.5,1.0,0.19999999999999996,1.0,0.09999999999999998,1.0,0.050000000000000044
CONTROL N=200,200,ID_figura_ocho_02,in_distribution,figura_ocho,1,1.5,6,6,6.077440458542687e-06,1.0,0.7,1.0,0.5,1.0,0.19999999999999996,1.0,0.09999999999999998,1.0,0.050000000000000044
CONTROL N=200,200,ID_figura_ocho_02,in_distribution,figura_ocho,2,3.0,2,2,0.005711090953355786,0.48,0.18,1.0,0.5,1.0,0.19999999999999996,1.0,0.09999999999999998,1.0,0.050000000000000044
CONTROL N=200,200,ID_figura_ocho_02,in_distribution,figura_ocho,3,4.5,2,2,0.012191712525150038,1.0,0.7,1.0,0.5,1.0,0.19999999999999996,1.0,0.09999999999999998,1.0,0.050000000000000044
CONTROL N=200,200,ID_figura_ocho_02,in_distribution,figura_ocho,4,6.0,2,2,0.0071111113035464794,0.96,0.6599999999999999,1.0,0.5,1.0,0.19999999999999996,1.0,0.09999999999999998,1.0,0.050000000000000044
CONTROL N=200,200,ID_figura_ocho_02,in_distribution,figura_ocho,5,7.5,2,2,0.010479933093758748,1.0,0.7,1.0,0.5,1.0,0.19999999999999996,1.0,0.09999999999999998,1.0,0.050000000000000044
CONTROL N=200,200,ID_figura_ocho_02,in_distribution,figura_ocho,6,9.0,2,2,0.009696207941442806,1.0,0.7,1.0,0.5,1.0,0.19999999999999996,1.0,0.09999999999999998,1.0,0.050000000000000044
CONTROL N=200,200,ID_figura_ocho_02,in_distribution,figura_ocho,7,10.5,2,2,0.009487618634960454,1.0,0.7,1.0,0.5,1.0,0.19999999999999996,1.0,0.09999999999999998,1.0,0.050000000000000044
CONTROL N=200,200,ID_figura_ocho_02,in_distribution,figura_ocho,8,12.0,2,2,0.008592024296318706,1.0,0.7,1.0,0.5,1.0,0.19999999999999996,1.0,0.09999999999999998,1.0,0.050000000000000044
CONTROL N=200,200,ID_figura_ocho_02,in_distribution,figura_ocho,9,13.5,2,2,0.010384270620258177,1.0,0.7,1.0,0.5,1.0,0.19999999999999996,1.0,0.09999999999999998,1.0,0.050000000000000044
CONTROL N=200,200,ID_figura_ocho_02,in_distribution,figura_ocho,10,15.0,2,2,0.010522177874285695,0.84,0.54,1.0,0.5,1.0,0.19999999999999996,1.0,0.09999999999999998,1.0,0.050000000000000044
CONTROL N=200,200,ID_figura_ocho_03,in_distribution,figura_ocho,1,1.5,4,4,0.00013051491435151153,1.0,0.7,1.0,0.5,1.0,0.19999999999999996,1.0,0.09999999999999998,1.0,0.050000000000000044
CONTROL N=200,200,ID_figura_ocho_03,in_distribution,figura_ocho,2,3.0,2,2,0.006869280252948789,1.0,0.7,1.0,0.5,1.0,0.19999999999999996,1.0,0.09999999999999998,1.0,0.050000000000000044
CONTROL N=200,200,ID_figura_ocho_03,in_distribution,figura_ocho,3,4.5,2,2,0.010555572601570347,0.92,0.6200000000000001,1.0,0.5,1.0,0.19999999999999996,1.0,0.09999999999999998,1.0,0.050000000000000044
CONTROL N=200,200,ID_figura_ocho_03,in_distribution,figura_ocho,4,6.0,2,2,0.00878777489886255,1.0,0.7,1.0,0.5,1.0,0.19999999999999996,1.0,0.09999999999999998,1.0,0.050000000000000044
CONTROL N=200,200,ID_figura_ocho_03,in_distribution,figura_ocho,5,7.5,2,2,0.012683716405032214,1.0,0.7,1.0,0.5,1.0,0.19999999999999996,1.0,0.09999999999999998,1.0,0.050000000000000044
CONTROL N=200,200,ID_figura_ocho_03,in_distribution,figura_ocho,6,9.0,2,2,0.007736423681674155,1.0,0.7,1.0,0.5,1.0,0.19999999999999996,1.0,0.09999999999999998,1.0,0.050000000000000044
CONTROL N=200,200,ID_figura_ocho_03,in_distribution,figura_ocho,7,10.5,2,2,0.00939556288218877,1.0,0.7,1.0,0.5,1.0,0.19999999999999996,1.0,0.09999999999999998,1.0,0.050000000000000044
CONTROL N=200,200,ID_figura_ocho_03,in_distribution,figura_ocho,8,12.0,2,2,0.010299998867492959,1.0,0.7,1.0,0.5,1.0,0.19999999999999996,1.0,0.09999999999999998,1.0,0.050000000000000044
CONTROL N=200,200,ID_figura_ocho_03,in_distribution,figura_ocho,9,13.5,2,2,0.011318669430626377,1.0,0.7,1.0,0.5,1.0,0.19999999999999996,1.0,0.09999999999999998,1.0,0.050000000000000044
CONTROL N=200,200,ID_figura_ocho_03,in_distribution,figura_ocho,10,15.0,2,2,0.007743576947965767,1.0,0.7,1.0,0.5,1.0,0.19999999999999996,1.0,0.09999999999999998,1.0,0.050000000000000044
CONTROL N=200,200,ID_jerarquico_00,in_distribution,jerarquico,1,0.471266491421797,1,2,0.0008318109647702283,1.0,0.7,1.0,0.5,1.0,0.19999999999999996,1.0,0.09999999999999998,1.0,0.050000000000000044
CONTROL N=200,200,ID_jerarquico_00,in_distribution,jerarquico,2,0.942532982843594,1,2,0.00042509915848140017,0.72,0.42,1.0,0.5,1.0,0.19999999999999996,1.0,0.09999999999999998,1.0,0.050000000000000044
CONTROL N=200,200,ID_jerarquico_00,in_distribution,jerarquico,3,1.413799474265391,1,2,0.0003611993174284439,0.16,0.13999999999999999,0.72,0.21999999999999997,1.0,0.19999999999999996,1.0,0.09999999999999998,1.0,0.050000000000000044
CONTROL N=200,200,ID_jerarquico_00,in_distribution,jerarquico,4,1.8850659656871882,1,2,0.0003783420613635903,0.6,0.3,1.0,0.5,1.0,0.19999999999999996,1.0,0.09999999999999998,1.0,0.050000000000000044
CONTROL N=200,200,ID_jerarquico_00,in_distribution,jerarquico,5,2.3563324571089854,1,2,0.00038956919067390693,0.0,0.3,0.12,0.38,1.0,0.19999999999999996,1.0,0.09999999999999998,1.0,0.050000000000000044
CONTROL N=200,200,ID_jerarquico_00,in_distribution,jerarquico,6,2.8275989485307824,1,2,0.0003480453996545802,0.52,0.22000000000000003,1.0,0.5,1.0,0.19999999999999996,1.0,0.09999999999999998,1.0,0.050000000000000044
CONTROL N=200,200,ID_jerarquico_00,in_distribution,jerarquico,7,3.2988654399525794,1,2,0.00035453087090910686,0.0,0.3,0.64,0.14,1.0,0.19999999999999996,1.0,0.09999999999999998,1.0,0.050000000000000044
CONTROL N=200,200,ID_jerarquico_00,in_distribution,jerarquico,8,3.7701319313743764,1,2,0.00035896328417899155,0.48,0.18,1.0,0.5,1.0,0.19999999999999996,1.0,0.09999999999999998,1.0,0.050000000000000044
CONTROL N=200,200,ID_jerarquico_00,in_distribution,jerarquico,9,4.241398422796173,1,2,0.00035092021496871146,0.0,0.3,0.92,0.42000000000000004,1.0,0.19999999999999996,1.0,0.09999999999999998,1.0,0.050000000000000044
CONTROL N=200,200,ID_jerarquico_00,in_distribution,jerarquico,10,4.71266491421797,1,2,0.0003660702803111528,0.52,0.22000000000000003,1.0,0.5,1.0,0.19999999999999996,1.0,0.09999999999999998,1.0,0.050000000000000044
CONTROL N=200,200,ID_jerarquico_01,in_distribution,jerarquico,1,0.4416475528509517,1,2,0.0007654821483814819,0.4,0.10000000000000003,0.76,0.26,1.0,0.19999999999999996,1.0,0.09999999999999998,1.0,0.050000000000000044
CONTROL N=200,200,ID_jerarquico_01,in_distribution,jerarquico,2,0.8832951057019034,1,2,0.00035766417462582936,0.92,0.6200000000000001,1.0,0.5,1.0,0.19999999999999996,1.0,0.09999999999999998,1.0,0.050000000000000044
CONTROL N=200,200,ID_jerarquico_01,in_distribution,jerarquico,3,1.324942658552855,1,2,0.00028181383942515635,0.8,0.5,1.0,0.5,1.0,0.19999999999999996,1.0,0.09999999999999998,1.0,0.050000000000000044
CONTROL N=200,200,ID_jerarquico_01,in_distribution,jerarquico,4,1.7665902114038068,1,2,0.000325833716867083,0.8,0.5,1.0,0.5,1.0,0.19999999999999996,1.0,0.09999999999999998,1.0,0.050000000000000044
CONTROL N=200,200,ID_jerarquico_01,in_distribution,jerarquico,5,2.2082377642547586,1,2,0.0002764892194233695,1.0,0.7,1.0,0.5,1.0,0.19999999999999996,1.0,0.09999999999999998,1.0,0.050000000000000044
CONTROL N=200,200,ID_jerarquico_01,in_distribution,jerarquico,6,2.6498853171057104,1,2,0.0003315751554517696,0.6,0.3,1.0,0.5,1.0,0.19999999999999996,1.0,0.09999999999999998,1.0,0.050000000000000044
CONTROL N=200,200,ID_jerarquico_01,in_distribution,jerarquico,7,3.0915328699566618,1,2,0.0002961764076959369,0.84,0.54,1.0,0.5,1.0,0.19999999999999996,1.0,0.09999999999999998,1.0,0.050000000000000044
CONTROL N=200,200,ID_jerarquico_01,in_distribution,jerarquico,8,3.5331804228076136,1,2,0.000340129049455655,0.56,0.26000000000000006,1.0,0.5,1.0,0.19999999999999996,1.0,0.09999999999999998,1.0,0.050000000000000044
CONTROL N=200,200,ID_jerarquico_01,in_distribution,jerarquico,9,3.9748279756585654,1,2,0.0003062189670196639,0.92,0.6200000000000001,1.0,0.5,1.0,0.19999999999999996,1.0,0.09999999999999998,1.0,0.050000000000000044
CONTROL N=200,200,ID_jerarquico_01,in_distribution,jerarquico,10,4.416475528509517,1,2,0.0003409124789028543,0.56,0.26000000000000006,1.0,0.5,1.0,0.19999999999999996,1.0,0.09999999999999998,1.0,0.050000000000000044
CONTROL N=200,200,ID_jerarquico_02,in_distribution,jerarquico,1,0.36917309782390384,1,2,0.0009138012753776343,0.76,0.46,0.96,0.45999999999999996,1.0,0.19999999999999996,1.0,0.09999999999999998,1.0,0.050000000000000044
CONTROL N=200,200,ID_jerarquico_02,in_distribution,jerarquico,2,0.7383461956478077,1,2,0.00037480850282167136,0.0,0.3,0.08,0.42,1.0,0.19999999999999996,1.0,0.09999999999999998,1.0,0.050000000000000044
CONTROL N=200,200,ID_jerarquico_02,in_distribution,jerarquico,3,1.1075192934717115,1,2,0.00034732607204969663,0.44,0.14,0.92,0.42000000000000004,1.0,0.19999999999999996,1.0,0.09999999999999998,1.0,0.050000000000000044
CONTROL N=200,200,ID_jerarquico_02,in_distribution,jerarquico,4,1.4766923912956154,1,2,0.0002845580559046213,0.0,0.3,0.0,0.5,1.0,0.19999999999999996,1.0,0.09999999999999998,1.0,0.050000000000000044
CONTROL N=200,200,ID_jerarquico_02,in_distribution,jerarquico,5,1.8458654891195192,1,2,0.00030828802613536263,0.0,0.3,1.0,0.5,1.0,0.19999999999999996,1.0,0.09999999999999998,1.0,0.050000000000000044
CONTROL N=200,200,ID_jerarquico_02,in_distribution,jerarquico,6,2.215038586943423,1,2,0.00031230468604623486,0.0,0.3,0.08,0.42,1.0,0.19999999999999996,1.0,0.09999999999999998,1.0,0.050000000000000044
CONTROL N=200,200,ID_jerarquico_02,in_distribution,jerarquico,7,2.584211684767327,1,2,0.00034547975941581457,0.0,0.3,0.96,0.45999999999999996,1.0,0.19999999999999996,1.0,0.09999999999999998,1.0,0.050000000000000044
CONTROL N=200,200,ID_jerarquico_02,in_distribution,jerarquico,8,2.9533847825912307,1,2,0.00029751791227073824,0.0,0.3,0.08,0.42,1.0,0.19999999999999996,1.0,0.09999999999999998,1.0,0.050000000000000044
CONTROL N=200,200,ID_jerarquico_02,in_distribution,jerarquico,9,3.3225578804151343,1,2,0.0003134795638146786,0.28,0.019999999999999962,0.92,0.42000000000000004,1.0,0.19999999999999996,1.0,0.09999999999999998,1.0,0.050000000000000044
CONTROL N=200,200,ID_jerarquico_02,in_distribution,jerarquico,10,3.6917309782390384,1,2,0.0002932916838219323,0.0,0.3,0.08,0.42,1.0,0.19999999999999996,1.0,0.09999999999999998,1.0,0.050000000000000044
CONTROL N=200,200,ID_jerarquico_03,in_distribution,jerarquico,1,0.4524831053122072,1,2,0.0009441757868868458,0.32,0.020000000000000018,1.0,0.5,1.0,0.19999999999999996,1.0,0.09999999999999998,1.0,0.050000000000000044
CONTROL N=200,200,ID_jerarquico_03,in_distribution,jerarquico,2,0.9049662106244144,1,2,0.00032131467018264994,1.0,0.7,1.0,0.5,1.0,0.19999999999999996,1.0,0.09999999999999998,1.0,0.050000000000000044
CONTROL N=200,200,ID_jerarquico_03,in_distribution,jerarquico,3,1.3574493159366217,1,2,0.0003280491104623006,0.56,0.26000000000000006,1.0,0.5,1.0,0.19999999999999996,1.0,0.09999999999999998,1.0,0.050000000000000044
CONTROL N=200,200,ID_jerarquico_03,in_distribution,jerarquico,4,1.8099324212488288,1,2,0.000289411086845828,0.96,0.6599999999999999,1.0,0.5,1.0,0.19999999999999996,1.0,0.09999999999999998,1.0,0.050000000000000044
CONTROL N=200,200,ID_jerarquico_03,in_distribution,jerarquico,5,2.262415526561036,1,2,0.00027618448006732537,1.0,0.7,1.0,0.5,1.0,0.19999999999999996,1.0,0.09999999999999998,1.0,0.050000000000000044
CONTROL N=200,200,ID_jerarquico_03,in_distribution,jerarquico,6,2.7148986318732433,1,2,0.00029207157946186475,0.92,0.6200000000000001,1.0,0.5,1.0,0.19999999999999996,1.0,0.09999999999999998,1.0,0.050000000000000044
CONTROL N=200,200,ID_jerarquico_03,in_distribution,jerarquico,7,3.1673817371854507,1,2,0.0002923579040708133,1.0,0.7,1.0,0.5,1.0,0.19999999999999996,1.0,0.09999999999999998,1.0,0.050000000000000044
CONTROL N=200,200,ID_jerarquico_03,in_distribution,jerarquico,8,3.6198648424976576,1,2,0.00030025708282502826,0.92,0.6200000000000001,1.0,0.5,1.0,0.19999999999999996,1.0,0.09999999999999998,1.0,0.050000000000000044
CONTROL N=200,200,ID_jerarquico_03,in_distribution,jerarquico,9,4.072347947809865,1,2,0.0013800059660488788,0.52,0.22000000000000003,1.0,0.5,1.0,0.19999999999999996,1.0,0.09999999999999998,1.0,0.050000000000000044
CONTROL N=200,200,ID_jerarquico_03,in_distribution,jerarquico,10,4.524831053122072,2,2,0.00038060876810476143,0.92,0.6200000000000001,1.0,0.5,1.0,0.19999999999999996,1.0,0.09999999999999998,1.0,0.050000000000000044
CONTROL N=200,200,ID_resonancia_00,in_distribution,resonancia,1,0.39678810308029255,1,2,0.0033280039854349727,1.0,0.7,1.0,0.5,1.0,0.19999999999999996,1.0,0.09999999999999998,1.0,0.050000000000000044
CONTROL N=200,200,ID_resonancia_00,in_distribution,resonancia,2,0.7935762061605851,2,2,0.0036790032586153138,1.0,0.7,1.0,0.5,1.0,0.19999999999999996,1.0,0.09999999999999998,1.0,0.050000000000000044
CONTROL N=200,200,ID_resonancia_00,in_distribution,resonancia,3,1.1903643092408775,2,2,0.010671524083607444,1.0,0.7,1.0,0.5,1.0,0.19999999999999996,1.0,0.09999999999999998,1.0,0.050000000000000044
CONTROL N=200,200,ID_resonancia_00,in_distribution,resonancia,4,1.5871524123211702,1,2,0.001458818128609786,1.0,0.7,1.0,0.5,1.0,0.19999999999999996,1.0,0.09999999999999998,1.0,0.050000000000000044
CONTROL N=200,200,ID_resonancia_00,in_distribution,resonancia,5,1.9839405154014629,1,2,0.000299183543309726,1.0,0.7,1.0,0.5,1.0,0.19999999999999996,1.0,0.09999999999999998,1.0,0.050000000000000044
CONTROL N=200,200,ID_resonancia_00,in_distribution,resonancia,6,2.3807286184817555,1,2,0.0005373054177413194,1.0,0.7,1.0,0.5,1.0,0.19999999999999996,1.0,0.09999999999999998,1.0,0.050000000000000044
CONTROL N=200,200,ID_resonancia_00,in_distribution,resonancia,7,2.7775167215620478,2,2,0.0021716236582268477,1.0,0.7,1.0,0.5,1.0,0.19999999999999996,1.0,0.09999999999999998,1.0,0.050000000000000044
CONTROL N=200,200,ID_resonancia_00,in_distribution,resonancia,8,3.1743048246423404,2,2,0.0021555224358962145,1.0,0.7,1.0,0.5,1.0,0.19999999999999996,1.0,0.09999999999999998,1.0,0.050000000000000044
CONTROL N=200,200,ID_resonancia_00,in_distribution,resonancia,9,3.571092927722633,2,2,0.0003421847268694319,0.48,0.18,1.0,0.5,1.0,0.19999999999999996,1.0,0.09999999999999998,1.0,0.050000000000000044
CONTROL N=200,200,ID_resonancia_00,in_distribution,resonancia,10,3.9678810308029258,2,2,0.003802733674890573,0.68,0.38000000000000006,1.0,0.5,1.0,0.19999999999999996,1.0,0.09999999999999998,1.0,0.050000000000000044
CONTROL N=200,200,ID_resonancia_01,in_distribution,resonancia,1,0.43580603477803204,1,2,0.0025999457107831374,0.96,0.6599999999999999,1.0,0.5,1.0,0.19999999999999996,1.0,0.09999999999999998,1.0,0.050000000000000044
CONTROL N=200,200,ID_resonancia_01,in_distribution,resonancia,2,0.8716120695560641,1,2,0.0032236386459583285,1.0,0.7,1.0,0.5,1.0,0.19999999999999996,1.0,0.09999999999999998,1.0,0.050000000000000044
CONTROL N=200,200,ID_resonancia_01,in_distribution,resonancia,3,1.3074181043340962,1,2,0.0014916684354157475,1.0,0.7,1.0,0.5,1.0,0.19999999999999996,1.0,0.09999999999999998,1.0,0.050000000000000044
CONTROL N=200,200,ID_resonancia_01,in_distribution,resonancia,4,1.7432241391121281,1,2,0.0021752106521780246,1.0,0.7,1.0,0.5,1.0,0.19999999999999996,1.0,0.09999999999999998,1.0,0.050000000000000044
CONTROL N=200,200,ID_resonancia_01,in_distribution,resonancia,5,2.17903017389016,1,2,0.0008920314212193455,0.96,0.6599999999999999,1.0,0.5,1.0,0.19999999999999996,1.0,0.09999999999999998,1.0,0.050000000000000044
CONTROL N=200,200,ID_resonancia_01,in_distribution,resonancia,6,2.614836208668192,1,2,0.0001874906843233487,0.0,0.3,0.04,0.46,1.0,0.19999999999999996,1.0,0.09999999999999998,1.0,0.050000000000000044
CONTROL N=200,200,ID_resonancia_01,in_distribution,resonancia,7,3.0506422434462244,2,2,0.00011833419948070085,0.0,0.3,0.4,0.09999999999999998,1.0,0.19999999999999996,1.0,0.09999999999999998,1.0,0.050000000000000044
CONTROL N=200,200,ID_resonancia_01,in_distribution,resonancia,8,3.4864482782242563,1,2,0.0005991573558594374,1.0,0.7,1.0,0.5,1.0,0.19999999999999996,1.0,0.09999999999999998,1.0,0.050000000000000044
CONTROL N=200,200,ID_resonancia_01,in_distribution,resonancia,9,3.922254313002288,1,2,0.0007349601856273217,1.0,0.7,1.0,0.5,1.0,0.19999999999999996,1.0,0.09999999999999998,1.0,0.050000000000000044
CONTROL N=200,200,ID_resonancia_01,in_distribution,resonancia,10,4.35806034778032,3,3,7.126339390281011e-05,0.0,0.3,0.0,0.5,1.0,0.19999999999999996,1.0,0.09999999999999998,1.0,0.050000000000000044
CONTROL N=200,200,ID_resonancia_02,in_distribution,resonancia,1,0.36225977028621276,1,2,0.0030956050013078943,0.24,0.06,0.92,0.42000000000000004,1.0,0.19999999999999996,1.0,0.09999999999999998,1.0,0.050000000000000044
CONTROL N=200,200,ID_resonancia_02,in_distribution,resonancia,2,0.7245195405724254,2,2,0.004676043790778041,1.0,0.7,1.0,0.5,1.0,0.19999999999999996,1.0,0.09999999999999998,1.0,0.050000000000000044
CONTROL N=200,200,ID_resonancia_02,in_distribution,resonancia,3,1.086779310858638,2,2,0.005075938162612595,1.0,0.7,1.0,0.5,1.0,0.19999999999999996,1.0,0.09999999999999998,1.0,0.050000000000000044
CONTROL N=200,200,ID_resonancia_02,in_distribution,resonancia,4,1.4490390811448508,2,2,0.004926848800820272,1.0,0.7,1.0,0.5,1.0,0.19999999999999996,1.0,0.09999999999999998,1.0,0.050000000000000044
CONTROL N=200,200,ID_resonancia_02,in_distribution,resonancia,5,1.8112988514310635,2,2,0.004704802271344248,1.0,0.7,1.0,0.5,1.0,0.19999999999999996,1.0,0.09999999999999998,1.0,0.050000000000000044
CONTROL N=200,200,ID_resonancia_02,in_distribution,resonancia,6,2.173558621717276,1,2,0.003569751128194462,1.0,0.7,1.0,0.5,1.0,0.19999999999999996,1.0,0.09999999999999998,1.0,0.050000000000000044
CONTROL N=200,200,ID_resonancia_02,in_distribution,resonancia,7,2.535818392003489,1,2,0.001969643335729826,1.0,0.7,1.0,0.5,1.0,0.19999999999999996,1.0,0.09999999999999998,1.0,0.050000000000000044
CONTROL N=200,200,ID_resonancia_02,in_distribution,resonancia,8,2.898078162289702,1,2,0.00030712118758721577,1.0,0.7,1.0,0.5,1.0,0.19999999999999996,1.0,0.09999999999999998,1.0,0.050000000000000044
CONTROL N=200,200,ID_resonancia_02,in_distribution,resonancia,9,3.2603379325759145,1,2,0.0021842984126254888,1.0,0.7,1.0,0.5,1.0,0.19999999999999996,1.0,0.09999999999999998,1.0,0.050000000000000044
CONTROL N=200,200,ID_resonancia_02,in_distribution,resonancia,10,3.6225977028621275,2,2,0.004336907270618933,1.0,0.7,1.0,0.5,1.0,0.19999999999999996,1.0,0.09999999999999998,1.0,0.050000000000000044
CONTROL N=200,200,ID_resonancia_03,in_distribution,resonancia,1,0.3923686895518708,1,2,0.002839584000183414,1.0,0.7,1.0,0.5,1.0,0.19999999999999996,1.0,0.09999999999999998,1.0,0.050000000000000044
CONTROL N=200,200,ID_resonancia_03,in_distribution,resonancia,2,0.7847373791037415,2,2,0.010279776128083916,0.08,0.21999999999999997,1.0,0.5,1.0,0.19999999999999996,1.0,0.09999999999999998,1.0,0.050000000000000044
CONTROL N=200,200,ID_resonancia_03,in_distribution,resonancia,3,1.1771060686556123,1,2,0.003242688512119989,1.0,0.7,1.0,0.5,1.0,0.19999999999999996,1.0,0.09999999999999998,1.0,0.050000000000000044
CONTROL N=200,200,ID_resonancia_03,in_distribution,resonancia,4,1.569474758207483,1,2,0.002444489644798942,1.0,0.7,1.0,0.5,1.0,0.19999999999999996,1.0,0.09999999999999998,1.0,0.050000000000000044
CONTROL N=200,200,ID_resonancia_03,in_distribution,resonancia,5,1.9618434477593538,2,2,0.00803276432810967,1.0,0.7,1.0,0.5,1.0,0.19999999999999996,1.0,0.09999999999999998,1.0,0.050000000000000044
CONTROL N=200,200,ID_resonancia_03,in_distribution,resonancia,6,2.3542121373112246,2,2,0.008169676946046565,1.0,0.7,1.0,0.5,1.0,0.19999999999999996,1.0,0.09999999999999998,1.0,0.050000000000000044
CONTROL N=200,200,ID_resonancia_03,in_distribution,resonancia,7,2.7465808268630956,1,2,0.0038666621544569506,1.0,0.7,1.0,0.5,1.0,0.19999999999999996,1.0,0.09999999999999998,1.0,0.050000000000000044
CONTROL N=200,200,ID_resonancia_03,in_distribution,resonancia,8,3.138949516414966,2,2,0.000451908797576171,0.0,0.3,0.12,0.38,1.0,0.19999999999999996,1.0,0.09999999999999998,1.0,0.050000000000000044
CONTROL N=200,200,ID_resonancia_03,in_distribution,resonancia,9,3.531318205966837,2,2,0.00016962300112330188,0.12,0.18,1.0,0.5,1.0,0.19999999999999996,1.0,0.09999999999999998,1.0,0.050000000000000044
CONTROL N=200,200,ID_resonancia_03,in_distribution,resonancia,10,3.923686895518708,4,4,1.0133603740152335e-05,0.96,0.6599999999999999,1.0,0.5,1.0,0.19999999999999996,1.0,0.09999999999999998,1.0,0.050000000000000044
CONTROL N=200,200,ID_euler_colineal_00,in_distribution,euler_colineal,1,1.5,1,2,0.0024532883515202613,1.0,0.7,1.0,0.5,1.0,0.19999999999999996,1.0,0.09999999999999998,1.0,0.050000000000000044
CONTROL N=200,200,ID_euler_colineal_00,in_distribution,euler_colineal,2,3.0,2,2,4.4698173707070766e-05,0.92,0.6200000000000001,1.0,0.5,1.0,0.19999999999999996,1.0,0.09999999999999998,1.0,0.050000000000000044
CONTROL N=200,200,ID_euler_colineal_00,in_distribution,euler_colineal,3,4.5,3,3,2.23265227769368e-06,0.96,0.6599999999999999,1.0,0.5,1.0,0.19999999999999996,1.0,0.09999999999999998,1.0,0.050000000000000044
CONTROL N=200,200,ID_euler_colineal_00,in_distribution,euler_colineal,4,6.0,3,3,8.314979156824609e-05,0.0,0.3,0.0,0.5,0.16,0.64,1.0,0.09999999999999998,1.0,0.050000000000000044
CONTROL N=200,200,ID_euler_colineal_00,in_distribution,euler_colineal,5,7.5,7,7,5.0304737335914564e-08,1.0,0.7,1.0,0.5,1.0,0.19999999999999996,1.0,0.09999999999999998,1.0,0.050000000000000044
CONTROL N=200,200,ID_euler_colineal_00,in_distribution,euler_colineal,6,9.0,8,8,4.448029823390517e-06,0.16,0.13999999999999999,0.24,0.26,0.68,0.12,0.92,0.020000000000000018,1.0,0.050000000000000044
CONTROL N=200,200,ID_euler_colineal_00,in_distribution,euler_colineal,7,10.5,8,8,2.5737409310629116e-05,0.64,0.34,0.76,0.26,0.84,0.039999999999999925,0.84,0.06000000000000005,0.96,0.010000000000000009
CONTROL N=200,200,ID_euler_colineal_00,in_distribution,euler_colineal,8,12.0,8,8,1.604002009404351e-05,0.44,0.14,0.68,0.18000000000000005,0.8,0.0,0.92,0.020000000000000018,0.96,0.010000000000000009
CONTROL N=200,200,ID_euler_colineal_00,in_distribution,euler_colineal,9,13.5,9,9,4.196625120941003e-06,0.28,0.019999999999999962,0.52,0.020000000000000018,0.92,0.12,0.96,0.05999999999999994,0.96,0.010000000000000009
CONTROL N=200,200,ID_euler_colineal_00,in_distribution,euler_colineal,10,15.0,8,8,4.737505872495844e-06,0.28,0.019999999999999962,0.52,0.020000000000000018,0.92,0.12,0.92,0.020000000000000018,0.96,0.010000000000000009
CONTROL N=200,200,ID_euler_colineal_01,in_distribution,euler_colineal,1,1.5,2,2,0.00015260195829586533,0.0,0.3,0.08,0.42,1.0,0.19999999999999996,1.0,0.09999999999999998,1.0,0.050000000000000044
CONTROL N=200,200,ID_euler_colineal_01,in_distribution,euler_colineal,2,3.0,2,2,0.0005092935175543834,0.0,0.3,0.0,0.5,0.0,0.8,0.0,0.9,0.96,0.010000000000000009
CONTROL N=200,200,ID_euler_colineal_01,in_distribution,euler_colineal,3,4.5,3,3,2.472540384065532e-05,0.0,0.3,0.0,0.5,0.0,0.8,0.0,0.9,0.0,0.95
CONTROL N=200,200,ID_euler_colineal_01,in_distribution,euler_colineal,4,6.0,4,4,1.899892951736551e-06,0.0,0.3,0.0,0.5,0.4,0.4,1.0,0.09999999999999998,1.0,0.050000000000000044
CONTROL N=200,200,ID_euler_colineal_01,in_distribution,euler_colineal,5,7.5,5,5,2.744285569459641e-07,0.0,0.3,0.0,0.5,1.0,0.19999999999999996,1.0,0.09999999999999998,1.0,0.050000000000000044
CONTROL N=200,200,ID_euler_colineal_01,in_distribution,euler_colineal,6,9.0,7,7,3.160213239400814e-07,0.0,0.3,1.0,0.5,1.0,0.19999999999999996,1.0,0.09999999999999998,1.0,0.050000000000000044
CONTROL N=200,200,ID_euler_colineal_01,in_distribution,euler_colineal,7,10.5,7,7,1.739533550671e-05,0.0,0.3,0.04,0.46,1.0,0.19999999999999996,1.0,0.09999999999999998,1.0,0.050000000000000044
CONTROL N=200,200,ID_euler_colineal_01,in_distribution,euler_colineal,8,12.0,7,7,4.567565441198593e-06,0.44,0.14,0.68,0.18000000000000005,0.96,0.15999999999999992,0.96,0.05999999999999994,1.0,0.050000000000000044
CONTROL N=200,200,ID_euler_colineal_01,in_distribution,euler_colineal,9,13.5,6,6,4.9961393811891525e-06,0.24,0.06,0.36,0.14,0.92,0.12,0.96,0.05999999999999994,1.0,0.050000000000000044
CONTROL N=200,200,ID_euler_colineal_01,in_distribution,euler_colineal,10,15.0,6,6,2.125976443938633e-06,0.32,0.020000000000000018,0.4,0.09999999999999998,0.84,0.039999999999999925,1.0,0.09999999999999998,1.0,0.050000000000000044
CONTROL N=200,200,ID_euler_colineal_02,in_distribution,euler_colineal,1,1.5,1,2,0.0013384955600024289,1.0,0.7,1.0,0.5,1.0,0.19999999999999996,1.0,0.09999999999999998,1.0,0.050000000000000044
CONTROL N=200,200,ID_euler_colineal_02,in_distribution,euler_colineal,2,3.0,1,2,0.00030774321896419825,0.28,0.019999999999999962,0.56,0.06000000000000005,1.0,0.19999999999999996,1.0,0.09999999999999998,1.0,0.050000000000000044
CONTROL N=200,200,ID_euler_colineal_02,in_distribution,euler_colineal,3,4.5,2,2,0.000608759492831218,0.0,0.3,0.2,0.3,0.76,0.040000000000000036,1.0,0.09999999999999998,1.0,0.050000000000000044
CONTROL N=200,200,ID_euler_colineal_02,in_distribution,euler_colineal,4,6.0,5,5,7.617304211760884e-07,0.0,0.3,0.2,0.3,1.0,0.19999999999999996,1.0,0.09999999999999998,1.0,0.050000000000000044
CONTROL N=200,200,ID_euler_colineal_02,in_distribution,euler_colineal,5,7.5,5,5,0.00010489306252370412,0.0,0.3,0.0,0.5,0.72,0.08000000000000007,0.84,0.06000000000000005,0.96,0.010000000000000009
CONTROL N=200,200,ID_euler_colineal_02,in_distribution,euler_colineal,6,9.0,7,7,5.937942868894069e-05,0.0,0.3,0.04,0.46,0.84,0.039999999999999925,0.92,0.020000000000000018,0.96,0.010000000000000009
CONTROL N=200,200,ID_euler_colineal_02,in_distribution,euler_colineal,7,10.5,8,8,1.264810110204835e-05,0.0,0.3,0.2,0.3,0.84,0.039999999999999925,0.92,0.020000000000000018,0.96,0.010000000000000009
CONTROL N=200,200,ID_euler_colineal_02,in_distribution,euler_colineal,8,12.0,8,8,1.8740656872768791e-06,0.08,0.21999999999999997,0.28,0.21999999999999997,0.84,0.039999999999999925,0.96,0.05999999999999994,1.0,0.050000000000000044
CONTROL N=200,200,ID_euler_colineal_02,in_distribution,euler_colineal,9,13.5,7,7,1.971086360684119e-06,0.04,0.26,0.12,0.38,0.84,0.039999999999999925,0.92,0.020000000000000018,0.92,0.029999999999999916
CONTROL N=200,200,ID_euler_colineal_02,in_distribution,euler_colineal,10,15.0,7,7,1.3071521709284973e-06,0.08,0.21999999999999997,0.2,0.3,1.0,0.19999999999999996,1.0,0.09999999999999998,1.0,0.050000000000000044
CONTROL N=200,200,ID_euler_colineal_03,in_distribution,euler_colineal,1,1.5,1,2,0.0023393911666935966,1.0,0.7,1.0,0.5,1.0,0.19999999999999996,1.0,0.09999999999999998,1.0,0.050000000000000044
CONTROL N=200,200,ID_euler_colineal_03,in_distribution,euler_colineal,2,3.0,2,2,0.0025621488804500464,1.0,0.7,1.0,0.5,1.0,0.19999999999999996,1.0,0.09999999999999998,1.0,0.050000000000000044
CONTROL N=200,200,ID_euler_colineal_03,in_distribution,euler_colineal,3,4.5,3,3,1.37180419020307e-06,0.92,0.6200000000000001,1.0,0.5,1.0,0.19999999999999996,1.0,0.09999999999999998,1.0,0.050000000000000044
CONTROL N=200,200,ID_euler_colineal_03,in_distribution,euler_colineal,4,6.0,3,3,1.9504084717626352e-05,0.64,0.34,1.0,0.5,1.0,0.19999999999999996,1.0,0.09999999999999998,1.0,0.050000000000000044
CONTROL N=200,200,ID_euler_colineal_03,in_distribution,euler_colineal,5,7.5,5,5,8.72463313749568e-07,1.0,0.7,1.0,0.5,1.0,0.19999999999999996,1.0,0.09999999999999998,1.0,0.050000000000000044
CONTROL N=200,200,ID_euler_colineal_03,in_distribution,euler_colineal,6,9.0,6,6,2.968915159996327e-05,0.0,0.3,0.0,0.5,0.88,0.07999999999999996,0.92,0.020000000000000018,0.92,0.029999999999999916
CONTROL N=200,200,ID_euler_colineal_03,in_distribution,euler_colineal,7,10.5,8,8,9.947418732327224e-06,0.04,0.26,0.32,0.18,0.72,0.08000000000000007,0.88,0.020000000000000018,0.96,0.010000000000000009
CONTROL N=200,200,ID_euler_colineal_03,in_distribution,euler_colineal,8,12.0,8,8,4.002405036045395e-05,0.12,0.18,0.24,0.26,0.84,0.039999999999999925,1.0,0.09999999999999998,1.0,0.050000000000000044
CONTROL N=200,200,ID_euler_colineal_03,in_distribution,euler_colineal,9,13.5,8,8,4.172507702241375e-05,0.36,0.06,0.56,0.06000000000000005,0.8,0.0,0.96,0.05999999999999994,0.96,0.010000000000000009
CONTROL N=200,200,ID_euler_colineal_03,in_distribution,euler_colineal,10,15.0,8,8,1.2442221632067168e-05,0.32,0.020000000000000018,0.52,0.020000000000000018,0.84,0.039999999999999925,0.84,0.06000000000000005,0.92,0.029999999999999916
CONTROL N=200,200,ID_masas_asimetricas_00,in_distribution,masas_asimetricas,1,0.7047131801114512,1,2,0.0015344289449097544,0.96,0.6599999999999999,1.0,0.5,1.0,0.19999999999999996,1.0,0.09999999999999998,1.0,0.050000000000000044
CONTROL N=200,200,ID_masas_asimetricas_00,in_distribution,masas_asimetricas,2,1.4094263602229025,1,2,0.0034139864790979466,1.0,0.7,1.0,0.5,1.0,0.19999999999999996,1.0,0.09999999999999998,1.0,0.050000000000000044
CONTROL N=200,200,ID_masas_asimetricas_00,in_distribution,masas_asimetricas,3,2.114139540334354,1,2,0.0021898670598934954,1.0,0.7,1.0,0.5,1.0,0.19999999999999996,1.0,0.09999999999999998,1.0,0.050000000000000044
CONTROL N=200,200,ID_masas_asimetricas_00,in_distribution,masas_asimetricas,4,2.818852720445805,1,2,0.0033558534977774037,1.0,0.7,1.0,0.5,1.0,0.19999999999999996,1.0,0.09999999999999998,1.0,0.050000000000000044
CONTROL N=200,200,ID_masas_asimetricas_00,in_distribution,masas_asimetricas,5,3.523565900557256,1,2,0.0022528249848478804,1.0,0.7,1.0,0.5,1.0,0.19999999999999996,1.0,0.09999999999999998,1.0,0.050000000000000044
CONTROL N=200,200,ID_masas_asimetricas_00,in_distribution,masas_asimetricas,6,4.228279080668707,1,2,0.0026243222016927425,1.0,0.7,1.0,0.5,1.0,0.19999999999999996,1.0,0.09999999999999998,1.0,0.050000000000000044
CONTROL N=200,200,ID_masas_asimetricas_00,in_distribution,masas_asimetricas,7,4.932992260780159,1,2,0.0025382580880993683,1.0,0.7,1.0,0.5,1.0,0.19999999999999996,1.0,0.09999999999999998,1.0,0.050000000000000044
CONTROL N=200,200,ID_masas_asimetricas_00,in_distribution,masas_asimetricas,8,5.63770544089161,1,2,0.0019532815826472233,1.0,0.7,1.0,0.5,1.0,0.19999999999999996,1.0,0.09999999999999998,1.0,0.050000000000000044
CONTROL N=200,200,ID_masas_asimetricas_00,in_distribution,masas_asimetricas,9,6.342418621003061,1,2,0.003842961682682418,1.0,0.7,1.0,0.5,1.0,0.19999999999999996,1.0,0.09999999999999998,1.0,0.050000000000000044
CONTROL N=200,200,ID_masas_asimetricas_00,in_distribution,masas_asimetricas,10,7.047131801114512,1,2,0.0015440639839756813,0.92,0.6200000000000001,1.0,0.5,1.0,0.19999999999999996,1.0,0.09999999999999998,1.0,0.050000000000000044
CONTROL N=200,200,ID_masas_asimetricas_01,in_distribution,masas_asimetricas,1,0.8978404335466046,1,2,0.0024636759941188617,0.88,0.5800000000000001,1.0,0.5,1.0,0.19999999999999996,1.0,0.09999999999999998,1.0,0.050000000000000044
CONTROL N=200,200,ID_masas_asimetricas_01,in_distribution,masas_asimetricas,2,1.7956808670932092,2,2,0.005512823785239429,0.0,0.3,0.0,0.5,1.0,0.19999999999999996,1.0,0.09999999999999998,1.0,0.050000000000000044
CONTROL N=200,200,ID_masas_asimetricas_01,in_distribution,masas_asimetricas,3,2.6935213006398135,1,2,0.0019233019476762188,1.0,0.7,1.0,0.5,1.0,0.19999999999999996,1.0,0.09999999999999998,1.0,0.050000000000000044
CONTROL N=200,200,ID_masas_asimetricas_01,in_distribution,masas_asimetricas,4,3.5913617341864184,2,2,0.004357683237622065,0.0,0.3,1.0,0.5,1.0,0.19999999999999996,1.0,0.09999999999999998,1.0,0.050000000000000044
CONTROL N=200,200,ID_masas_asimetricas_01,in_distribution,masas_asimetricas,5,4.489202167733023,1,2,0.0018836683524423481,0.68,0.38000000000000006,1.0,0.5,1.0,0.19999999999999996,1.0,0.09999999999999998,1.0,0.050000000000000044
CONTROL N=200,200,ID_masas_asimetricas_01,in_distribution,masas_asimetricas,6,5.387042601279627,1,2,0.001374209640252394,1.0,0.7,1.0,0.5,1.0,0.19999999999999996,1.0,0.09999999999999998,1.0,0.050000000000000044
CONTROL N=200,200,ID_masas_asimetricas_01,in_distribution,masas_asimetricas,7,6.2848830348262315,1,2,0.0018997933271195588,0.92,0.6200000000000001,1.0,0.5,1.0,0.19999999999999996,1.0,0.09999999999999998,1.0,0.050000000000000044
CONTROL N=200,200,ID_masas_asimetricas_01,in_distribution,masas_asimetricas,8,7.182723468372836,1,2,0.0011376049592150559,1.0,0.7,1.0,0.5,1.0,0.19999999999999996,1.0,0.09999999999999998,1.0,0.050000000000000044
CONTROL N=200,200,ID_masas_asimetricas_01,in_distribution,masas_asimetricas,9,8.08056390191944,2,2,0.003729662954025174,0.84,0.54,1.0,0.5,1.0,0.19999999999999996,1.0,0.09999999999999998,1.0,0.050000000000000044
CONTROL N=200,200,ID_masas_asimetricas_01,in_distribution,masas_asimetricas,10,8.978404335466045,1,2,0.001464292868297249,1.0,0.7,1.0,0.5,1.0,0.19999999999999996,1.0,0.09999999999999998,1.0,0.050000000000000044
CONTROL N=200,200,ID_masas_asimetricas_02,in_distribution,masas_asimetricas,1,0.7202847052220581,1,2,0.0016123667977426084,0.0,0.3,0.44,0.06,1.0,0.19999999999999996,1.0,0.09999999999999998,1.0,0.050000000000000044
CONTROL N=200,200,ID_masas_asimetricas_02,in_distribution,masas_asimetricas,2,1.4405694104441162,1,2,0.002282428885385509,0.48,0.18,1.0,0.5,1.0,0.19999999999999996,1.0,0.09999999999999998,1.0,0.050000000000000044
CONTROL N=200,200,ID_masas_asimetricas_02,in_distribution,masas_asimetricas,3,2.1608541156661745,1,2,0.0024916539823617574,1.0,0.7,1.0,0.5,1.0,0.19999999999999996,1.0,0.09999999999999998,1.0,0.050000000000000044
CONTROL N=200,200,ID_masas_asimetricas_02,in_distribution,masas_asimetricas,4,2.8811388208882325,1,2,0.0025323411546464645,0.88,0.5800000000000001,1.0,0.5,1.0,0.19999999999999996,1.0,0.09999999999999998,1.0,0.050000000000000044
CONTROL N=200,200,ID_masas_asimetricas_02,in_distribution,masas_asimetricas,5,3.6014235261102905,1,2,0.0022470565946335237,1.0,0.7,1.0,0.5,1.0,0.19999999999999996,1.0,0.09999999999999998,1.0,0.050000000000000044
CONTROL N=200,200,ID_masas_asimetricas_02,in_distribution,masas_asimetricas,6,4.321708231332349,1,2,0.0021710411538508664,1.0,0.7,1.0,0.5,1.0,0.19999999999999996,1.0,0.09999999999999998,1.0,0.050000000000000044
CONTROL N=200,200,ID_masas_asimetricas_02,in_distribution,masas_asimetricas,7,5.041992936554407,1,2,0.0023441554935449724,0.88,0.5800000000000001,1.0,0.5,1.0,0.19999999999999996,1.0,0.09999999999999998,1.0,0.050000000000000044
CONTROL N=200,200,ID_masas_asimetricas_02,in_distribution,masas_asimetricas,8,5.762277641776465,1,2,0.001877283670406782,1.0,0.7,1.0,0.5,1.0,0.19999999999999996,1.0,0.09999999999999998,1.0,0.050000000000000044
CONTROL N=200,200,ID_masas_asimetricas_02,in_distribution,masas_asimetricas,9,6.482562346998523,2,2,0.0034435950296887144,0.8,0.5,1.0,0.5,1.0,0.19999999999999996,1.0,0.09999999999999998,1.0,0.050000000000000044
CONTROL N=200,200,ID_masas_asimetricas_02,in_distribution,masas_asimetricas,10,7.202847052220581,1,2,0.0018893920429748892,0.76,0.46,1.0,0.5,1.0,0.19999999999999996,1.0,0.09999999999999998,1.0,0.050000000000000044
CONTROL N=200,200,ID_masas_asimetricas_03,in_distribution,masas_asimetricas,1,0.6831618610175212,1,2,0.0013917741758374081,1.0,0.7,1.0,0.5,1.0,0.19999999999999996,1.0,0.09999999999999998,1.0,0.050000000000000044
CONTROL N=200,200,ID_masas_asimetricas_03,in_distribution,masas_asimetricas,2,1.3663237220350424,1,2,0.0024982605515699936,1.0,0.7,1.0,0.5,1.0,0.19999999999999996,1.0,0.09999999999999998,1.0,0.050000000000000044
CONTROL N=200,200,ID_masas_asimetricas_03,in_distribution,masas_asimetricas,3,2.0494855830525633,1,2,0.0022446686757394327,1.0,0.7,1.0,0.5,1.0,0.19999999999999996,1.0,0.09999999999999998,1.0,0.050000000000000044
CONTROL N=200,200,ID_masas_asimetricas_03,in_distribution,masas_asimetricas,4,2.7326474440700848,1,2,0.002917043822610964,1.0,0.7,1.0,0.5,1.0,0.19999999999999996,1.0,0.09999999999999998,1.0,0.050000000000000044
CONTROL N=200,200,ID_masas_asimetricas_03,in_distribution,masas_asimetricas,5,3.415809305087606,1,2,0.0024368752948143776,1.0,0.7,1.0,0.5,1.0,0.19999999999999996,1.0,0.09999999999999998,1.0,0.050000000000000044
CONTROL N=200,200,ID_masas_asimetricas_03,in_distribution,masas_asimetricas,6,4.098971166105128,1,2,0.0025098735554539603,1.0,0.7,1.0,0.5,1.0,0.19999999999999996,1.0,0.09999999999999998,1.0,0.050000000000000044
CONTROL N=200,200,ID_masas_asimetricas_03,in_distribution,masas_asimetricas,7,4.782133027122648,1,2,0.0027591978595105236,1.0,0.7,1.0,0.5,1.0,0.19999999999999996,1.0,0.09999999999999998,1.0,0.050000000000000044
CONTROL N=200,200,ID_masas_asimetricas_03,in_distribution,masas_asimetricas,8,5.4652948881401695,1,2,0.0018983629773335496,1.0,0.7,1.0,0.5,1.0,0.19999999999999996,1.0,0.09999999999999998,1.0,0.050000000000000044
CONTROL N=200,200,ID_masas_asimetricas_03,in_distribution,masas_asimetricas,9,6.148456749157691,1,2,0.003465052657064117,1.0,0.7,1.0,0.5,1.0,0.19999999999999996,1.0,0.09999999999999998,1.0,0.050000000000000044
CONTROL N=200,200,ID_masas_asimetricas_03,in_distribution,masas_asimetricas,10,6.831618610175212,1,2,0.0015504232576532826,1.0,0.7,1.0,0.5,1.0,0.19999999999999996,1.0,0.09999999999999998,1.0,0.050000000000000044
CONTROL N=200,200,OOD_NEAR_figura_ocho_00,ood_near,figura_ocho,1,1.5,2,2,0.004885417869765887,0.76,0.46,1.0,0.5,1.0,0.19999999999999996,1.0,0.09999999999999998,1.0,0.050000000000000044
CONTROL N=200,200,OOD_NEAR_figura_ocho_00,ood_near,figura_ocho,2,3.0,2,2,0.007444907322946423,1.0,0.7,1.0,0.5,1.0,0.19999999999999996,1.0,0.09999999999999998,1.0,0.050000000000000044
CONTROL N=200,200,OOD_NEAR_figura_ocho_00,ood_near,figura_ocho,3,4.5,2,2,0.01073667464927285,1.0,0.7,1.0,0.5,1.0,0.19999999999999996,1.0,0.09999999999999998,1.0,0.050000000000000044
CONTROL N=200,200,OOD_NEAR_figura_ocho_00,ood_near,figura_ocho,4,6.0,2,2,0.005396596071256202,1.0,0.7,1.0,0.5,1.0,0.19999999999999996,1.0,0.09999999999999998,1.0,0.050000000000000044
CONTROL N=200,200,OOD_NEAR_figura_ocho_00,ood_near,figura_ocho,5,7.5,2,2,0.00977252422183947,1.0,0.7,1.0,0.5,1.0,0.19999999999999996,1.0,0.09999999999999998,1.0,0.050000000000000044
CONTROL N=200,200,OOD_NEAR_figura_ocho_00,ood_near,figura_ocho,6,9.0,2,2,0.007697040643652791,0.0,0.3,1.0,0.5,1.0,0.19999999999999996,1.0,0.09999999999999998,1.0,0.050000000000000044
CONTROL N=200,200,OOD_NEAR_figura_ocho_00,ood_near,figura_ocho,7,10.5,2,2,0.009439574889282428,1.0,0.7,1.0,0.5,1.0,0.19999999999999996,1.0,0.09999999999999998,1.0,0.050000000000000044
CONTROL N=200,200,OOD_NEAR_figura_ocho_00,ood_near,figura_ocho,8,12.0,2,2,0.0070711519601984185,1.0,0.7,1.0,0.5,1.0,0.19999999999999996,1.0,0.09999999999999998,1.0,0.050000000000000044
CONTROL N=200,200,OOD_NEAR_figura_ocho_00,ood_near,figura_ocho,9,13.5,2,2,0.007470900872834079,1.0,0.7,1.0,0.5,1.0,0.19999999999999996,1.0,0.09999999999999998,1.0,0.050000000000000044
CONTROL N=200,200,OOD_NEAR_figura_ocho_00,ood_near,figura_ocho,10,15.0,3,3,0.001960553217531103,1.0,0.7,1.0,0.5,1.0,0.19999999999999996,1.0,0.09999999999999998,1.0,0.050000000000000044
CONTROL N=200,200,OOD_NEAR_figura_ocho_01,ood_near,figura_ocho,1,1.5,2,2,0.004760567893787948,1.0,0.7,1.0,0.5,1.0,0.19999999999999996,1.0,0.09999999999999998,1.0,0.050000000000000044
CONTROL N=200,200,OOD_NEAR_figura_ocho_01,ood_near,figura_ocho,2,3.0,2,2,0.0077373921567624486,0.8,0.5,1.0,0.5,1.0,0.19999999999999996,1.0,0.09999999999999998,1.0,0.050000000000000044
CONTROL N=200,200,OOD_NEAR_figura_ocho_01,ood_near,figura_ocho,3,4.5,2,2,0.010242959310307363,0.6,0.3,1.0,0.5,1.0,0.19999999999999996,1.0,0.09999999999999998,1.0,0.050000000000000044
CONTROL N=200,200,OOD_NEAR_figura_ocho_01,ood_near,figura_ocho,4,6.0,2,2,0.006171293571520354,1.0,0.7,1.0,0.5,1.0,0.19999999999999996,1.0,0.09999999999999998,1.0,0.050000000000000044
CONTROL N=200,200,OOD_NEAR_figura_ocho_01,ood_near,figura_ocho,5,7.5,2,2,0.008377802080526535,1.0,0.7,1.0,0.5,1.0,0.19999999999999996,1.0,0.09999999999999998,1.0,0.050000000000000044
CONTROL N=200,200,OOD_NEAR_figura_ocho_01,ood_near,figura_ocho,6,9.0,2,2,0.007205233321494842,1.0,0.7,1.0,0.5,1.0,0.19999999999999996,1.0,0.09999999999999998,1.0,0.050000000000000044
CONTROL N=200,200,OOD_NEAR_figura_ocho_01,ood_near,figura_ocho,7,10.5,2,2,0.007170597011494913,1.0,0.7,1.0,0.5,1.0,0.19999999999999996,1.0,0.09999999999999998,1.0,0.050000000000000044
CONTROL N=200,200,OOD_NEAR_figura_ocho_01,ood_near,figura_ocho,8,12.0,2,2,0.0070722534783942866,1.0,0.7,1.0,0.5,1.0,0.19999999999999996,1.0,0.09999999999999998,1.0,0.050000000000000044
CONTROL N=200,200,OOD_NEAR_figura_ocho_01,ood_near,figura_ocho,9,13.5,2,2,0.007982398965942718,1.0,0.7,1.0,0.5,1.0,0.19999999999999996,1.0,0.09999999999999998,1.0,0.050000000000000044
CONTROL N=200,200,OOD_NEAR_figura_ocho_01,ood_near,figura_ocho,10,15.0,2,2,0.009266730933040038,0.0,0.3,0.2,0.3,1.0,0.19999999999999996,1.0,0.09999999999999998,1.0,0.050000000000000044
CONTROL N=200,200,OOD_NEAR_figura_ocho_02,ood_near,figura_ocho,1,1.5,5,5,2.1591121195892254e-05,1.0,0.7,1.0,0.5,1.0,0.19999999999999996,1.0,0.09999999999999998,1.0,0.050000000000000044
CONTROL N=200,200,OOD_NEAR_figura_ocho_02,ood_near,figura_ocho,2,3.0,2,2,0.003842481748718394,1.0,0.7,1.0,0.5,1.0,0.19999999999999996,1.0,0.09999999999999998,1.0,0.050000000000000044
CONTROL N=200,200,OOD_NEAR_figura_ocho_02,ood_near,figura_ocho,3,4.5,2,2,0.012124098313776569,0.4,0.10000000000000003,1.0,0.5,1.0,0.19999999999999996,1.0,0.09999999999999998,1.0,0.050000000000000044
CONTROL N=200,200,OOD_NEAR_figura_ocho_02,ood_near,figura_ocho,4,6.0,2,2,0.005794669490428674,1.0,0.7,1.0,0.5,1.0,0.19999999999999996,1.0,0.09999999999999998,1.0,0.050000000000000044
CONTROL N=200,200,OOD_NEAR_figura_ocho_02,ood_near,figura_ocho,5,7.5,2,2,0.010183180335956348,0.0,0.3,1.0,0.5,1.0,0.19999999999999996,1.0,0.09999999999999998,1.0,0.050000000000000044
CONTROL N=200,200,OOD_NEAR_figura_ocho_02,ood_near,figura_ocho,6,9.0,2,2,0.003917729340823021,1.0,0.7,1.0,0.5,1.0,0.19999999999999996,1.0,0.09999999999999998,1.0,0.050000000000000044
CONTROL N=200,200,OOD_NEAR_figura_ocho_02,ood_near,figura_ocho,7,10.5,2,2,0.00732996409135671,0.36,0.06,1.0,0.5,1.0,0.19999999999999996,1.0,0.09999999999999998,1.0,0.050000000000000044
CONTROL N=200,200,OOD_NEAR_figura_ocho_02,ood_near,figura_ocho,8,12.0,2,2,0.005345445226976744,0.4,0.10000000000000003,1.0,0.5,1.0,0.19999999999999996,1.0,0.09999999999999998,1.0,0.050000000000000044
CONTROL N=200,200,OOD_NEAR_figura_ocho_02,ood_near,figura_ocho,9,13.5,2,2,0.008080990044158895,0.0,0.3,0.76,0.26,1.0,0.19999999999999996,1.0,0.09999999999999998,1.0,0.050000000000000044
CONTROL N=200,200,OOD_NEAR_figura_ocho_02,ood_near,figura_ocho,10,15.0,2,2,0.007259960724767448,1.0,0.7,1.0,0.5,1.0,0.19999999999999996,1.0,0.09999999999999998,1.0,0.050000000000000044
CONTROL N=200,200,OOD_NEAR_figura_ocho_03,ood_near,figura_ocho,1,1.5,5,5,1.9859870415550848e-05,1.0,0.7,1.0,0.5,1.0,0.19999999999999996,1.0,0.09999999999999998,1.0,0.050000000000000044
CONTROL N=200,200,OOD_NEAR_figura_ocho_03,ood_near,figura_ocho,2,3.0,2,2,0.00568794560624874,1.0,0.7,1.0,0.5,1.0,0.19999999999999996,1.0,0.09999999999999998,1.0,0.050000000000000044
CONTROL N=200,200,OOD_NEAR_figura_ocho_03,ood_near,figura_ocho,3,4.5,2,2,0.009071083597273426,1.0,0.7,1.0,0.5,1.0,0.19999999999999996,1.0,0.09999999999999998,1.0,0.050000000000000044
CONTROL N=200,200,OOD_NEAR_figura_ocho_03,ood_near,figura_ocho,4,6.0,2,2,0.009477656159004323,1.0,0.7,1.0,0.5,1.0,0.19999999999999996,1.0,0.09999999999999998,1.0,0.050000000000000044
CONTROL N=200,200,OOD_NEAR_figura_ocho_03,ood_near,figura_ocho,5,7.5,2,2,0.010732862005324615,1.0,0.7,1.0,0.5,1.0,0.19999999999999996,1.0,0.09999999999999998,1.0,0.050000000000000044
CONTROL N=200,200,OOD_NEAR_figura_ocho_03,ood_near,figura_ocho,6,9.0,2,2,0.011240797307350453,1.0,0.7,1.0,0.5,1.0,0.19999999999999996,1.0,0.09999999999999998,1.0,0.050000000000000044
CONTROL N=200,200,OOD_NEAR_figura_ocho_03,ood_near,figura_ocho,7,10.5,2,2,0.009377475403504332,1.0,0.7,1.0,0.5,1.0,0.19999999999999996,1.0,0.09999999999999998,1.0,0.050000000000000044
CONTROL N=200,200,OOD_NEAR_figura_ocho_03,ood_near,figura_ocho,8,12.0,2,2,0.008526537744190163,1.0,0.7,1.0,0.5,1.0,0.19999999999999996,1.0,0.09999999999999998,1.0,0.050000000000000044
CONTROL N=200,200,OOD_NEAR_figura_ocho_03,ood_near,figura_ocho,9,13.5,2,2,0.008771088201057844,1.0,0.7,1.0,0.5,1.0,0.19999999999999996,1.0,0.09999999999999998,1.0,0.050000000000000044
CONTROL N=200,200,OOD_NEAR_figura_ocho_03,ood_near,figura_ocho,10,15.0,2,2,0.010638662902474375,1.0,0.7,1.0,0.5,1.0,0.19999999999999996,1.0,0.09999999999999998,1.0,0.050000000000000044
CONTROL N=200,200,OOD_NEAR_jerarquico_00,ood_near,jerarquico,1,0.45710320032053564,1,2,0.00099233797329421,1.0,0.7,1.0,0.5,1.0,0.19999999999999996,1.0,0.09999999999999998,1.0,0.050000000000000044
CONTROL N=200,200,OOD_NEAR_jerarquico_00,ood_near,jerarquico,2,0.9142064006410713,1,2,0.0002820710977152225,0.84,0.54,1.0,0.5,1.0,0.19999999999999996,1.0,0.09999999999999998,1.0,0.050000000000000044
CONTROL N=200,200,OOD_NEAR_jerarquico_00,ood_near,jerarquico,3,1.371309600961607,1,2,0.0003563594407403286,1.0,0.7,1.0,0.5,1.0,0.19999999999999996,1.0,0.09999999999999998,1.0,0.050000000000000044
CONTROL N=200,200,OOD_NEAR_jerarquico_00,ood_near,jerarquico,4,1.8284128012821426,1,2,0.00022811123466802487,0.52,0.22000000000000003,1.0,0.5,1.0,0.19999999999999996,1.0,0.09999999999999998,1.0,0.050000000000000044
CONTROL N=200,200,OOD_NEAR_jerarquico_00,ood_near,jerarquico,5,2.2855160016026783,1,2,0.00031013186764971163,1.0,0.7,1.0,0.5,1.0,0.19999999999999996,1.0,0.09999999999999998,1.0,0.050000000000000044
CONTROL N=200,200,OOD_NEAR_jerarquico_00,ood_near,jerarquico,6,2.742619201923214,1,2,0.000226777836626353,0.68,0.38000000000000006,1.0,0.5,1.0,0.19999999999999996,1.0,0.09999999999999998,1.0,0.050000000000000044
CONTROL N=200,200,OOD_NEAR_jerarquico_00,ood_near,jerarquico,7,3.19972240224375,1,2,0.000299078173484272,1.0,0.7,1.0,0.5,1.0,0.19999999999999996,1.0,0.09999999999999998,1.0,0.050000000000000044
CONTROL N=200,200,OOD_NEAR_jerarquico_00,ood_near,jerarquico,8,3.6568256025642856,1,2,0.00023035895013182018,0.76,0.46,1.0,0.5,1.0,0.19999999999999996,1.0,0.09999999999999998,1.0,0.050000000000000044
CONTROL N=200,200,OOD_NEAR_jerarquico_00,ood_near,jerarquico,9,4.113928802884821,1,2,0.0002903366587422756,1.0,0.7,1.0,0.5,1.0,0.19999999999999996,1.0,0.09999999999999998,1.0,0.050000000000000044
CONTROL N=200,200,OOD_NEAR_jerarquico_00,ood_near,jerarquico,10,4.571032003205357,1,2,0.0007905606668429541,1.0,0.7,1.0,0.5,1.0,0.19999999999999996,1.0,0.09999999999999998,1.0,0.050000000000000044
CONTROL N=200,200,OOD_NEAR_jerarquico_01,ood_near,jerarquico,1,0.47180831053552214,1,2,0.0007886132237859214,1.0,0.7,1.0,0.5,1.0,0.19999999999999996,1.0,0.09999999999999998,1.0,0.050000000000000044
CONTROL N=200,200,OOD_NEAR_jerarquico_01,ood_near,jerarquico,2,0.9436166210710444,1,2,0.00037740440034016956,0.72,0.42,1.0,0.5,1.0,0.19999999999999996,1.0,0.09999999999999998,1.0,0.050000000000000044
CONTROL N=200,200,OOD_NEAR_jerarquico_01,ood_near,jerarquico,3,1.4154249316065666,1,2,0.0003210600580471003,1.0,0.7,1.0,0.5,1.0,0.19999999999999996,1.0,0.09999999999999998,1.0,0.050000000000000044
CONTROL N=200,200,OOD_NEAR_jerarquico_01,ood_near,jerarquico,4,1.8872332421420888,1,2,0.0003605204308843996,0.76,0.46,1.0,0.5,1.0,0.19999999999999996,1.0,0.09999999999999998,1.0,0.050000000000000044
CONTROL N=200,200,OOD_NEAR_jerarquico_01,ood_near,jerarquico,5,2.3590415526776107,1,2,0.0003631917700541287,1.0,0.7,1.0,0.5,1.0,0.19999999999999996,1.0,0.09999999999999998,1.0,0.050000000000000044
CONTROL N=200,200,OOD_NEAR_jerarquico_01,ood_near,jerarquico,6,2.8308498632131327,1,2,0.000374758593247976,0.84,0.54,1.0,0.5,1.0,0.19999999999999996,1.0,0.09999999999999998,1.0,0.050000000000000044
CONTROL N=200,200,OOD_NEAR_jerarquico_01,ood_near,jerarquico,7,3.302658173748655,1,2,0.0005332224024282326,1.0,0.7,1.0,0.5,1.0,0.19999999999999996,1.0,0.09999999999999998,1.0,0.050000000000000044
CONTROL N=200,200,OOD_NEAR_jerarquico_01,ood_near,jerarquico,8,3.7744664842841775,1,2,0.0017858193799311366,1.0,0.7,1.0,0.5,1.0,0.19999999999999996,1.0,0.09999999999999998,1.0,0.050000000000000044
CONTROL N=200,200,OOD_NEAR_jerarquico_01,ood_near,jerarquico,9,4.2462747948196995,2,2,0.0017926925909677888,1.0,0.7,1.0,0.5,1.0,0.19999999999999996,1.0,0.09999999999999998,1.0,0.050000000000000044
CONTROL N=200,200,OOD_NEAR_jerarquico_01,ood_near,jerarquico,10,4.7180831053552215,2,2,0.0007416700193763273,1.0,0.7,1.0,0.5,1.0,0.19999999999999996,1.0,0.09999999999999998,1.0,0.050000000000000044
CONTROL N=200,200,OOD_NEAR_jerarquico_02,ood_near,jerarquico,1,0.44422507837791325,1,2,0.0009599894125021322,0.2,0.09999999999999998,0.84,0.33999999999999997,1.0,0.19999999999999996,1.0,0.09999999999999998,1.0,0.050000000000000044
CONTROL N=200,200,OOD_NEAR_jerarquico_02,ood_near,jerarquico,2,0.8884501567558265,1,2,0.0004432412330228494,0.8,0.5,1.0,0.5,1.0,0.19999999999999996,1.0,0.09999999999999998,1.0,0.050000000000000044
CONTROL N=200,200,OOD_NEAR_jerarquico_02,ood_near,jerarquico,3,1.3326752351337396,1,2,0.00035091187007683965,0.0,0.3,0.0,0.5,0.76,0.040000000000000036,1.0,0.09999999999999998,1.0,0.050000000000000044
CONTROL N=200,200,OOD_NEAR_jerarquico_02,ood_near,jerarquico,4,1.776900313511653,1,2,0.00036215883166588537,0.04,0.26,0.64,0.14,1.0,0.19999999999999996,1.0,0.09999999999999998,1.0,0.050000000000000044
CONTROL N=200,200,OOD_NEAR_jerarquico_02,ood_near,jerarquico,5,2.2211253918895664,1,2,0.0003674262197565903,0.0,0.3,0.0,0.5,1.0,0.19999999999999996,1.0,0.09999999999999998,1.0,0.050000000000000044
CONTROL N=200,200,OOD_NEAR_jerarquico_02,ood_near,jerarquico,6,2.6653504702674797,1,2,0.0003586790561796464,0.0,0.3,0.36,0.14,1.0,0.19999999999999996,1.0,0.09999999999999998,1.0,0.050000000000000044
CONTROL N=200,200,OOD_NEAR_jerarquico_02,ood_near,jerarquico,7,3.1095755486453927,1,2,0.0003564622610124717,0.0,0.3,0.32,0.18,1.0,0.19999999999999996,1.0,0.09999999999999998,1.0,0.050000000000000044
CONTROL N=200,200,OOD_NEAR_jerarquico_02,ood_near,jerarquico,8,3.553800627023306,1,2,0.0003599215511513825,0.0,0.3,0.32,0.18,1.0,0.19999999999999996,1.0,0.09999999999999998,1.0,0.050000000000000044
CONTROL N=200,200,OOD_NEAR_jerarquico_02,ood_near,jerarquico,9,3.9980257054012194,1,2,0.00032414367088828914,0.0,0.3,0.6,0.09999999999999998,1.0,0.19999999999999996,1.0,0.09999999999999998,1.0,0.050000000000000044
CONTROL N=200,200,OOD_NEAR_jerarquico_02,ood_near,jerarquico,10,4.442250783779133,1,2,0.0003810186828395354,0.0,0.3,0.32,0.18,1.0,0.19999999999999996,1.0,0.09999999999999998,1.0,0.050000000000000044
CONTROL N=200,200,OOD_NEAR_jerarquico_03,ood_near,jerarquico,1,0.4649910083877734,1,2,0.0008255372039087759,0.0,0.3,0.0,0.5,1.0,0.19999999999999996,1.0,0.09999999999999998,1.0,0.050000000000000044
CONTROL N=200,200,OOD_NEAR_jerarquico_03,ood_near,jerarquico,2,0.9299820167755468,1,2,0.00033405439796708764,1.0,0.7,1.0,0.5,1.0,0.19999999999999996,1.0,0.09999999999999998,1.0,0.050000000000000044
CONTROL N=200,200,OOD_NEAR_jerarquico_03,ood_near,jerarquico,3,1.3949730251633201,1,2,0.0003129543080557975,1.0,0.7,1.0,0.5,1.0,0.19999999999999996,1.0,0.09999999999999998,1.0,0.050000000000000044
CONTROL N=200,200,OOD_NEAR_jerarquico_03,ood_near,jerarquico,4,1.8599640335510936,1,2,0.0003042137283690299,1.0,0.7,1.0,0.5,1.0,0.19999999999999996,1.0,0.09999999999999998,1.0,0.050000000000000044
CONTROL N=200,200,OOD_NEAR_jerarquico_03,ood_near,jerarquico,5,2.324955041938867,1,2,0.0003155015252693316,0.96,0.6599999999999999,1.0,0.5,1.0,0.19999999999999996,1.0,0.09999999999999998,1.0,0.050000000000000044
CONTROL N=200,200,OOD_NEAR_jerarquico_03,ood_near,jerarquico,6,2.7899460503266407,1,2,0.00025659298076107905,1.0,0.7,1.0,0.5,1.0,0.19999999999999996,1.0,0.09999999999999998,1.0,0.050000000000000044
CONTROL N=200,200,OOD_NEAR_jerarquico_03,ood_near,jerarquico,7,3.2549370587144137,1,2,0.0003233331736479312,1.0,0.7,1.0,0.5,1.0,0.19999999999999996,1.0,0.09999999999999998,1.0,0.050000000000000044
CONTROL N=200,200,OOD_NEAR_jerarquico_03,ood_near,jerarquico,8,3.7199280671021873,1,2,0.0009197296432518586,1.0,0.7,1.0,0.5,1.0,0.19999999999999996,1.0,0.09999999999999998,1.0,0.050000000000000044
CONTROL N=200,200,OOD_NEAR_jerarquico_03,ood_near,jerarquico,9,4.184919075489961,1,2,0.0009796926144341148,1.0,0.7,1.0,0.5,1.0,0.19999999999999996,1.0,0.09999999999999998,1.0,0.050000000000000044
CONTROL N=200,200,OOD_NEAR_jerarquico_03,ood_near,jerarquico,10,4.649910083877734,2,2,0.00042344109302424086,1.0,0.7,1.0,0.5,1.0,0.19999999999999996,1.0,0.09999999999999998,1.0,0.050000000000000044
CONTROL N=200,200,OOD_NEAR_resonancia_00,ood_near,resonancia,1,0.34007061815226963,2,2,0.005852150767202187,1.0,0.7,1.0,0.5,1.0,0.19999999999999996,1.0,0.09999999999999998,1.0,0.050000000000000044
CONTROL N=200,200,OOD_NEAR_resonancia_00,ood_near,resonancia,2,0.6801412363045393,1,2,0.0026964114938786456,1.0,0.7,1.0,0.5,1.0,0.19999999999999996,1.0,0.09999999999999998,1.0,0.050000000000000044
CONTROL N=200,200,OOD_NEAR_resonancia_00,ood_near,resonancia,3,1.0202118544568088,2,2,0.000467252382325609,0.44,0.14,1.0,0.5,1.0,0.19999999999999996,1.0,0.09999999999999998,1.0,0.050000000000000044
CONTROL N=200,200,OOD_NEAR_resonancia_00,ood_near,resonancia,4,1.3602824726090785,2,2,3.177227026160004e-05,0.04,0.26,0.96,0.45999999999999996,1.0,0.19999999999999996,1.0,0.09999999999999998,1.0,0.050000000000000044
CONTROL N=200,200,OOD_NEAR_resonancia_00,ood_near,resonancia,5,1.7003530907613482,2,2,0.0001381223325804001,0.08,0.21999999999999997,1.0,0.5,1.0,0.19999999999999996,1.0,0.09999999999999998,1.0,0.050000000000000044
CONTROL N=200,200,OOD_NEAR_resonancia_00,ood_near,resonancia,6,2.0404237089136177,4,4,2.103326260954652e-07,0.16,0.13999999999999999,0.72,0.21999999999999997,1.0,0.19999999999999996,1.0,0.09999999999999998,1.0,0.050000000000000044
CONTROL N=200,200,OOD_NEAR_resonancia_00,ood_near,resonancia,7,2.3804943270658874,4,4,4.957333826716793e-06,0.12,0.18,0.76,0.26,1.0,0.19999999999999996,1.0,0.09999999999999998,1.0,0.050000000000000044
CONTROL N=200,200,OOD_NEAR_resonancia_00,ood_near,resonancia,8,2.720564945218157,4,4,2.3920599182627178e-05,0.0,0.3,0.0,0.5,0.0,0.8,0.08,0.8200000000000001,0.76,0.18999999999999995
CONTROL N=200,200,OOD_NEAR_resonancia_00,ood_near,resonancia,9,3.0606355633704267,5,5,0.00022384775171290416,0.88,0.5800000000000001,1.0,0.5,1.0,0.19999999999999996,1.0,0.09999999999999998,1.0,0.050000000000000044
CONTROL N=200,200,OOD_NEAR_resonancia_00,ood_near,resonancia,10,3.4007061815226964,5,5,0.00034458210149028266,0.52,0.22000000000000003,1.0,0.5,1.0,0.19999999999999996,1.0,0.09999999999999998,1.0,0.050000000000000044
CONTROL N=200,200,OOD_NEAR_resonancia_01,ood_near,resonancia,1,0.33206930389657535,1,2,0.002581392493468955,1.0,0.7,1.0,0.5,1.0,0.19999999999999996,1.0,0.09999999999999998,1.0,0.050000000000000044
CONTROL N=200,200,OOD_NEAR_resonancia_01,ood_near,resonancia,2,0.6641386077931508,1,2,0.002309623700868892,1.0,0.7,1.0,0.5,1.0,0.19999999999999996,1.0,0.09999999999999998,1.0,0.050000000000000044
CONTROL N=200,200,OOD_NEAR_resonancia_01,ood_near,resonancia,3,0.9962079116897262,1,2,0.00235252487510706,0.72,0.42,1.0,0.5,1.0,0.19999999999999996,1.0,0.09999999999999998,1.0,0.050000000000000044
CONTROL N=200,200,OOD_NEAR_resonancia_01,ood_near,resonancia,4,1.3282772155863016,1,2,0.002155673059859475,0.88,0.5800000000000001,1.0,0.5,1.0,0.19999999999999996,1.0,0.09999999999999998,1.0,0.050000000000000044
CONTROL N=200,200,OOD_NEAR_resonancia_01,ood_near,resonancia,5,1.660346519482877,1,2,0.0020407400513320147,0.52,0.22000000000000003,1.0,0.5,1.0,0.19999999999999996,1.0,0.09999999999999998,1.0,0.050000000000000044
CONTROL N=200,200,OOD_NEAR_resonancia_01,ood_near,resonancia,6,1.9924158233794524,1,2,0.002168842261942835,0.2,0.09999999999999998,1.0,0.5,1.0,0.19999999999999996,1.0,0.09999999999999998,1.0,0.050000000000000044
CONTROL N=200,200,OOD_NEAR_resonancia_01,ood_near,resonancia,7,2.3244851272760276,1,2,0.0020502656783028964,0.24,0.06,1.0,0.5,1.0,0.19999999999999996,1.0,0.09999999999999998,1.0,0.050000000000000044
CONTROL N=200,200,OOD_NEAR_resonancia_01,ood_near,resonancia,8,2.6565544311726033,1,2,0.0020236907538271967,0.04,0.26,1.0,0.5,1.0,0.19999999999999996,1.0,0.09999999999999998,1.0,0.050000000000000044
CONTROL N=200,200,OOD_NEAR_resonancia_01,ood_near,resonancia,9,2.9886237350691784,1,2,0.0019176807595566539,0.0,0.3,1.0,0.5,1.0,0.19999999999999996,1.0,0.09999999999999998,1.0,0.050000000000000044
CONTROL N=200,200,OOD_NEAR_resonancia_01,ood_near,resonancia,10,3.3206930389657536,1,2,0.0018598350548503556,0.0,0.3,1.0,0.5,1.0,0.19999999999999996,1.0,0.09999999999999998,1.0,0.050000000000000044
CONTROL N=200,200,OOD_NEAR_resonancia_02,ood_near,resonancia,1,0.397942483005445,1,2,0.0025580768951680294,1.0,0.7,1.0,0.5,1.0,0.19999999999999996,1.0,0.09999999999999998,1.0,0.050000000000000044
CONTROL N=200,200,OOD_NEAR_resonancia_02,ood_near,resonancia,2,0.79588496601089,2,2,0.008779356314700105,1.0,0.7,1.0,0.5,1.0,0.19999999999999996,1.0,0.09999999999999998,1.0,0.050000000000000044
CONTROL N=200,200,OOD_NEAR_resonancia_02,ood_near,resonancia,3,1.193827449016335,1,2,0.003305268700031278,1.0,0.7,1.0,0.5,1.0,0.19999999999999996,1.0,0.09999999999999998,1.0,0.050000000000000044
CONTROL N=200,200,OOD_NEAR_resonancia_02,ood_near,resonancia,4,1.59176993202178,2,2,0.004279297518451375,1.0,0.7,1.0,0.5,1.0,0.19999999999999996,1.0,0.09999999999999998,1.0,0.050000000000000044
CONTROL N=200,200,OOD_NEAR_resonancia_02,ood_near,resonancia,5,1.989712415027225,1,2,0.0028573028693883386,1.0,0.7,1.0,0.5,1.0,0.19999999999999996,1.0,0.09999999999999998,1.0,0.050000000000000044
CONTROL N=200,200,OOD_NEAR_resonancia_02,ood_near,resonancia,6,2.38765489803267,2,2,0.00029022819218898674,0.0,0.3,1.0,0.5,1.0,0.19999999999999996,1.0,0.09999999999999998,1.0,0.050000000000000044
CONTROL N=200,200,OOD_NEAR_resonancia_02,ood_near,resonancia,7,2.785597381038115,2,2,0.00015751680379855532,0.0,0.3,1.0,0.5,1.0,0.19999999999999996,1.0,0.09999999999999998,1.0,0.050000000000000044
CONTROL N=200,200,OOD_NEAR_resonancia_02,ood_near,resonancia,8,3.18353986404356,2,2,0.0003231654957155091,0.88,0.5800000000000001,1.0,0.5,1.0,0.19999999999999996,1.0,0.09999999999999998,1.0,0.050000000000000044
CONTROL N=200,200,OOD_NEAR_resonancia_02,ood_near,resonancia,9,3.581482347049005,3,3,1.7612993917032281e-06,0.24,0.06,1.0,0.5,1.0,0.19999999999999996,1.0,0.09999999999999998,1.0,0.050000000000000044
CONTROL N=200,200,OOD_NEAR_resonancia_02,ood_near,resonancia,10,3.97942483005445,3,3,1.8648802359730094e-05,0.0,0.3,0.0,0.5,1.0,0.19999999999999996,1.0,0.09999999999999998,1.0,0.050000000000000044
CONTROL N=200,200,OOD_NEAR_resonancia_03,ood_near,resonancia,1,0.3727373233582223,2,2,0.0098934917822551,1.0,0.7,1.0,0.5,1.0,0.19999999999999996,1.0,0.09999999999999998,1.0,0.050000000000000044
CONTROL N=200,200,OOD_NEAR_resonancia_03,ood_near,resonancia,2,0.7454746467164446,2,2,0.011945284752045544,1.0,0.7,1.0,0.5,1.0,0.19999999999999996,1.0,0.09999999999999998,1.0,0.050000000000000044
CONTROL N=200,200,OOD_NEAR_resonancia_03,ood_near,resonancia,3,1.1182119700746669,1,2,0.0025221228224429964,1.0,0.7,1.0,0.5,1.0,0.19999999999999996,1.0,0.09999999999999998,1.0,0.050000000000000044
CONTROL N=200,200,OOD_NEAR_resonancia_03,ood_near,resonancia,4,1.4909492934328892,2,2,0.003933881736393299,0.0,0.3,1.0,0.5,1.0,0.19999999999999996,1.0,0.09999999999999998,1.0,0.050000000000000044
CONTROL N=200,200,OOD_NEAR_resonancia_03,ood_near,resonancia,5,1.8636866167911115,1,2,0.0033540974617130197,0.6,0.3,1.0,0.5,1.0,0.19999999999999996,1.0,0.09999999999999998,1.0,0.050000000000000044
CONTROL N=200,200,OOD_NEAR_resonancia_03,ood_near,resonancia,6,2.2364239401493338,1,2,0.00212345558885306,0.0,0.3,1.0,0.5,1.0,0.19999999999999996,1.0,0.09999999999999998,1.0,0.050000000000000044
CONTROL N=200,200,OOD_NEAR_resonancia_03,ood_near,resonancia,7,2.609161263507556,1,2,0.0014608651929670477,1.0,0.7,1.0,0.5,1.0,0.19999999999999996,1.0,0.09999999999999998,1.0,0.050000000000000044
CONTROL N=200,200,OOD_NEAR_resonancia_03,ood_near,resonancia,8,2.9818985868657784,1,2,0.0012938995454078843,1.0,0.7,1.0,0.5,1.0,0.19999999999999996,1.0,0.09999999999999998,1.0,0.050000000000000044
CONTROL N=200,200,OOD_NEAR_resonancia_03,ood_near,resonancia,9,3.3546359102240007,2,2,0.004810163266460992,0.32,0.020000000000000018,1.0,0.5,1.0,0.19999999999999996,1.0,0.09999999999999998,1.0,0.050000000000000044
CONTROL N=200,200,OOD_NEAR_resonancia_03,ood_near,resonancia,10,3.727373233582223,2,2,0.00387214151866133,0.16,0.13999999999999999,1.0,0.5,1.0,0.19999999999999996,1.0,0.09999999999999998,1.0,0.050000000000000044
CONTROL N=200,200,OOD_NEAR_euler_colineal_00,ood_near,euler_colineal,1,1.5,1,2,0.001142613704916561,0.96,0.6599999999999999,1.0,0.5,1.0,0.19999999999999996,1.0,0.09999999999999998,1.0,0.050000000000000044
CONTROL N=200,200,OOD_NEAR_euler_colineal_00,ood_near,euler_colineal,2,3.0,1,2,0.0013813295396905598,0.0,0.3,0.6,0.09999999999999998,1.0,0.19999999999999996,1.0,0.09999999999999998,1.0,0.050000000000000044
CONTROL N=200,200,OOD_NEAR_euler_colineal_00,ood_near,euler_colineal,3,4.5,2,2,0.0003356480960034085,0.0,0.3,0.12,0.38,1.0,0.19999999999999996,1.0,0.09999999999999998,1.0,0.050000000000000044
CONTROL N=200,200,OOD_NEAR_euler_colineal_00,ood_near,euler_colineal,4,6.0,4,4,8.393915323019569e-08,1.0,0.7,1.0,0.5,1.0,0.19999999999999996,1.0,0.09999999999999998,1.0,0.050000000000000044
CONTROL N=200,200,OOD_NEAR_euler_colineal_00,ood_near,euler_colineal,5,7.5,7,7,1.0499969601711107e-08,0.0,0.3,0.44,0.06,1.0,0.19999999999999996,1.0,0.09999999999999998,1.0,0.050000000000000044
CONTROL N=200,200,OOD_NEAR_euler_colineal_00,ood_near,euler_colineal,6,9.0,8,8,1.5054134197234473e-05,0.08,0.21999999999999997,0.8,0.30000000000000004,0.92,0.12,1.0,0.09999999999999998,1.0,0.050000000000000044
CONTROL N=200,200,OOD_NEAR_euler_colineal_00,ood_near,euler_colineal,7,10.5,8,8,3.2178535460719935e-05,0.88,0.5800000000000001,0.92,0.42000000000000004,1.0,0.19999999999999996,1.0,0.09999999999999998,1.0,0.050000000000000044
CONTROL N=200,200,OOD_NEAR_euler_colineal_00,ood_near,euler_colineal,8,12.0,8,8,2.0911432394478956e-05,0.92,0.6200000000000001,1.0,0.5,1.0,0.19999999999999996,1.0,0.09999999999999998,1.0,0.050000000000000044
CONTROL N=200,200,OOD_NEAR_euler_colineal_00,ood_near,euler_colineal,9,13.5,8,8,5.043135388801498e-06,0.6,0.3,0.76,0.26,0.84,0.039999999999999925,1.0,0.09999999999999998,1.0,0.050000000000000044
CONTROL N=200,200,OOD_NEAR_euler_colineal_00,ood_near,euler_colineal,10,15.0,7,7,8.822868365034618e-06,0.76,0.46,0.92,0.42000000000000004,1.0,0.19999999999999996,1.0,0.09999999999999998,1.0,0.050000000000000044
CONTROL N=200,200,OOD_NEAR_euler_colineal_01,ood_near,euler_colineal,1,1.5,1,2,0.0010863455385436585,0.96,0.6599999999999999,1.0,0.5,1.0,0.19999999999999996,1.0,0.09999999999999998,1.0,0.050000000000000044
CONTROL N=200,200,OOD_NEAR_euler_colineal_01,ood_near,euler_colineal,2,3.0,1,2,0.0003049783346739883,1.0,0.7,1.0,0.5,1.0,0.19999999999999996,1.0,0.09999999999999998,1.0,0.050000000000000044
CONTROL N=200,200,OOD_NEAR_euler_colineal_01,ood_near,euler_colineal,3,4.5,1,2,0.0003307874063660112,1.0,0.7,1.0,0.5,1.0,0.19999999999999996,1.0,0.09999999999999998,1.0,0.050000000000000044
CONTROL N=200,200,OOD_NEAR_euler_colineal_01,ood_near,euler_colineal,4,6.0,5,5,4.305116578923012e-06,1.0,0.7,1.0,0.5,1.0,0.19999999999999996,1.0,0.09999999999999998,1.0,0.050000000000000044
CONTROL N=200,200,OOD_NEAR_euler_colineal_01,ood_near,euler_colineal,5,7.5,6,6,1.8097420603689528e-05,1.0,0.7,1.0,0.5,1.0,0.19999999999999996,1.0,0.09999999999999998,1.0,0.050000000000000044
CONTROL N=200,200,OOD_NEAR_euler_colineal_01,ood_near,euler_colineal,6,9.0,7,7,3.038331978549236e-06,1.0,0.7,1.0,0.5,1.0,0.19999999999999996,1.0,0.09999999999999998,1.0,0.050000000000000044
CONTROL N=200,200,OOD_NEAR_euler_colineal_01,ood_near,euler_colineal,7,10.5,7,7,1.2333616622542155e-06,1.0,0.7,1.0,0.5,1.0,0.19999999999999996,1.0,0.09999999999999998,1.0,0.050000000000000044
CONTROL N=200,200,OOD_NEAR_euler_colineal_01,ood_near,euler_colineal,8,12.0,7,7,7.521469055589883e-07,1.0,0.7,1.0,0.5,1.0,0.19999999999999996,1.0,0.09999999999999998,1.0,0.050000000000000044
CONTROL N=200,200,OOD_NEAR_euler_colineal_01,ood_near,euler_colineal,9,13.5,7,7,4.223574844007705e-07,1.0,0.7,1.0,0.5,1.0,0.19999999999999996,1.0,0.09999999999999998,1.0,0.050000000000000044
CONTROL N=200,200,OOD_NEAR_euler_colineal_01,ood_near,euler_colineal,10,15.0,6,6,1.1622430279935537e-06,1.0,0.7,1.0,0.5,1.0,0.19999999999999996,1.0,0.09999999999999998,1.0,0.050000000000000044
CONTROL N=200,200,OOD_NEAR_euler_colineal_02,ood_near,euler_colineal,1,1.5,1,2,0.0013873645452347526,1.0,0.7,1.0,0.5,1.0,0.19999999999999996,1.0,0.09999999999999998,1.0,0.050000000000000044
CONTROL N=200,200,OOD_NEAR_euler_colineal_02,ood_near,euler_colineal,2,3.0,1,2,0.0004012948961753447,0.92,0.6200000000000001,1.0,0.5,1.0,0.19999999999999996,1.0,0.09999999999999998,1.0,0.050000000000000044
CONTROL N=200,200,OOD_NEAR_euler_colineal_02,ood_near,euler_colineal,3,4.5,3,3,1.4624900554774652e-05,0.92,0.6200000000000001,1.0,0.5,1.0,0.19999999999999996,1.0,0.09999999999999998,1.0,0.050000000000000044
CONTROL N=200,200,OOD_NEAR_euler_colineal_02,ood_near,euler_colineal,4,6.0,5,5,9.80370038321506e-07,0.68,0.38000000000000006,1.0,0.5,1.0,0.19999999999999996,1.0,0.09999999999999998,1.0,0.050000000000000044
CONTROL N=200,200,OOD_NEAR_euler_colineal_02,ood_near,euler_colineal,5,7.5,7,7,1.7771471466392527e-05,0.92,0.6200000000000001,1.0,0.5,1.0,0.19999999999999996,1.0,0.09999999999999998,1.0,0.050000000000000044
CONTROL N=200,200,OOD_NEAR_euler_colineal_02,ood_near,euler_colineal,6,9.0,8,8,4.279324715757272e-05,0.96,0.6599999999999999,0.96,0.45999999999999996,1.0,0.19999999999999996,1.0,0.09999999999999998,1.0,0.050000000000000044
CONTROL N=200,200,OOD_NEAR_euler_colineal_02,ood_near,euler_colineal,7,10.5,8,8,1.5418422000269206e-05,0.48,0.18,0.72,0.21999999999999997,0.96,0.15999999999999992,1.0,0.09999999999999998,1.0,0.050000000000000044
CONTROL N=200,200,OOD_NEAR_euler_colineal_02,ood_near,euler_colineal,8,12.0,8,8,4.547296050031039e-06,0.88,0.5800000000000001,0.92,0.42000000000000004,0.96,0.15999999999999992,0.96,0.05999999999999994,1.0,0.050000000000000044
CONTROL N=200,200,OOD_NEAR_euler_colineal_02,ood_near,euler_colineal,9,13.5,8,8,1.5070082714551745e-06,0.56,0.26000000000000006,0.84,0.33999999999999997,0.96,0.15999999999999992,0.96,0.05999999999999994,0.96,0.010000000000000009
CONTROL N=200,200,OOD_NEAR_euler_colineal_02,ood_near,euler_colineal,10,15.0,8,8,2.171465770916404e-07,0.48,0.18,0.68,0.18000000000000005,0.84,0.039999999999999925,0.96,0.05999999999999994,1.0,0.050000000000000044
CONTROL N=200,200,OOD_NEAR_euler_colineal_03,ood_near,euler_colineal,1,1.5,1,2,0.001804677754591465,1.0,0.7,1.0,0.5,1.0,0.19999999999999996,1.0,0.09999999999999998,1.0,0.050000000000000044
CONTROL N=200,200,OOD_NEAR_euler_colineal_03,ood_near,euler_colineal,2,3.0,1,2,0.00026709447192285263,1.0,0.7,1.0,0.5,1.0,0.19999999999999996,1.0,0.09999999999999998,1.0,0.050000000000000044
CONTROL N=200,200,OOD_NEAR_euler_colineal_03,ood_near,euler_colineal,3,4.5,4,4,6.542094135026269e-07,0.04,0.26,0.36,0.14,1.0,0.19999999999999996,1.0,0.09999999999999998,1.0,0.050000000000000044
CONTROL N=200,200,OOD_NEAR_euler_colineal_03,ood_near,euler_colineal,4,6.0,6,6,6.154549893779409e-06,0.0,0.3,0.72,0.21999999999999997,0.96,0.15999999999999992,0.96,0.05999999999999994,0.96,0.010000000000000009
CONTROL N=200,200,OOD_NEAR_euler_colineal_03,ood_near,euler_colineal,5,7.5,7,7,8.071606193101285e-05,0.36,0.06,0.8,0.30000000000000004,0.96,0.15999999999999992,1.0,0.09999999999999998,1.0,0.050000000000000044
CONTROL N=200,200,OOD_NEAR_euler_colineal_03,ood_near,euler_colineal,6,9.0,9,9,1.0119677196921262e-05,0.2,0.09999999999999998,0.36,0.14,0.88,0.07999999999999996,1.0,0.09999999999999998,1.0,0.050000000000000044
CONTROL N=200,200,OOD_NEAR_euler_colineal_03,ood_near,euler_colineal,7,10.5,9,9,3.6745860339187927e-06,0.32,0.020000000000000018,0.56,0.06000000000000005,1.0,0.19999999999999996,1.0,0.09999999999999998,1.0,0.050000000000000044
CONTROL N=200,200,OOD_NEAR_euler_colineal_03,ood_near,euler_colineal,8,12.0,9,9,2.532787829878162e-07,0.16,0.13999999999999999,0.28,0.21999999999999997,0.84,0.039999999999999925,0.92,0.020000000000000018,0.96,0.010000000000000009
CONTROL N=200,200,OOD_NEAR_euler_colineal_03,ood_near,euler_colineal,9,13.5,8,8,5.578472974500285e-07,0.36,0.06,0.64,0.14,0.92,0.12,1.0,0.09999999999999998,1.0,0.050000000000000044
CONTROL N=200,200,OOD_NEAR_euler_colineal_03,ood_near,euler_colineal,10,15.0,8,8,1.7586600592083015e-07,0.28,0.019999999999999962,0.44,0.06,0.84,0.039999999999999925,1.0,0.09999999999999998,1.0,0.050000000000000044
CONTROL N=200,200,OOD_NEAR_masas_asimetricas_00,ood_near,masas_asimetricas,1,0.8808790250442602,1,2,0.0019037959271340063,0.44,0.14,1.0,0.5,1.0,0.19999999999999996,1.0,0.09999999999999998,1.0,0.050000000000000044
CONTROL N=200,200,OOD_NEAR_masas_asimetricas_00,ood_near,masas_asimetricas,2,1.7617580500885204,2,2,0.005458399930258881,1.0,0.7,1.0,0.5,1.0,0.19999999999999996,1.0,0.09999999999999998,1.0,0.050000000000000044
CONTROL N=200,200,OOD_NEAR_masas_asimetricas_00,ood_near,masas_asimetricas,3,2.6426370751327806,1,2,0.0024184112586648158,1.0,0.7,1.0,0.5,1.0,0.19999999999999996,1.0,0.09999999999999998,1.0,0.050000000000000044
CONTROL N=200,200,OOD_NEAR_masas_asimetricas_00,ood_near,masas_asimetricas,4,3.5235161001770408,2,2,0.004203629886605955,1.0,0.7,1.0,0.5,1.0,0.19999999999999996,1.0,0.09999999999999998,1.0,0.050000000000000044
CONTROL N=200,200,OOD_NEAR_masas_asimetricas_00,ood_near,masas_asimetricas,5,4.404395125221301,1,2,0.002494352831239045,1.0,0.7,1.0,0.5,1.0,0.19999999999999996,1.0,0.09999999999999998,1.0,0.050000000000000044
CONTROL N=200,200,OOD_NEAR_masas_asimetricas_00,ood_near,masas_asimetricas,6,5.285274150265561,1,2,0.001438049146063629,1.0,0.7,1.0,0.5,1.0,0.19999999999999996,1.0,0.09999999999999998,1.0,0.050000000000000044
CONTROL N=200,200,OOD_NEAR_masas_asimetricas_00,ood_near,masas_asimetricas,7,6.166153175309821,1,2,0.0028692792464939817,1.0,0.7,1.0,0.5,1.0,0.19999999999999996,1.0,0.09999999999999998,1.0,0.050000000000000044
CONTROL N=200,200,OOD_NEAR_masas_asimetricas_00,ood_near,masas_asimetricas,8,7.0470322003540815,1,2,0.0012675089373305186,1.0,0.7,1.0,0.5,1.0,0.19999999999999996,1.0,0.09999999999999998,1.0,0.050000000000000044
CONTROL N=200,200,OOD_NEAR_masas_asimetricas_00,ood_near,masas_asimetricas,9,7.927911225398342,2,2,0.004228281263685736,1.0,0.7,1.0,0.5,1.0,0.19999999999999996,1.0,0.09999999999999998,1.0,0.050000000000000044
CONTROL N=200,200,OOD_NEAR_masas_asimetricas_00,ood_near,masas_asimetricas,10,8.808790250442602,1,2,0.002009027127125022,0.88,0.5800000000000001,1.0,0.5,1.0,0.19999999999999996,1.0,0.09999999999999998,1.0,0.050000000000000044
CONTROL N=200,200,OOD_NEAR_masas_asimetricas_01,ood_near,masas_asimetricas,1,0.7501798348658469,1,2,0.0019298166774055561,0.12,0.18,1.0,0.5,1.0,0.19999999999999996,1.0,0.09999999999999998,1.0,0.050000000000000044
CONTROL N=200,200,OOD_NEAR_masas_asimetricas_01,ood_near,masas_asimetricas,2,1.5003596697316939,2,2,0.004892307022542656,1.0,0.7,1.0,0.5,1.0,0.19999999999999996,1.0,0.09999999999999998,1.0,0.050000000000000044
CONTROL N=200,200,OOD_NEAR_masas_asimetricas_01,ood_near,masas_asimetricas,3,2.250539504597541,1,2,0.0023006624992799726,1.0,0.7,1.0,0.5,1.0,0.19999999999999996,1.0,0.09999999999999998,1.0,0.050000000000000044
CONTROL N=200,200,OOD_NEAR_masas_asimetricas_01,ood_near,masas_asimetricas,4,3.0007193394633878,1,2,0.0034380414264657704,1.0,0.7,1.0,0.5,1.0,0.19999999999999996,1.0,0.09999999999999998,1.0,0.050000000000000044
CONTROL N=200,200,OOD_NEAR_masas_asimetricas_01,ood_near,masas_asimetricas,5,3.7508991743292346,1,2,0.0020485425371889244,1.0,0.7,1.0,0.5,1.0,0.19999999999999996,1.0,0.09999999999999998,1.0,0.050000000000000044
CONTROL N=200,200,OOD_NEAR_masas_asimetricas_01,ood_near,masas_asimetricas,6,4.501079009195082,1,2,0.0019511544333683027,1.0,0.7,1.0,0.5,1.0,0.19999999999999996,1.0,0.09999999999999998,1.0,0.050000000000000044
CONTROL N=200,200,OOD_NEAR_masas_asimetricas_01,ood_near,masas_asimetricas,7,5.251258844060929,1,2,0.0023251500388537637,1.0,0.7,1.0,0.5,1.0,0.19999999999999996,1.0,0.09999999999999998,1.0,0.050000000000000044
CONTROL N=200,200,OOD_NEAR_masas_asimetricas_01,ood_near,masas_asimetricas,8,6.0014386789267755,1,2,0.0015357853662525745,1.0,0.7,1.0,0.5,1.0,0.19999999999999996,1.0,0.09999999999999998,1.0,0.050000000000000044
CONTROL N=200,200,OOD_NEAR_masas_asimetricas_01,ood_near,masas_asimetricas,9,6.751618513792622,2,2,0.003951209116878911,1.0,0.7,1.0,0.5,1.0,0.19999999999999996,1.0,0.09999999999999998,1.0,0.050000000000000044
CONTROL N=200,200,OOD_NEAR_masas_asimetricas_01,ood_near,masas_asimetricas,10,7.501798348658469,1,2,0.001238447764964184,0.4,0.10000000000000003,1.0,0.5,1.0,0.19999999999999996,1.0,0.09999999999999998,1.0,0.050000000000000044
CONTROL N=200,200,OOD_NEAR_masas_asimetricas_02,ood_near,masas_asimetricas,1,0.9421951298066219,1,2,0.002439706296263906,1.0,0.7,1.0,0.5,1.0,0.19999999999999996,1.0,0.09999999999999998,1.0,0.050000000000000044
CONTROL N=200,200,OOD_NEAR_masas_asimetricas_02,ood_near,masas_asimetricas,2,1.8843902596132436,2,2,0.006576103093853967,1.0,0.7,1.0,0.5,1.0,0.19999999999999996,1.0,0.09999999999999998,1.0,0.050000000000000044
CONTROL N=200,200,OOD_NEAR_masas_asimetricas_02,ood_near,masas_asimetricas,3,2.8265853894198654,1,2,0.002966235608620236,1.0,0.7,1.0,0.5,1.0,0.19999999999999996,1.0,0.09999999999999998,1.0,0.050000000000000044
CONTROL N=200,200,OOD_NEAR_masas_asimetricas_02,ood_near,masas_asimetricas,4,3.768780519226487,2,2,0.004998381561768968,1.0,0.7,1.0,0.5,1.0,0.19999999999999996,1.0,0.09999999999999998,1.0,0.050000000000000044
CONTROL N=200,200,OOD_NEAR_masas_asimetricas_02,ood_near,masas_asimetricas,5,4.710975649033109,1,2,0.0029053459025815613,1.0,0.7,1.0,0.5,1.0,0.19999999999999996,1.0,0.09999999999999998,1.0,0.050000000000000044
CONTROL N=200,200,OOD_NEAR_masas_asimetricas_02,ood_near,masas_asimetricas,6,5.653170778839732,1,2,0.0015301465666238395,1.0,0.7,1.0,0.5,1.0,0.19999999999999996,1.0,0.09999999999999998,1.0,0.050000000000000044
CONTROL N=200,200,OOD_NEAR_masas_asimetricas_02,ood_near,masas_asimetricas,7,6.595365908646353,2,2,0.004599294179594362,0.16,0.13999999999999999,1.0,0.5,1.0,0.19999999999999996,1.0,0.09999999999999998,1.0,0.050000000000000044
CONTROL N=200,200,OOD_NEAR_masas_asimetricas_02,ood_near,masas_asimetricas,8,7.537561038452974,1,2,0.0013961484221169447,0.0,0.3,1.0,0.5,1.0,0.19999999999999996,1.0,0.09999999999999998,1.0,0.050000000000000044
CONTROL N=200,200,OOD_NEAR_masas_asimetricas_02,ood_near,masas_asimetricas,9,8.479756168259597,1,2,0.003998084312705907,0.4,0.10000000000000003,1.0,0.5,1.0,0.19999999999999996,1.0,0.09999999999999998,1.0,0.050000000000000044
CONTROL N=200,200,OOD_NEAR_masas_asimetricas_02,ood_near,masas_asimetricas,10,9.421951298066219,1,2,0.003559165145709545,0.28,0.019999999999999962,1.0,0.5,1.0,0.19999999999999996,1.0,0.09999999999999998,1.0,0.050000000000000044
CONTROL N=200,200,OOD_NEAR_masas_asimetricas_03,ood_near,masas_asimetricas,1,0.7865285243780283,1,2,0.001660681257895096,0.16,0.13999999999999999,1.0,0.5,1.0,0.19999999999999996,1.0,0.09999999999999998,1.0,0.050000000000000044
CONTROL N=200,200,OOD_NEAR_masas_asimetricas_03,ood_near,masas_asimetricas,2,1.5730570487560565,1,2,0.0033372152522339544,1.0,0.7,1.0,0.5,1.0,0.19999999999999996,1.0,0.09999999999999998,1.0,0.050000000000000044
CONTROL N=200,200,OOD_NEAR_masas_asimetricas_03,ood_near,masas_asimetricas,3,2.3595855731340847,1,2,0.0021887139719404926,1.0,0.7,1.0,0.5,1.0,0.19999999999999996,1.0,0.09999999999999998,1.0,0.050000000000000044
CONTROL N=200,200,OOD_NEAR_masas_asimetricas_03,ood_near,masas_asimetricas,4,3.146114097512113,1,2,0.003200276323528253,1.0,0.7,1.0,0.5,1.0,0.19999999999999996,1.0,0.09999999999999998,1.0,0.050000000000000044
CONTROL N=200,200,OOD_NEAR_masas_asimetricas_03,ood_near,masas_asimetricas,5,3.932642621890141,1,2,0.002256183592679003,0.92,0.6200000000000001,1.0,0.5,1.0,0.19999999999999996,1.0,0.09999999999999998,1.0,0.050000000000000044
CONTROL N=200,200,OOD_NEAR_masas_asimetricas_03,ood_near,masas_asimetricas,6,4.719171146268169,1,2,0.003113055415521793,1.0,0.7,1.0,0.5,1.0,0.19999999999999996,1.0,0.09999999999999998,1.0,0.050000000000000044
CONTROL N=200,200,OOD_NEAR_masas_asimetricas_03,ood_near,masas_asimetricas,7,5.505699670646198,1,2,0.002258595076496395,1.0,0.7,1.0,0.5,1.0,0.19999999999999996,1.0,0.09999999999999998,1.0,0.050000000000000044
CONTROL N=200,200,OOD_NEAR_masas_asimetricas_03,ood_near,masas_asimetricas,8,6.292228195024227,1,2,0.0022997237784267324,1.0,0.7,1.0,0.5,1.0,0.19999999999999996,1.0,0.09999999999999998,1.0,0.050000000000000044
CONTROL N=200,200,OOD_NEAR_masas_asimetricas_03,ood_near,masas_asimetricas,9,7.0787567194022545,1,2,0.002945071407628751,1.0,0.7,1.0,0.5,1.0,0.19999999999999996,1.0,0.09999999999999998,1.0,0.050000000000000044
CONTROL N=200,200,OOD_NEAR_masas_asimetricas_03,ood_near,masas_asimetricas,10,7.865285243780283,1,2,0.0020673668322339325,1.0,0.7,1.0,0.5,1.0,0.19999999999999996,1.0,0.09999999999999998,1.0,0.050000000000000044
CONTROL N=200,200,OOD_FAR_separatriz_00,ood_far,separatriz,1,0.560161757991949,1,2,0.0008350533072359228,1.0,0.7,1.0,0.5,1.0,0.19999999999999996,1.0,0.09999999999999998,1.0,0.050000000000000044
CONTROL N=200,200,OOD_FAR_separatriz_00,ood_far,separatriz,2,1.120323515983898,1,2,0.0005657513962528022,0.08,0.21999999999999997,0.84,0.33999999999999997,1.0,0.19999999999999996,1.0,0.09999999999999998,1.0,0.050000000000000044
CONTROL N=200,200,OOD_FAR_separatriz_00,ood_far,separatriz,3,1.680485273975847,1,2,0.0005900129083667828,0.92,0.6200000000000001,1.0,0.5,1.0,0.19999999999999996,1.0,0.09999999999999998,1.0,0.050000000000000044
CONTROL N=200,200,OOD_FAR_separatriz_00,ood_far,separatriz,4,2.240647031967796,1,2,0.000708880002471425,0.52,0.22000000000000003,1.0,0.5,1.0,0.19999999999999996,1.0,0.09999999999999998,1.0,0.050000000000000044
CONTROL N=200,200,OOD_FAR_separatriz_00,ood_far,separatriz,5,2.800808789959745,1,2,0.0007241062647381915,0.92,0.6200000000000001,1.0,0.5,1.0,0.19999999999999996,1.0,0.09999999999999998,1.0,0.050000000000000044
CONTROL N=200,200,OOD_FAR_separatriz_00,ood_far,separatriz,6,3.3609705479516943,1,2,0.0007868734455295103,0.84,0.54,1.0,0.5,1.0,0.19999999999999996,1.0,0.09999999999999998,1.0,0.050000000000000044
CONTROL N=200,200,OOD_FAR_separatriz_00,ood_far,separatriz,7,3.921132305943643,1,2,0.0008081422071503289,0.56,0.26000000000000006,1.0,0.5,1.0,0.19999999999999996,1.0,0.09999999999999998,1.0,0.050000000000000044
CONTROL N=200,200,OOD_FAR_separatriz_00,ood_far,separatriz,8,4.481294063935592,1,2,0.0008285092663667308,0.88,0.5800000000000001,1.0,0.5,1.0,0.19999999999999996,1.0,0.09999999999999998,1.0,0.050000000000000044
CONTROL N=200,200,OOD_FAR_separatriz_00,ood_far,separatriz,9,5.041455821927541,1,2,0.0008399063978895134,1.0,0.7,1.0,0.5,1.0,0.19999999999999996,1.0,0.09999999999999998,1.0,0.050000000000000044
CONTROL N=200,200,OOD_FAR_separatriz_00,ood_far,separatriz,10,5.60161757991949,1,2,0.0008753614095197425,1.0,0.7,1.0,0.5,1.0,0.19999999999999996,1.0,0.09999999999999998,1.0,0.050000000000000044
CONTROL N=200,200,OOD_FAR_separatriz_01,ood_far,separatriz,1,0.5566347864814842,1,2,0.0010873157302762418,1.0,0.7,1.0,0.5,1.0,0.19999999999999996,1.0,0.09999999999999998,1.0,0.050000000000000044
CONTROL N=200,200,OOD_FAR_separatriz_01,ood_far,separatriz,2,1.1132695729629685,1,2,0.0004001819071508837,0.92,0.6200000000000001,1.0,0.5,1.0,0.19999999999999996,1.0,0.09999999999999998,1.0,0.050000000000000044
CONTROL N=200,200,OOD_FAR_separatriz_01,ood_far,separatriz,3,1.6699043594444527,1,2,0.00043706590597615634,1.0,0.7,1.0,0.5,1.0,0.19999999999999996,1.0,0.09999999999999998,1.0,0.050000000000000044
CONTROL N=200,200,OOD_FAR_separatriz_01,ood_far,separatriz,4,2.226539145925937,1,2,0.0003997694300110002,1.0,0.7,1.0,0.5,1.0,0.19999999999999996,1.0,0.09999999999999998,1.0,0.050000000000000044
CONTROL N=200,200,OOD_FAR_separatriz_01,ood_far,separatriz,5,2.783173932407421,1,2,0.0004967029790070894,1.0,0.7,1.0,0.5,1.0,0.19999999999999996,1.0,0.09999999999999998,1.0,0.050000000000000044
CONTROL N=200,200,OOD_FAR_separatriz_01,ood_far,separatriz,6,3.3398087188889054,1,2,0.0004162733027476467,1.0,0.7,1.0,0.5,1.0,0.19999999999999996,1.0,0.09999999999999998,1.0,0.050000000000000044
CONTROL N=200,200,OOD_FAR_separatriz_01,ood_far,separatriz,7,3.8964435053703896,1,2,0.0004956703366988363,1.0,0.7,1.0,0.5,1.0,0.19999999999999996,1.0,0.09999999999999998,1.0,0.050000000000000044
CONTROL N=200,200,OOD_FAR_separatriz_01,ood_far,separatriz,8,4.453078291851874,1,2,0.00045282934586990793,1.0,0.7,1.0,0.5,1.0,0.19999999999999996,1.0,0.09999999999999998,1.0,0.050000000000000044
CONTROL N=200,200,OOD_FAR_separatriz_01,ood_far,separatriz,9,5.009713078333358,1,2,0.00048470005804571056,1.0,0.7,1.0,0.5,1.0,0.19999999999999996,1.0,0.09999999999999998,1.0,0.050000000000000044
CONTROL N=200,200,OOD_FAR_separatriz_01,ood_far,separatriz,10,5.566347864814842,1,2,0.0004968938923069193,1.0,0.7,1.0,0.5,1.0,0.19999999999999996,1.0,0.09999999999999998,1.0,0.050000000000000044
CONTROL N=200,200,OOD_FAR_separatriz_02,ood_far,separatriz,1,0.5612747153107003,1,2,0.000957587005698908,1.0,0.7,1.0,0.5,1.0,0.19999999999999996,1.0,0.09999999999999998,1.0,0.050000000000000044
CONTROL N=200,200,OOD_FAR_separatriz_02,ood_far,separatriz,2,1.1225494306214006,1,2,0.0005284544304415814,1.0,0.7,1.0,0.5,1.0,0.19999999999999996,1.0,0.09999999999999998,1.0,0.050000000000000044
CONTROL N=200,200,OOD_FAR_separatriz_02,ood_far,separatriz,3,1.6838241459321008,1,2,0.000510894234519623,0.88,0.5800000000000001,1.0,0.5,1.0,0.19999999999999996,1.0,0.09999999999999998,1.0,0.050000000000000044
CONTROL N=200,200,OOD_FAR_separatriz_02,ood_far,separatriz,4,2.245098861242801,1,2,0.00048573939655075605,1.0,0.7,1.0,0.5,1.0,0.19999999999999996,1.0,0.09999999999999998,1.0,0.050000000000000044
CONTROL N=200,200,OOD_FAR_separatriz_02,ood_far,separatriz,5,2.8063735765535016,1,2,0.00044193812631656334,1.0,0.7,1.0,0.5,1.0,0.19999999999999996,1.0,0.09999999999999998,1.0,0.050000000000000044
CONTROL N=200,200,OOD_FAR_separatriz_02,ood_far,separatriz,6,3.367648291864202,1,2,0.0005042332147183196,1.0,0.7,1.0,0.5,1.0,0.19999999999999996,1.0,0.09999999999999998,1.0,0.050000000000000044
CONTROL N=200,200,OOD_FAR_separatriz_02,ood_far,separatriz,7,3.9289230071749017,1,2,0.0004792629803106674,1.0,0.7,1.0,0.5,1.0,0.19999999999999996,1.0,0.09999999999999998,1.0,0.050000000000000044
CONTROL N=200,200,OOD_FAR_separatriz_02,ood_far,separatriz,8,4.490197722485602,1,2,0.0005102680134943011,1.0,0.7,1.0,0.5,1.0,0.19999999999999996,1.0,0.09999999999999998,1.0,0.050000000000000044
CONTROL N=200,200,OOD_FAR_separatriz_02,ood_far,separatriz,9,5.051472437796303,1,2,0.0005001568112830055,1.0,0.7,1.0,0.5,1.0,0.19999999999999996,1.0,0.09999999999999998,1.0,0.050000000000000044
CONTROL N=200,200,OOD_FAR_separatriz_02,ood_far,separatriz,10,5.612747153107003,1,2,0.0004414463782565219,1.0,0.7,1.0,0.5,1.0,0.19999999999999996,1.0,0.09999999999999998,1.0,0.050000000000000044
CONTROL N=200,200,OOD_FAR_separatriz_03,ood_far,separatriz,1,0.5621716527502312,1,2,0.0008950137167525837,0.96,0.6599999999999999,1.0,0.5,1.0,0.19999999999999996,1.0,0.09999999999999998,1.0,0.050000000000000044
CONTROL N=200,200,OOD_FAR_separatriz_03,ood_far,separatriz,2,1.1243433055004624,1,2,0.0005551014891922449,1.0,0.7,1.0,0.5,1.0,0.19999999999999996,1.0,0.09999999999999998,1.0,0.050000000000000044
CONTROL N=200,200,OOD_FAR_separatriz_03,ood_far,separatriz,3,1.6865149582506935,1,2,0.0005127998611049407,0.96,0.6599999999999999,1.0,0.5,1.0,0.19999999999999996,1.0,0.09999999999999998,1.0,0.050000000000000044
CONTROL N=200,200,OOD_FAR_separatriz_03,ood_far,separatriz,4,2.2486866110009247,1,2,0.0005118491033438736,1.0,0.7,1.0,0.5,1.0,0.19999999999999996,1.0,0.09999999999999998,1.0,0.050000000000000044
CONTROL N=200,200,OOD_FAR_separatriz_03,ood_far,separatriz,5,2.8108582637511557,1,2,0.0005275370618706364,1.0,0.7,1.0,0.5,1.0,0.19999999999999996,1.0,0.09999999999999998,1.0,0.050000000000000044
CONTROL N=200,200,OOD_FAR_separatriz_03,ood_far,separatriz,6,3.3730299165013866,1,2,0.0005429064487124364,1.0,0.7,1.0,0.5,1.0,0.19999999999999996,1.0,0.09999999999999998,1.0,0.050000000000000044
CONTROL N=200,200,OOD_FAR_separatriz_03,ood_far,separatriz,7,3.9352015692516185,1,2,0.0005534802985060182,1.0,0.7,1.0,0.5,1.0,0.19999999999999996,1.0,0.09999999999999998,1.0,0.050000000000000044
CONTROL N=200,200,OOD_FAR_separatriz_03,ood_far,separatriz,8,4.497373222001849,1,2,0.0005822722587904461,1.0,0.7,1.0,0.5,1.0,0.19999999999999996,1.0,0.09999999999999998,1.0,0.050000000000000044
CONTROL N=200,200,OOD_FAR_separatriz_03,ood_far,separatriz,9,5.05954487475208,1,2,0.0005766179467293401,1.0,0.7,1.0,0.5,1.0,0.19999999999999996,1.0,0.09999999999999998,1.0,0.050000000000000044
CONTROL N=200,200,OOD_FAR_separatriz_03,ood_far,separatriz,10,5.621716527502311,1,2,0.0006029701297608788,1.0,0.7,1.0,0.5,1.0,0.19999999999999996,1.0,0.09999999999999998,1.0,0.050000000000000044
CONTROL N=200,200,OOD_FAR_encuentro_violento_00,ood_far,encuentro_violento,1,0.4029832822545892,2,2,0.00876073316118264,1.0,0.7,1.0,0.5,1.0,0.19999999999999996,1.0,0.09999999999999998,1.0,0.050000000000000044
CONTROL N=200,200,OOD_FAR_encuentro_violento_00,ood_far,encuentro_violento,2,0.8059665645091783,2,2,0.008024471836098748,0.0,0.3,0.0,0.5,0.0,0.8,0.28,0.62,0.76,0.18999999999999995
CONTROL N=200,200,OOD_FAR_encuentro_violento_00,ood_far,encuentro_violento,3,1.2089498467637674,2,2,0.006892962250162692,0.72,0.42,1.0,0.5,1.0,0.19999999999999996,1.0,0.09999999999999998,1.0,0.050000000000000044
CONTROL N=200,200,OOD_FAR_encuentro_violento_00,ood_far,encuentro_violento,4,1.6119331290183565,2,2,0.010115310140829453,0.68,0.38000000000000006,1.0,0.5,1.0,0.19999999999999996,1.0,0.09999999999999998,1.0,0.050000000000000044
CONTROL N=200,200,OOD_FAR_encuentro_violento_00,ood_far,encuentro_violento,5,2.014916411272946,2,2,0.007248958968250641,0.0,0.3,0.0,0.5,0.32,0.48000000000000004,0.52,0.38,0.84,0.10999999999999999
CONTROL N=200,200,OOD_FAR_encuentro_violento_00,ood_far,encuentro_violento,6,2.417899693527535,2,2,0.006789828008963705,0.04,0.26,0.44,0.06,0.96,0.15999999999999992,1.0,0.09999999999999998,1.0,0.050000000000000044
CONTROL N=200,200,OOD_FAR_encuentro_violento_00,ood_far,encuentro_violento,7,2.820882975782124,2,2,0.00794125011002645,0.68,0.38000000000000006,1.0,0.5,1.0,0.19999999999999996,1.0,0.09999999999999998,1.0,0.050000000000000044
CONTROL N=200,200,OOD_FAR_encuentro_violento_00,ood_far,encuentro_violento,8,3.223866258036713,2,2,0.006165583129334384,0.0,0.3,0.08,0.42,0.36,0.44000000000000006,0.68,0.21999999999999997,0.84,0.10999999999999999
CONTROL N=200,200,OOD_FAR_encuentro_violento_00,ood_far,encuentro_violento,9,3.6268495402913024,2,2,0.008586646067477652,0.52,0.22000000000000003,0.68,0.18000000000000005,0.84,0.039999999999999925,0.92,0.020000000000000018,1.0,0.050000000000000044
CONTROL N=200,200,OOD_FAR_encuentro_violento_00,ood_far,encuentro_violento,10,4.029832822545892,2,2,0.00701328978008374,0.44,0.14,0.84,0.33999999999999997,1.0,0.19999999999999996,1.0,0.09999999999999998,1.0,0.050000000000000044
CONTROL N=200,200,OOD_FAR_encuentro_violento_01,ood_far,encuentro_violento,1,0.2897329888251865,2,2,0.012589877309942432,0.0,0.3,0.08,0.42,0.64,0.16000000000000003,0.72,0.18000000000000005,0.92,0.029999999999999916
CONTROL N=200,200,OOD_FAR_encuentro_violento_01,ood_far,encuentro_violento,2,0.579465977650373,2,2,0.010594827847428068,0.68,0.38000000000000006,0.84,0.33999999999999997,0.96,0.15999999999999992,1.0,0.09999999999999998,1.0,0.050000000000000044
CONTROL N=200,200,OOD_FAR_encuentro_violento_01,ood_far,encuentro_violento,3,0.8691989664755595,2,2,0.01000598883646066,0.04,0.26,0.24,0.26,0.72,0.08000000000000007,1.0,0.09999999999999998,1.0,0.050000000000000044
CONTROL N=200,200,OOD_FAR_encuentro_violento_01,ood_far,encuentro_violento,4,1.158931955300746,2,2,0.00889841648386759,0.44,0.14,0.52,0.020000000000000018,0.8,0.0,0.88,0.020000000000000018,0.92,0.029999999999999916
CONTROL N=200,200,OOD_FAR_encuentro_violento_01,ood_far,encuentro_violento,5,1.4486649441259325,2,2,0.010325131279048346,0.28,0.019999999999999962,0.36,0.14,0.92,0.12,0.96,0.05999999999999994,0.96,0.010000000000000009
CONTROL N=200,200,OOD_FAR_encuentro_violento_01,ood_far,encuentro_violento,6,1.738397932951119,2,2,0.006169603840180547,0.2,0.09999999999999998,0.48,0.020000000000000018,0.84,0.039999999999999925,0.92,0.020000000000000018,0.96,0.010000000000000009
CONTROL N=200,200,OOD_FAR_encuentro_violento_01,ood_far,encuentro_violento,7,2.0281309217763055,2,2,0.008974275065665713,0.28,0.019999999999999962,0.4,0.09999999999999998,0.72,0.08000000000000007,0.88,0.020000000000000018,0.96,0.010000000000000009
CONTROL N=200,200,OOD_FAR_encuentro_violento_01,ood_far,encuentro_violento,8,2.317863910601492,2,2,0.00951684229152769,0.24,0.06,0.48,0.020000000000000018,0.8,0.0,0.92,0.020000000000000018,0.96,0.010000000000000009
CONTROL N=200,200,OOD_FAR_encuentro_violento_01,ood_far,encuentro_violento,9,2.6075968994266785,2,2,0.010591781794271804,0.28,0.019999999999999962,0.6,0.09999999999999998,0.72,0.08000000000000007,0.88,0.020000000000000018,0.96,0.010000000000000009
CONTROL N=200,200,OOD_FAR_encuentro_violento_01,ood_far,encuentro_violento,10,2.897329888251865,2,2,0.008174575961699586,0.24,0.06,0.36,0.14,0.72,0.08000000000000007,0.88,0.020000000000000018,0.88,0.06999999999999995
CONTROL N=200,200,OOD_FAR_encuentro_violento_02,ood_far,encuentro_violento,1,0.4384302918925199,3,3,0.001140047817637086,0.0,0.3,0.04,0.46,0.96,0.15999999999999992,1.0,0.09999999999999998,1.0,0.050000000000000044
CONTROL N=200,200,OOD_FAR_encuentro_violento_02,ood_far,encuentro_violento,2,0.8768605837850398,3,3,0.002271060594790464,0.04,0.26,0.08,0.42,0.6,0.20000000000000007,0.72,0.18000000000000005,0.84,0.10999999999999999
CONTROL N=200,200,OOD_FAR_encuentro_violento_02,ood_far,encuentro_violento,3,1.3152908756775599,3,3,0.002573941198727715,0.12,0.18,0.2,0.3,0.56,0.24,0.68,0.21999999999999997,0.96,0.010000000000000009
CONTROL N=200,200,OOD_FAR_encuentro_violento_02,ood_far,encuentro_violento,4,1.7537211675700797,3,3,0.002175998038624673,0.36,0.06,0.4,0.09999999999999998,0.76,0.040000000000000036,0.88,0.020000000000000018,0.96,0.010000000000000009
CONTROL N=200,200,OOD_FAR_encuentro_violento_02,ood_far,encuentro_violento,5,2.1921514594625995,3,3,0.003677017461579622,0.32,0.020000000000000018,0.52,0.020000000000000018,0.68,0.12,0.96,0.05999999999999994,0.96,0.010000000000000009
CONTROL N=200,200,OOD_FAR_encuentro_violento_02,ood_far,encuentro_violento,6,2.6305817513551193,3,3,0.006560514326003975,0.36,0.06,0.52,0.020000000000000018,0.84,0.039999999999999925,0.84,0.06000000000000005,0.92,0.029999999999999916
CONTROL N=200,200,OOD_FAR_encuentro_violento_02,ood_far,encuentro_violento,7,3.0690120432476395,3,3,0.003968243469103266,0.4,0.10000000000000003,0.64,0.14,0.88,0.07999999999999996,0.92,0.020000000000000018,0.96,0.010000000000000009
CONTROL N=200,200,OOD_FAR_encuentro_violento_02,ood_far,encuentro_violento,8,3.5074423351401594,3,3,0.004023838389943332,0.52,0.22000000000000003,0.64,0.14,0.8,0.0,0.88,0.020000000000000018,0.92,0.029999999999999916
CONTROL N=200,200,OOD_FAR_encuentro_violento_02,ood_far,encuentro_violento,9,3.945872627032679,4,4,0.00029604674909224115,0.52,0.22000000000000003,0.64,0.14,0.76,0.040000000000000036,0.84,0.06000000000000005,0.96,0.010000000000000009
CONTROL N=200,200,OOD_FAR_encuentro_violento_02,ood_far,encuentro_violento,10,4.384302918925199,3,3,0.0031691550200926687,0.48,0.18,0.6,0.09999999999999998,0.96,0.15999999999999992,0.96,0.05999999999999994,1.0,0.050000000000000044
CONTROL N=200,200,OOD_FAR_encuentro_violento_03,ood_far,encuentro_violento,1,0.3049076340024614,3,3,0.002041194969549271,0.76,0.46,1.0,0.5,1.0,0.19999999999999996,1.0,0.09999999999999998,1.0,0.050000000000000044
CONTROL N=200,200,OOD_FAR_encuentro_violento_03,ood_far,encuentro_violento,2,0.6098152680049229,3,3,0.003041589201863888,0.28,0.019999999999999962,0.68,0.18000000000000005,0.76,0.040000000000000036,0.76,0.14,0.84,0.10999999999999999
CONTROL N=200,200,OOD_FAR_encuentro_violento_03,ood_far,encuentro_violento,3,0.9147229020073844,4,4,0.00013650630947514587,0.48,0.18,0.72,0.21999999999999997,1.0,0.19999999999999996,1.0,0.09999999999999998,1.0,0.050000000000000044
CONTROL N=200,200,OOD_FAR_encuentro_violento_03,ood_far,encuentro_violento,4,1.2196305360098458,4,4,0.0004710247405723886,0.56,0.26000000000000006,0.76,0.26,0.92,0.12,0.96,0.05999999999999994,0.96,0.010000000000000009
CONTROL N=200,200,OOD_FAR_encuentro_violento_03,ood_far,encuentro_violento,5,1.5245381700123073,5,5,9.360541301814355e-05,0.44,0.14,0.64,0.14,0.92,0.12,0.96,0.05999999999999994,0.96,0.010000000000000009
CONTROL N=200,200,OOD_FAR_encuentro_violento_03,ood_far,encuentro_violento,6,1.8294458040147688,5,5,0.00015805415137326123,0.36,0.06,0.72,0.21999999999999997,0.96,0.15999999999999992,0.96,0.05999999999999994,0.96,0.010000000000000009
CONTROL N=200,200,OOD_FAR_encuentro_violento_03,ood_far,encuentro_violento,7,2.13435343801723,5,5,7.34678599537157e-05,0.4,0.10000000000000003,0.48,0.020000000000000018,0.76,0.040000000000000036,0.8,0.09999999999999998,0.92,0.029999999999999916
CONTROL N=200,200,OOD_FAR_encuentro_violento_03,ood_far,encuentro_violento,8,2.4392610720196917,5,5,7.302964618390244e-05,0.44,0.14,0.72,0.21999999999999997,0.88,0.07999999999999996,0.96,0.05999999999999994,0.96,0.010000000000000009
CONTROL N=200,200,OOD_FAR_encuentro_violento_03,ood_far,encuentro_violento,9,2.744168706022153,5,5,4.578539508685839e-05,0.36,0.06,0.6,0.09999999999999998,0.92,0.12,0.96,0.05999999999999994,1.0,0.050000000000000044
CONTROL N=200,200,OOD_FAR_encuentro_violento_03,ood_far,encuentro_violento,10,3.049076340024614,5,5,2.6090931188067307e-05,0.32,0.020000000000000018,0.64,0.14,0.84,0.039999999999999925,0.92,0.020000000000000018,1.0,0.050000000000000044
CONTROL N=200,200,OOD_FAR_escape_temprano_00,ood_far,escape_temprano,1,0.7830244004640371,1,2,0.0010097525036488696,0.0,0.3,0.12,0.38,1.0,0.19999999999999996,1.0,0.09999999999999998,1.0,0.050000000000000044
CONTROL N=200,200,OOD_FAR_escape_temprano_00,ood_far,escape_temprano,2,1.5660488009280742,1,2,0.0008262327025035098,0.8,0.5,1.0,0.5,1.0,0.19999999999999996,1.0,0.09999999999999998,1.0,0.050000000000000044
CONTROL N=200,200,OOD_FAR_escape_temprano_00,ood_far,escape_temprano,3,2.349073201392111,1,2,0.0006889844455722691,0.48,0.18,0.76,0.26,1.0,0.19999999999999996,1.0,0.09999999999999998,1.0,0.050000000000000044
CONTROL N=200,200,OOD_FAR_escape_temprano_00,ood_far,escape_temprano,4,3.1320976018561484,1,2,0.0008538449557333628,0.8,0.5,1.0,0.5,1.0,0.19999999999999996,1.0,0.09999999999999998,1.0,0.050000000000000044
CONTROL N=200,200,OOD_FAR_escape_temprano_00,ood_far,escape_temprano,5,3.9151220023201856,1,2,0.0006817594558316607,0.8,0.5,0.92,0.42000000000000004,1.0,0.19999999999999996,1.0,0.09999999999999998,1.0,0.050000000000000044
CONTROL N=200,200,OOD_FAR_escape_temprano_00,ood_far,escape_temprano,6,4.698146402784222,1,2,0.0008852999468557351,0.8,0.5,1.0,0.5,1.0,0.19999999999999996,1.0,0.09999999999999998,1.0,0.050000000000000044
CONTROL N=200,200,OOD_FAR_escape_temprano_00,ood_far,escape_temprano,7,5.48117080324826,1,2,0.0007596167438643339,1.0,0.7,1.0,0.5,1.0,0.19999999999999996,1.0,0.09999999999999998,1.0,0.050000000000000044
CONTROL N=200,200,OOD_FAR_escape_temprano_00,ood_far,escape_temprano,8,6.264195203712297,1,2,0.0009234003726965842,0.8,0.5,1.0,0.5,1.0,0.19999999999999996,1.0,0.09999999999999998,1.0,0.050000000000000044
CONTROL N=200,200,OOD_FAR_escape_temprano_00,ood_far,escape_temprano,9,7.047219604176334,1,2,0.0008525814069029348,1.0,0.7,1.0,0.5,1.0,0.19999999999999996,1.0,0.09999999999999998,1.0,0.050000000000000044
CONTROL N=200,200,OOD_FAR_escape_temprano_00,ood_far,escape_temprano,10,7.830244004640371,1,2,0.000967755820678555,0.8,0.5,1.0,0.5,1.0,0.19999999999999996,1.0,0.09999999999999998,1.0,0.050000000000000044
CONTROL N=200,200,OOD_FAR_escape_temprano_01,ood_far,escape_temprano,1,0.7656515789155334,1,2,0.001087540642219965,1.0,0.7,1.0,0.5,1.0,0.19999999999999996,1.0,0.09999999999999998,1.0,0.050000000000000044
CONTROL N=200,200,OOD_FAR_escape_temprano_01,ood_far,escape_temprano,2,1.5313031578310667,1,2,0.0007963122987437814,1.0,0.7,1.0,0.5,1.0,0.19999999999999996,1.0,0.09999999999999998,1.0,0.050000000000000044
CONTROL N=200,200,OOD_FAR_escape_temprano_01,ood_far,escape_temprano,3,2.2969547367466,1,2,0.0006776549483383003,0.24,0.06,1.0,0.5,1.0,0.19999999999999996,1.0,0.09999999999999998,1.0,0.050000000000000044
CONTROL N=200,200,OOD_FAR_escape_temprano_01,ood_far,escape_temprano,4,3.0626063156621335,1,2,0.0007642991522974695,1.0,0.7,1.0,0.5,1.0,0.19999999999999996,1.0,0.09999999999999998,1.0,0.050000000000000044
CONTROL N=200,200,OOD_FAR_escape_temprano_01,ood_far,escape_temprano,5,3.828257894577667,1,2,0.0007321573414650563,0.92,0.6200000000000001,1.0,0.5,1.0,0.19999999999999996,1.0,0.09999999999999998,1.0,0.050000000000000044
CONTROL N=200,200,OOD_FAR_escape_temprano_01,ood_far,escape_temprano,6,4.5939094734932,1,2,0.0007738424709822997,1.0,0.7,1.0,0.5,1.0,0.19999999999999996,1.0,0.09999999999999998,1.0,0.050000000000000044
CONTROL N=200,200,OOD_FAR_escape_temprano_01,ood_far,escape_temprano,7,5.359561052408734,1,2,0.0007411036223601303,1.0,0.7,1.0,0.5,1.0,0.19999999999999996,1.0,0.09999999999999998,1.0,0.050000000000000044
CONTROL N=200,200,OOD_FAR_escape_temprano_01,ood_far,escape_temprano,8,6.125212631324267,1,2,0.0008520286629242677,1.0,0.7,1.0,0.5,1.0,0.19999999999999996,1.0,0.09999999999999998,1.0,0.050000000000000044
CONTROL N=200,200,OOD_FAR_escape_temprano_01,ood_far,escape_temprano,9,6.8908642102398,1,2,0.0007610715577159969,1.0,0.7,1.0,0.5,1.0,0.19999999999999996,1.0,0.09999999999999998,1.0,0.050000000000000044
CONTROL N=200,200,OOD_FAR_escape_temprano_01,ood_far,escape_temprano,10,7.656515789155334,1,2,0.0008854350198816733,1.0,0.7,1.0,0.5,1.0,0.19999999999999996,1.0,0.09999999999999998,1.0,0.050000000000000044
CONTROL N=200,200,OOD_FAR_escape_temprano_02,ood_far,escape_temprano,1,0.804522877107785,1,2,0.0010973451490144145,0.72,0.42,1.0,0.5,1.0,0.19999999999999996,1.0,0.09999999999999998,1.0,0.050000000000000044
CONTROL N=200,200,OOD_FAR_escape_temprano_02,ood_far,escape_temprano,2,1.60904575421557,1,2,0.0007973991012165353,1.0,0.7,1.0,0.5,1.0,0.19999999999999996,1.0,0.09999999999999998,1.0,0.050000000000000044
CONTROL N=200,200,OOD_FAR_escape_temprano_02,ood_far,escape_temprano,3,2.413568631323355,1,2,0.0007551295527133783,1.0,0.7,1.0,0.5,1.0,0.19999999999999996,1.0,0.09999999999999998,1.0,0.050000000000000044
CONTROL N=200,200,OOD_FAR_escape_temprano_02,ood_far,escape_temprano,4,3.21809150843114,1,2,0.0007773407878323468,1.0,0.7,1.0,0.5,1.0,0.19999999999999996,1.0,0.09999999999999998,1.0,0.050000000000000044
CONTROL N=200,200,OOD_FAR_escape_temprano_02,ood_far,escape_temprano,5,4.022614385538925,1,2,0.0007281815293280521,1.0,0.7,1.0,0.5,1.0,0.19999999999999996,1.0,0.09999999999999998,1.0,0.050000000000000044
CONTROL N=200,200,OOD_FAR_escape_temprano_02,ood_far,escape_temprano,6,4.82713726264671,1,2,0.0007949451390833971,1.0,0.7,1.0,0.5,1.0,0.19999999999999996,1.0,0.09999999999999998,1.0,0.050000000000000044
CONTROL N=200,200,OOD_FAR_escape_temprano_02,ood_far,escape_temprano,7,5.631660139754495,1,2,0.0007379582067646067,1.0,0.7,1.0,0.5,1.0,0.19999999999999996,1.0,0.09999999999999998,1.0,0.050000000000000044
CONTROL N=200,200,OOD_FAR_escape_temprano_02,ood_far,escape_temprano,8,6.43618301686228,1,2,0.0007957085460569784,1.0,0.7,1.0,0.5,1.0,0.19999999999999996,1.0,0.09999999999999998,1.0,0.050000000000000044
CONTROL N=200,200,OOD_FAR_escape_temprano_02,ood_far,escape_temprano,9,7.240705893970065,1,2,0.0007747413606266297,1.0,0.7,1.0,0.5,1.0,0.19999999999999996,1.0,0.09999999999999998,1.0,0.050000000000000044
CONTROL N=200,200,OOD_FAR_escape_temprano_02,ood_far,escape_temprano,10,8.04522877107785,1,2,0.0008070763254983728,1.0,0.7,1.0,0.5,1.0,0.19999999999999996,1.0,0.09999999999999998,1.0,0.050000000000000044
CONTROL N=200,200,OOD_FAR_escape_temprano_03,ood_far,escape_temprano,1,0.7902209538842365,1,2,0.001075668513921745,1.0,0.7,1.0,0.5,1.0,0.19999999999999996,1.0,0.09999999999999998,1.0,0.050000000000000044
CONTROL N=200,200,OOD_FAR_escape_temprano_03,ood_far,escape_temprano,2,1.5804419077684733,1,2,0.0009907017853419621,0.92,0.6200000000000001,1.0,0.5,1.0,0.19999999999999996,1.0,0.09999999999999998,1.0,0.050000000000000044
CONTROL N=200,200,OOD_FAR_escape_temprano_03,ood_far,escape_temprano,3,2.37066286165271,1,2,0.0009337980642190523,1.0,0.7,1.0,0.5,1.0,0.19999999999999996,1.0,0.09999999999999998,1.0,0.050000000000000044
CONTROL N=200,200,OOD_FAR_escape_temprano_03,ood_far,escape_temprano,4,3.1608838155369465,1,2,0.0009718447945190584,1.0,0.7,1.0,0.5,1.0,0.19999999999999996,1.0,0.09999999999999998,1.0,0.050000000000000044
CONTROL N=200,200,OOD_FAR_escape_temprano_03,ood_far,escape_temprano,5,3.951104769421183,1,2,0.0009780714420635028,1.0,0.7,1.0,0.5,1.0,0.19999999999999996,1.0,0.09999999999999998,1.0,0.050000000000000044
CONTROL N=200,200,OOD_FAR_escape_temprano_03,ood_far,escape_temprano,6,4.74132572330542,1,2,0.0010552740223118552,1.0,0.7,1.0,0.5,1.0,0.19999999999999996,1.0,0.09999999999999998,1.0,0.050000000000000044
CONTROL N=200,200,OOD_FAR_escape_temprano_03,ood_far,escape_temprano,7,5.531546677189656,1,2,0.0010472133750532066,1.0,0.7,1.0,0.5,1.0,0.19999999999999996,1.0,0.09999999999999998,1.0,0.050000000000000044
CONTROL N=200,200,OOD_FAR_escape_temprano_03,ood_far,escape_temprano,8,6.321767631073892,1,2,0.0011272469271181326,1.0,0.7,1.0,0.5,1.0,0.19999999999999996,1.0,0.09999999999999998,1.0,0.050000000000000044
CONTROL N=200,200,OOD_FAR_escape_temprano_03,ood_far,escape_temprano,9,7.111988584958129,1,2,0.001160961913273402,1.0,0.7,1.0,0.5,1.0,0.19999999999999996,1.0,0.09999999999999998,1.0,0.050000000000000044
CONTROL N=200,200,OOD_FAR_escape_temprano_03,ood_far,escape_temprano,10,7.902209538842365,1,2,0.0012387235285359383,1.0,0.7,1.0,0.5,1.0,0.19999999999999996,1.0,0.09999999999999998,1.0,0.050000000000000044
CONTROL N=200,200,OOD_FAR_masas_extremas_00,ood_far,masas_extremas,1,0.4039323870261927,1,2,0.0017354493686117887,0.0,0.3,0.88,0.38,1.0,0.19999999999999996,1.0,0.09999999999999998,1.0,0.050000000000000044
CONTROL N=200,200,OOD_FAR_masas_extremas_00,ood_far,masas_extremas,2,0.8078647740523854,1,2,0.0025878426205327956,0.92,0.6200000000000001,1.0,0.5,1.0,0.19999999999999996,1.0,0.09999999999999998,1.0,0.050000000000000044
CONTROL N=200,200,OOD_FAR_masas_extremas_00,ood_far,masas_extremas,3,1.2117971610785783,1,2,0.002309113144037583,0.56,0.26000000000000006,1.0,0.5,1.0,0.19999999999999996,1.0,0.09999999999999998,1.0,0.050000000000000044
CONTROL N=200,200,OOD_FAR_masas_extremas_00,ood_far,masas_extremas,4,1.6157295481047709,1,2,0.0028431063579782206,1.0,0.7,1.0,0.5,1.0,0.19999999999999996,1.0,0.09999999999999998,1.0,0.050000000000000044
CONTROL N=200,200,OOD_FAR_masas_extremas_00,ood_far,masas_extremas,5,2.0196619351309635,1,2,0.0022768835477584067,1.0,0.7,1.0,0.5,1.0,0.19999999999999996,1.0,0.09999999999999998,1.0,0.050000000000000044
CONTROL N=200,200,OOD_FAR_masas_extremas_00,ood_far,masas_extremas,6,2.423594322157156,1,2,0.0022780397167659794,1.0,0.7,1.0,0.5,1.0,0.19999999999999996,1.0,0.09999999999999998,1.0,0.050000000000000044
CONTROL N=200,200,OOD_FAR_masas_extremas_00,ood_far,masas_extremas,7,2.827526709183349,1,2,0.0021539586314541807,1.0,0.7,1.0,0.5,1.0,0.19999999999999996,1.0,0.09999999999999998,1.0,0.050000000000000044
CONTROL N=200,200,OOD_FAR_masas_extremas_00,ood_far,masas_extremas,8,3.2314590962095417,1,2,0.002441248345316978,1.0,0.7,1.0,0.5,1.0,0.19999999999999996,1.0,0.09999999999999998,1.0,0.050000000000000044
CONTROL N=200,200,OOD_FAR_masas_extremas_00,ood_far,masas_extremas,9,3.6353914832357344,1,2,0.002288625822511643,1.0,0.7,1.0,0.5,1.0,0.19999999999999996,1.0,0.09999999999999998,1.0,0.050000000000000044
CONTROL N=200,200,OOD_FAR_masas_extremas_00,ood_far,masas_extremas,10,4.039323870261927,1,2,0.0025441081927654063,1.0,0.7,1.0,0.5,1.0,0.19999999999999996,1.0,0.09999999999999998,1.0,0.050000000000000044
CONTROL N=200,200,OOD_FAR_masas_extremas_01,ood_far,masas_extremas,1,0.4031805459574681,1,2,0.0016014192127037012,1.0,0.7,1.0,0.5,1.0,0.19999999999999996,1.0,0.09999999999999998,1.0,0.050000000000000044
CONTROL N=200,200,OOD_FAR_masas_extremas_01,ood_far,masas_extremas,2,0.8063610919149362,1,2,0.0020442383936300867,1.0,0.7,1.0,0.5,1.0,0.19999999999999996,1.0,0.09999999999999998,1.0,0.050000000000000044
CONTROL N=200,200,OOD_FAR_masas_extremas_01,ood_far,masas_extremas,3,1.2095416378724044,1,2,0.0018716989303891654,1.0,0.7,1.0,0.5,1.0,0.19999999999999996,1.0,0.09999999999999998,1.0,0.050000000000000044
CONTROL N=200,200,OOD_FAR_masas_extremas_01,ood_far,masas_extremas,4,1.6127221838298724,1,2,0.002539385325856799,1.0,0.7,1.0,0.5,1.0,0.19999999999999996,1.0,0.09999999999999998,1.0,0.050000000000000044
CONTROL N=200,200,OOD_FAR_masas_extremas_01,ood_far,masas_extremas,5,2.0159027297873404,1,2,0.0021823805983964967,1.0,0.7,1.0,0.5,1.0,0.19999999999999996,1.0,0.09999999999999998,1.0,0.050000000000000044
CONTROL N=200,200,OOD_FAR_masas_extremas_01,ood_far,masas_extremas,6,2.4190832757448084,1,2,0.00221262771664705,0.96,0.6599999999999999,1.0,0.5,1.0,0.19999999999999996,1.0,0.09999999999999998,1.0,0.050000000000000044
CONTROL N=200,200,OOD_FAR_masas_extremas_01,ood_far,masas_extremas,7,2.822263821702277,1,2,0.001853242695151329,1.0,0.7,1.0,0.5,1.0,0.19999999999999996,1.0,0.09999999999999998,1.0,0.050000000000000044
CONTROL N=200,200,OOD_FAR_masas_extremas_01,ood_far,masas_extremas,8,3.225444367659745,1,2,0.002102877066866617,1.0,0.7,1.0,0.5,1.0,0.19999999999999996,1.0,0.09999999999999998,1.0,0.050000000000000044
CONTROL N=200,200,OOD_FAR_masas_extremas_01,ood_far,masas_extremas,9,3.628624913617213,1,2,0.0019958251803401323,1.0,0.7,1.0,0.5,1.0,0.19999999999999996,1.0,0.09999999999999998,1.0,0.050000000000000044
CONTROL N=200,200,OOD_FAR_masas_extremas_01,ood_far,masas_extremas,10,4.031805459574681,1,2,0.002541071383048414,1.0,0.7,1.0,0.5,1.0,0.19999999999999996,1.0,0.09999999999999998,1.0,0.050000000000000044
CONTROL N=200,200,OOD_FAR_masas_extremas_02,ood_far,masas_extremas,1,0.6055344268403091,1,2,0.0016594778095841082,1.0,0.7,1.0,0.5,1.0,0.19999999999999996,1.0,0.09999999999999998,1.0,0.050000000000000044
CONTROL N=200,200,OOD_FAR_masas_extremas_02,ood_far,masas_extremas,2,1.2110688536806182,1,2,0.0024152874567209682,1.0,0.7,1.0,0.5,1.0,0.19999999999999996,1.0,0.09999999999999998,1.0,0.050000000000000044
CONTROL N=200,200,OOD_FAR_masas_extremas_02,ood_far,masas_extremas,3,1.8166032805209273,1,2,0.0034477044188901836,1.0,0.7,1.0,0.5,1.0,0.19999999999999996,1.0,0.09999999999999998,1.0,0.050000000000000044
CONTROL N=200,200,OOD_FAR_masas_extremas_02,ood_far,masas_extremas,4,2.4221377073612365,1,2,0.003171258263284653,1.0,0.7,1.0,0.5,1.0,0.19999999999999996,1.0,0.09999999999999998,1.0,0.050000000000000044
CONTROL N=200,200,OOD_FAR_masas_extremas_02,ood_far,masas_extremas,5,3.027672134201546,1,2,0.0022854331243753966,1.0,0.7,1.0,0.5,1.0,0.19999999999999996,1.0,0.09999999999999998,1.0,0.050000000000000044
CONTROL N=200,200,OOD_FAR_masas_extremas_02,ood_far,masas_extremas,6,3.633206561041855,1,2,0.002291554361105003,1.0,0.7,1.0,0.5,1.0,0.19999999999999996,1.0,0.09999999999999998,1.0,0.050000000000000044
CONTROL N=200,200,OOD_FAR_masas_extremas_02,ood_far,masas_extremas,7,4.238740987882164,1,2,0.002413927770965954,1.0,0.7,1.0,0.5,1.0,0.19999999999999996,1.0,0.09999999999999998,1.0,0.050000000000000044
CONTROL N=200,200,OOD_FAR_masas_extremas_02,ood_far,masas_extremas,8,4.844275414722473,1,2,0.002949713817730653,1.0,0.7,1.0,0.5,1.0,0.19999999999999996,1.0,0.09999999999999998,1.0,0.050000000000000044
CONTROL N=200,200,OOD_FAR_masas_extremas_02,ood_far,masas_extremas,9,5.449809841562782,1,2,0.0024038739325184405,1.0,0.7,1.0,0.5,1.0,0.19999999999999996,1.0,0.09999999999999998,1.0,0.050000000000000044
CONTROL N=200,200,OOD_FAR_masas_extremas_02,ood_far,masas_extremas,10,6.055344268403092,1,2,0.002314070732423775,1.0,0.7,1.0,0.5,1.0,0.19999999999999996,1.0,0.09999999999999998,1.0,0.050000000000000044
CONTROL N=200,200,OOD_FAR_masas_extremas_03,ood_far,masas_extremas,1,0.477650591694929,1,2,0.0011439089454536634,1.0,0.7,1.0,0.5,1.0,0.19999999999999996,1.0,0.09999999999999998,1.0,0.050000000000000044
CONTROL N=200,200,OOD_FAR_masas_extremas_03,ood_far,masas_extremas,2,0.9553011833898579,1,2,0.0016019797638331809,0.04,0.26,0.92,0.42000000000000004,1.0,0.19999999999999996,1.0,0.09999999999999998,1.0,0.050000000000000044
CONTROL N=200,200,OOD_FAR_masas_extremas_03,ood_far,masas_extremas,3,1.4329517750847869,1,2,0.0023682888365575594,0.72,0.42,1.0,0.5,1.0,0.19999999999999996,1.0,0.09999999999999998,1.0,0.050000000000000044
CONTROL N=200,200,OOD_FAR_masas_extremas_03,ood_far,masas_extremas,4,1.9106023667797158,1,2,0.0024758336706099,1.0,0.7,1.0,0.5,1.0,0.19999999999999996,1.0,0.09999999999999998,1.0,0.050000000000000044
CONTROL N=200,200,OOD_FAR_masas_extremas_03,ood_far,masas_extremas,5,2.388252958474645,1,2,0.001997627528874109,0.96,0.6599999999999999,1.0,0.5,1.0,0.19999999999999996,1.0,0.09999999999999998,1.0,0.050000000000000044
CONTROL N=200,200,OOD_FAR_masas_extremas_03,ood_far,masas_extremas,6,2.865903550169574,1,2,0.002266969556354414,0.8,0.5,1.0,0.5,1.0,0.19999999999999996,1.0,0.09999999999999998,1.0,0.050000000000000044
CONTROL N=200,200,OOD_FAR_masas_extremas_03,ood_far,masas_extremas,7,3.343554141864503,1,2,0.0015083599917774676,1.0,0.7,1.0,0.5,1.0,0.19999999999999996,1.0,0.09999999999999998,1.0,0.050000000000000044
CONTROL N=200,200,OOD_FAR_masas_extremas_03,ood_far,masas_extremas,8,3.8212047335594317,1,2,0.00218255157817721,0.12,0.18,1.0,0.5,1.0,0.19999999999999996,1.0,0.09999999999999998,1.0,0.050000000000000044
CONTROL N=200,200,OOD_FAR_masas_extremas_03,ood_far,masas_extremas,9,4.298855325254361,1,2,0.001926903115725493,0.28,0.019999999999999962,1.0,0.5,1.0,0.19999999999999996,1.0,0.09999999999999998,1.0,0.050000000000000044
CONTROL N=200,200,OOD_FAR_masas_extremas_03,ood_far,masas_extremas,10,4.77650591694929,1,2,0.0026162734068194927,0.96,0.6599999999999999,1.0,0.5,1.0,0.19999999999999996,1.0,0.09999999999999998,1.0,0.050000000000000044
CONTROL N=200,200,OOD_FAR_no_virializado_00,ood_far,no_virializado,1,1.5,8,8,1.267901577570935e-06,1.0,0.7,1.0,0.5,1.0,0.19999999999999996,1.0,0.09999999999999998,1.0,0.050000000000000044
CONTROL N=200,200,OOD_FAR_no_virializado_00,ood_far,no_virializado,2,3.0,7,7,5.15073201583075e-06,1.0,0.7,1.0,0.5,1.0,0.19999999999999996,1.0,0.09999999999999998,1.0,0.050000000000000044
CONTROL N=200,200,OOD_FAR_no_virializado_00,ood_far,no_virializado,3,4.5,7,7,4.421907458487416e-06,1.0,0.7,1.0,0.5,1.0,0.19999999999999996,1.0,0.09999999999999998,1.0,0.050000000000000044
CONTROL N=200,200,OOD_FAR_no_virializado_00,ood_far,no_virializado,4,6.0,6,6,7.426874109955361e-06,1.0,0.7,1.0,0.5,1.0,0.19999999999999996,1.0,0.09999999999999998,1.0,0.050000000000000044
CONTROL N=200,200,OOD_FAR_no_virializado_00,ood_far,no_virializado,5,7.5,1,2,0.0023783959121270472,1.0,0.7,1.0,0.5,1.0,0.19999999999999996,1.0,0.09999999999999998,1.0,0.050000000000000044
CONTROL N=200,200,OOD_FAR_no_virializado_00,ood_far,no_virializado,6,9.0,4,4,6.163341250560475e-05,1.0,0.7,1.0,0.5,1.0,0.19999999999999996,1.0,0.09999999999999998,1.0,0.050000000000000044
CONTROL N=200,200,OOD_FAR_no_virializado_00,ood_far,no_virializado,7,10.5,5,5,4.990428898672822e-05,1.0,0.7,1.0,0.5,1.0,0.19999999999999996,1.0,0.09999999999999998,1.0,0.050000000000000044
CONTROL N=200,200,OOD_FAR_no_virializado_00,ood_far,no_virializado,8,12.0,6,6,1.8330526042940963e-05,1.0,0.7,1.0,0.5,1.0,0.19999999999999996,1.0,0.09999999999999998,1.0,0.050000000000000044
CONTROL N=200,200,OOD_FAR_no_virializado_00,ood_far,no_virializado,9,13.5,6,6,3.06490369518768e-05,1.0,0.7,1.0,0.5,1.0,0.19999999999999996,1.0,0.09999999999999998,1.0,0.050000000000000044
CONTROL N=200,200,OOD_FAR_no_virializado_00,ood_far,no_virializado,10,15.0,6,6,3.2268156083331843e-05,1.0,0.7,1.0,0.5,1.0,0.19999999999999996,1.0,0.09999999999999998,1.0,0.050000000000000044
CONTROL N=200,200,OOD_FAR_no_virializado_01,ood_far,no_virializado,1,1.5,8,8,6.584136584985931e-07,1.0,0.7,1.0,0.5,1.0,0.19999999999999996,1.0,0.09999999999999998,1.0,0.050000000000000044
CONTROL N=200,200,OOD_FAR_no_virializado_01,ood_far,no_virializado,2,3.0,8,8,0.00033609965966556373,1.0,0.7,1.0,0.5,1.0,0.19999999999999996,1.0,0.09999999999999998,1.0,0.050000000000000044
CONTROL N=200,200,OOD_FAR_no_virializado_01,ood_far,no_virializado,3,4.5,7,7,0.0005159780025440037,1.0,0.7,1.0,0.5,1.0,0.19999999999999996,1.0,0.09999999999999998,1.0,0.050000000000000044
CONTROL N=200,200,OOD_FAR_no_virializado_01,ood_far,no_virializado,4,6.0,7,7,0.00018135469577885516,1.0,0.7,1.0,0.5,1.0,0.19999999999999996,1.0,0.09999999999999998,1.0,0.050000000000000044
CONTROL N=200,200,OOD_FAR_no_virializado_01,ood_far,no_virializado,5,7.5,6,6,2.6736641760677826e-05,1.0,0.7,1.0,0.5,1.0,0.19999999999999996,1.0,0.09999999999999998,1.0,0.050000000000000044
CONTROL N=200,200,OOD_FAR_no_virializado_01,ood_far,no_virializado,6,9.0,6,6,1.572245348903497e-05,1.0,0.7,1.0,0.5,1.0,0.19999999999999996,1.0,0.09999999999999998,1.0,0.050000000000000044
CONTROL N=200,200,OOD_FAR_no_virializado_01,ood_far,no_virializado,7,10.5,7,7,0.00015939947359507023,1.0,0.7,1.0,0.5,1.0,0.19999999999999996,1.0,0.09999999999999998,1.0,0.050000000000000044
CONTROL N=200,200,OOD_FAR_no_virializado_01,ood_far,no_virializado,8,12.0,7,7,0.00010337280403949186,1.0,0.7,1.0,0.5,1.0,0.19999999999999996,1.0,0.09999999999999998,1.0,0.050000000000000044
CONTROL N=200,200,OOD_FAR_no_virializado_01,ood_far,no_virializado,9,13.5,6,6,0.00031796901768378296,1.0,0.7,1.0,0.5,1.0,0.19999999999999996,1.0,0.09999999999999998,1.0,0.050000000000000044
CONTROL N=200,200,OOD_FAR_no_virializado_01,ood_far,no_virializado,10,15.0,4,4,0.00010402482974484902,1.0,0.7,1.0,0.5,1.0,0.19999999999999996,1.0,0.09999999999999998,1.0,0.050000000000000044
CONTROL N=200,200,OOD_FAR_no_virializado_02,ood_far,no_virializado,1,1.5,2,2,0.002391882971616902,0.0,0.3,0.68,0.18000000000000005,1.0,0.19999999999999996,1.0,0.09999999999999998,1.0,0.050000000000000044
CONTROL N=200,200,OOD_FAR_no_virializado_02,ood_far,no_virializado,2,3.0,1,2,0.0005352003370152023,1.0,0.7,1.0,0.5,1.0,0.19999999999999996,1.0,0.09999999999999998,1.0,0.050000000000000044
CONTROL N=200,200,OOD_FAR_no_virializado_02,ood_far,no_virializado,3,4.5,1,2,0.00043427084047475175,0.76,0.46,1.0,0.5,1.0,0.19999999999999996,1.0,0.09999999999999998,1.0,0.050000000000000044
CONTROL N=200,200,OOD_FAR_no_virializado_02,ood_far,no_virializado,4,6.0,1,2,0.00033486939818985143,0.72,0.42,1.0,0.5,1.0,0.19999999999999996,1.0,0.09999999999999998,1.0,0.050000000000000044
CONTROL N=200,200,OOD_FAR_no_virializado_02,ood_far,no_virializado,5,7.5,1,2,0.00027656856220022825,0.72,0.42,1.0,0.5,1.0,0.19999999999999996,1.0,0.09999999999999998,1.0,0.050000000000000044
CONTROL N=200,200,OOD_FAR_no_virializado_02,ood_far,no_virializado,6,9.0,2,2,0.0004887422451839502,0.08,0.21999999999999997,1.0,0.5,1.0,0.19999999999999996,1.0,0.09999999999999998,1.0,0.050000000000000044
CONTROL N=200,200,OOD_FAR_no_virializado_02,ood_far,no_virializado,7,10.5,2,2,0.00017833183433382756,0.92,0.6200000000000001,1.0,0.5,1.0,0.19999999999999996,1.0,0.09999999999999998,1.0,0.050000000000000044
CONTROL N=200,200,OOD_FAR_no_virializado_02,ood_far,no_virializado,8,12.0,1,2,0.00026972112790691217,1.0,0.7,1.0,0.5,1.0,0.19999999999999996,1.0,0.09999999999999998,1.0,0.050000000000000044
CONTROL N=200,200,OOD_FAR_no_virializado_02,ood_far,no_virializado,9,13.5,1,2,0.0002950608868033571,1.0,0.7,1.0,0.5,1.0,0.19999999999999996,1.0,0.09999999999999998,1.0,0.050000000000000044
CONTROL N=200,200,OOD_FAR_no_virializado_02,ood_far,no_virializado,10,15.0,1,2,0.0002977702482482125,1.0,0.7,1.0,0.5,1.0,0.19999999999999996,1.0,0.09999999999999998,1.0,0.050000000000000044
CONTROL N=200,200,OOD_FAR_no_virializado_03,ood_far,no_virializado,1,1.5,2,2,0.003424476624618211,0.52,0.22000000000000003,1.0,0.5,1.0,0.19999999999999996,1.0,0.09999999999999998,1.0,0.050000000000000044
CONTROL N=200,200,OOD_FAR_no_virializado_03,ood_far,no_virializado,2,3.0,4,4,0.00017645597389434516,1.0,0.7,1.0,0.5,1.0,0.19999999999999996,1.0,0.09999999999999998,1.0,0.050000000000000044
CONTROL N=200,200,OOD_FAR_no_virializado_03,ood_far,no_virializado,3,4.5,3,3,0.0008298894938995897,1.0,0.7,1.0,0.5,1.0,0.19999999999999996,1.0,0.09999999999999998,1.0,0.050000000000000044
CONTROL N=200,200,OOD_FAR_no_virializado_03,ood_far,no_virializado,4,6.0,2,2,0.0042190573014025245,1.0,0.7,1.0,0.5,1.0,0.19999999999999996,1.0,0.09999999999999998,1.0,0.050000000000000044
CONTROL N=200,200,OOD_FAR_no_virializado_03,ood_far,no_virializado,5,7.5,2,2,0.003926827783696017,0.96,0.6599999999999999,1.0,0.5,1.0,0.19999999999999996,1.0,0.09999999999999998,1.0,0.050000000000000044
CONTROL N=200,200,OOD_FAR_no_virializado_03,ood_far,no_virializado,6,9.0,2,2,0.0032875422270106807,1.0,0.7,1.0,0.5,1.0,0.19999999999999996,1.0,0.09999999999999998,1.0,0.050000000000000044
CONTROL N=200,200,OOD_FAR_no_virializado_03,ood_far,no_virializado,7,10.5,2,2,0.0026359697634591207,1.0,0.7,1.0,0.5,1.0,0.19999999999999996,1.0,0.09999999999999998,1.0,0.050000000000000044
CONTROL N=200,200,OOD_FAR_no_virializado_03,ood_far,no_virializado,8,12.0,1,2,0.0013189687821092853,0.96,0.6599999999999999,1.0,0.5,1.0,0.19999999999999996,1.0,0.09999999999999998,1.0,0.050000000000000044
CONTROL N=200,200,OOD_FAR_no_virializado_03,ood_far,no_virializado,9,13.5,1,2,0.001137887790066841,0.12,0.18,1.0,0.5,1.0,0.19999999999999996,1.0,0.09999999999999998,1.0,0.050000000000000044
CONTROL N=200,200,OOD_FAR_no_virializado_03,ood_far,no_virializado,10,15.0,2,2,0.00041962390345752027,0.08,0.21999999999999997,1.0,0.5,1.0,0.19999999999999996,1.0,0.09999999999999998,1.0,0.050000000000000044
